HIERARCHY
ROOT Hips
{
	OFFSET 0.00000 0.00000 0.00000
	CHANNELS 6 Xposition Yposition Zposition Zrotation Yrotation Xrotation 
	JOINT LHipJoint
	{
		OFFSET 0 0 0
		CHANNELS 3 Zrotation Yrotation Xrotation
		JOINT LeftUpLeg
		{
			OFFSET 1.57338 -1.94743 0.52196
			CHANNELS 3 Zrotation Yrotation Xrotation
			JOINT LeftLeg
			{
				OFFSET 2.60333 -7.15259 0.00000
				CHANNELS 3 Zrotation Yrotation Xrotation
				JOINT LeftFoot
				{
					OFFSET 2.77855 -7.63400 0.00000
					CHANNELS 3 Zrotation Yrotation Xrotation
					JOINT LeftToeBase
					{
						OFFSET 0.19847 -0.54529 2.28466
						CHANNELS 3 Zrotation Yrotation Xrotation
						End Site
						{
							OFFSET 0.00000 -0.00000 1.17993
						}
					}
				}
			}
		}
	}
	JOINT RHipJoint
	{
		OFFSET 0 0 0
		CHANNELS 3 Zrotation Yrotation Xrotation
		JOINT RightUpLeg
		{
			OFFSET -1.61527 -1.94743 0.52196
			CHANNELS 3 Zrotation Yrotation Xrotation
			JOINT RightLeg
			{
				OFFSET -2.53829 -6.97390 0.00000
				CHANNELS 3 Zrotation Yrotation Xrotation
				JOINT RightFoot
				{
					OFFSET -2.80762 -7.71387 0.00000
					CHANNELS 3 Zrotation Yrotation Xrotation
					JOINT RightToeBase
					{
						OFFSET -0.30536 -0.83898 2.28801
						CHANNELS 3 Zrotation Yrotation Xrotation
						End Site
						{
							OFFSET -0.00000 -0.00000 1.21323
						}
					}
				}
			}
		}
	}
	JOINT LowerBack
	{
		OFFSET 0 0 0
		CHANNELS 3 Zrotation Yrotation Xrotation
		JOINT Spine
		{
			OFFSET -0.04381 1.99497 -0.19778
			CHANNELS 3 Zrotation Yrotation Xrotation
			JOINT Spine1
			{
				OFFSET -0.01959 2.01295 -0.04372
				CHANNELS 3 Zrotation Yrotation Xrotation
				JOINT Neck
				{
					OFFSET 0 0 0
					CHANNELS 3 Zrotation Yrotation Xrotation
					JOINT Neck1
					{
						OFFSET -0.05459 1.76913 0.09708
						CHANNELS 3 Zrotation Yrotation Xrotation
						JOINT Head
						{
							OFFSET 0.09461 1.77368 -0.11172
							CHANNELS 3 Zrotation Yrotation Xrotation
							End Site
							{
								OFFSET 0.03812 1.78157 -0.04834
							}
						}
					}
				}
				JOINT LeftShoulder
				{
					OFFSET 0 0 0
					CHANNELS 3 Zrotation Yrotation Xrotation
					JOINT LeftArm
					{
						OFFSET 3.50922 1.24034 -0.28866
						CHANNELS 3 Zrotation Yrotation Xrotation
						JOINT LeftForeArm
						{
							OFFSET 5.40188 -0.00000 0.00000
							CHANNELS 3 Zrotation Yrotation Xrotation
							JOINT LeftHand
							{
								OFFSET 3.68559 -0.00000 0.00000
								CHANNELS 3 Zrotation Yrotation Xrotation
								JOINT LeftFingerBase
								{
									OFFSET 0 0 0
									CHANNELS 3 Zrotation Yrotation Xrotation
									JOINT LeftHandIndex1
									{
										OFFSET 0.61753 -0.00000 0.00000
										CHANNELS 3 Zrotation Yrotation Xrotation
										End Site
										{
											OFFSET 0.49787 -0.00000 0.00000
										}
									}
								}
								JOINT LThumb
								{
									OFFSET 0 0 0
									CHANNELS 3 Zrotation Yrotation Xrotation
									End Site
									{
										OFFSET 0.50547 -0.00000 0.50547
									}
								}
							}
						}
					}
				}
				JOINT RightShoulder
				{
					OFFSET 0 0 0
					CHANNELS 3 Zrotation Yrotation Xrotation
					JOINT RightArm
					{
						OFFSET -2.95373 1.39649 -0.27346
						CHANNELS 3 Zrotation Yrotation Xrotation
						JOINT RightForeArm
						{
							OFFSET -6.10670 -0.00000 -0.00000
							CHANNELS 3 Zrotation Yrotation Xrotation
							JOINT RightHand
							{
								OFFSET -3.63052 -0.00000 0.00000
								CHANNELS 3 Zrotation Yrotation Xrotation
								JOINT RightFingerBase
								{
									OFFSET 0 0 0
									CHANNELS 3 Zrotation Yrotation Xrotation
									JOINT RightHandIndex1
									{
										OFFSET -0.58385 -0.00000 0.00000
										CHANNELS 3 Zrotation Yrotation Xrotation
										End Site
										{
											OFFSET -0.47071 -0.00000 0.00000
										}
									}
								}
								JOINT RThumb
								{
									OFFSET 0 0 0
									CHANNELS 3 Zrotation Yrotation Xrotation
									End Site
									{
										OFFSET -0.47790 -0.00000 0.47790
									}
								}
							}
						}
					}
				}
			}
		}
	}
}
MOTION
Frames: 240
Frame Time: 0.033333
3.62 17.53 1.89 187.40 -127.27 -179.12 0.00 0.00 0.00 -1.55 1.39 -24.71 9.36 17.03 57.32 0.27 -4.08 12.22 1.01 -6.39 -17.91 0.00 0.00 0.00 1.92 15.67 -10.16 -7.15 -15.46 49.43 -1.65 -1.13 -24.69 -3.12 10.89 -31.90 -0.55 0.56 12.10 1.60 0.66 3.42 1.87 0.30 -3.23 -0.52 9.39 -1.39 -6.81 12.65 1.04 -1.84 6.26 0.99 0.00 0.00 0.00 -72.91 -27.28 25.59 156.16 -35.00 -112.38 -0.00 0.00 -8.68 26.93 10.53 5.31 -7.12 0.00 -0.00 -0.11 41.76 0.01 0.00 0.00 0.00 77.50 26.04 46.19 -153.01 38.17 -110.51 0.00 -0.00 -16.03 -26.93 11.26 -5.66 7.12 -0.00 -0.00 0.14 -17.39 0.09
3.77 17.81 2.15 188.82 -125.58 -179.93 0.00 0.00 0.00 -2.05 1.61 -31.23 11.19 18.03 63.41 1.10 -2.75 20.98 0.37 -3.92 -10.84 0.00 0.00 0.00 -2.90 17.03 -14.04 -7.65 -15.86 51.29 -0.38 3.42 -10.99 -2.56 9.94 -28.79 1.00 0.85 14.51 1.80 1.24 4.04 1.11 0.56 -3.88 -0.18 9.39 -2.96 -8.56 12.68 0.17 -2.38 6.25 1.14 0.00 -0.00 0.00 -73.42 -29.03 25.90 157.16 -33.92 -112.95 -0.00 0.00 -6.58 27.24 10.76 5.49 -7.12 0.00 -0.00 0.14 42.05 -0.01 0.00 -0.00 0.00 74.56 22.60 44.91 -152.20 38.93 -110.00 0.00 -0.00 -15.05 -25.69 9.72 -4.64 7.12 -0.00 -0.00 0.92 -19.22 0.56
3.93 17.98 2.43 193.91 -120.37 -184.64 0.00 0.00 0.00 -4.82 4.65 -35.21 12.43 18.56 67.33 0.50 1.85 12.80 0.51 -4.57 -12.69 0.00 0.00 0.00 -9.61 22.96 -19.11 -8.41 -16.41 54.03 0.05 4.45 -0.30 -1.90 8.65 -24.70 0.04 2.09 17.78 1.02 2.62 5.14 0.51 1.21 -4.49 0.55 9.95 -4.39 -10.40 13.42 -0.70 -3.01 6.60 1.35 0.00 -0.00 0.00 -71.66 -30.63 22.95 158.03 -32.94 -113.43 -0.00 0.00 -7.60 27.26 10.45 5.34 -7.12 0.00 -0.00 0.19 41.70 -0.02 0.00 -0.00 0.00 73.13 20.19 45.74 -147.62 42.85 -107.00 0.00 -0.00 -13.81 -26.29 9.12 -4.48 7.12 -0.00 -0.00 0.46 -19.83 0.27
3.95 17.96 2.70 202.46 -117.34 -192.45 0.00 0.00 0.00 -8.35 6.55 -37.84 12.32 18.52 67.01 -0.01 5.82 3.73 0.18 -2.74 -7.57 0.00 0.00 0.00 -15.27 28.05 -20.57 -7.96 -16.09 52.41 -0.09 0.95 -5.53 -1.38 7.43 -21.01 -3.32 2.58 19.14 -0.26 2.49 6.02 1.05 1.12 -4.34 0.84 11.06 -4.04 -11.76 14.79 -2.20 -3.51 7.33 1.03 0.00 -0.00 0.00 -67.05 -31.28 16.63 158.76 -32.11 -113.82 -0.00 0.00 -11.28 27.13 11.59 5.88 -7.12 0.00 -0.00 -0.03 42.96 0.00 0.00 -0.00 0.00 73.16 18.24 48.57 -139.11 48.59 -100.90 0.00 -0.00 -12.11 -26.73 9.54 -4.77 7.12 -0.00 -0.00 0.17 -19.32 0.10
3.79 17.72 2.94 201.41 -118.13 -190.63 0.00 0.00 0.00 -6.82 4.49 -40.77 11.22 18.04 63.51 -0.05 3.99 -0.05 0.34 -3.76 -10.41 0.00 0.00 0.00 -13.63 29.57 -17.30 -7.06 -15.38 49.10 -0.63 -1.43 -15.63 -2.11 9.09 -26.08 -4.20 1.80 17.92 -0.20 1.40 5.97 1.89 0.58 -3.72 0.63 11.93 -5.20 -11.52 16.20 -0.19 -3.18 7.92 1.94 0.00 -0.00 0.00 -63.93 -31.54 12.63 157.90 -33.09 -113.36 -0.00 0.00 -11.39 27.88 11.31 5.92 -7.12 0.00 -0.00 0.68 42.72 -0.04 0.00 -0.00 0.00 73.54 14.90 50.64 -127.62 53.91 -91.91 0.00 -0.00 -10.27 -26.38 9.66 -4.76 7.12 -0.00 -0.00 0.43 -19.22 0.26
3.55 17.32 3.18 192.08 -120.76 -181.78 0.00 0.00 0.00 -1.16 2.24 -43.71 9.65 17.21 58.31 -0.06 -4.26 2.46 0.60 -4.95 -13.78 0.00 0.00 0.00 -6.29 27.76 -12.04 -7.06 -15.38 49.09 -1.54 -5.35 -25.87 -2.74 10.27 -29.85 -1.86 0.89 16.26 0.70 0.73 5.41 1.65 0.28 -3.38 0.13 11.88 -5.91 -10.87 16.21 0.49 -2.83 7.88 2.18 0.00 -0.00 0.00 -62.71 -32.40 12.03 156.26 -34.89 -112.44 -0.00 0.00 -11.36 26.95 11.61 5.84 -7.12 0.00 -0.00 -0.20 42.96 0.01 0.00 -0.00 0.00 72.72 7.22 49.55 -124.42 55.01 -89.31 0.00 -0.00 -8.37 -24.95 10.54 -4.86 7.12 -0.00 -0.00 1.48 -18.39 0.94
3.32 16.89 3.49 186.30 -124.93 -178.56 0.00 0.00 0.00 0.76 0.51 -44.59 8.17 16.24 53.16 -0.34 -10.95 8.07 0.95 -6.21 -17.40 0.00 0.00 0.00 -1.30 25.98 -6.28 -7.36 -15.63 50.22 -1.82 -5.32 -27.88 -3.81 11.91 -35.40 -0.87 0.23 16.97 1.37 0.07 5.06 1.93 -0.03 -4.10 -1.57 12.06 -7.33 -9.79 16.64 1.40 -2.08 8.02 2.48 0.00 0.00 0.00 -63.77 -32.97 13.07 155.66 -35.53 -112.09 -0.00 0.00 -12.08 26.63 12.36 6.12 -7.12 0.00 -0.00 -0.57 43.75 0.02 0.00 0.00 0.00 70.33 -2.38 47.89 -130.01 52.99 -93.84 0.00 -0.00 -8.63 -23.09 11.17 -4.72 7.12 -0.00 -0.00 2.83 -17.87 1.83
2.99 16.56 3.93 181.73 -132.97 -177.22 0.00 0.00 0.00 0.43 -3.23 -45.90 8.86 16.72 55.61 -0.12 -6.48 -0.22 0.28 -3.40 -9.40 0.00 0.00 0.00 3.78 22.86 -0.21 -8.47 -16.46 54.25 -1.23 -3.59 -22.49 -4.04 12.21 -36.49 -0.45 -0.88 15.82 2.14 -1.25 4.85 2.74 -0.68 -3.65 -3.04 11.64 -7.30 -7.77 16.20 2.67 -1.23 7.79 2.54 -0.00 0.00 0.00 -67.95 -34.11 17.05 155.07 -36.14 -111.75 -0.00 0.00 -12.82 25.48 12.46 5.87 -7.12 0.00 -0.00 -1.63 43.73 0.05 -0.00 0.00 0.00 67.23 -10.99 44.38 -135.05 50.74 -97.80 0.00 -0.00 -6.99 -21.03 12.49 -4.75 7.12 -0.00 -0.00 4.31 -16.65 2.90
2.49 16.32 4.34 180.29 -146.30 -178.40 0.00 0.00 0.00 0.17 -12.28 -45.89 9.96 17.39 59.36 -0.07 -7.69 -3.75 0.43 -4.19 -11.61 0.00 0.00 0.00 9.65 17.73 6.17 -9.40 -17.06 57.47 -0.12 -3.46 -8.83 -2.43 9.70 -28.02 -2.99 -1.82 13.68 1.90 -2.79 4.39 4.12 -1.43 -2.79 -4.19 10.44 -7.18 -2.81 14.57 5.68 0.47 7.03 2.97 0.00 -0.00 0.00 -73.23 -37.06 24.08 153.34 -37.85 -110.71 -0.00 0.00 -12.11 24.89 13.18 6.04 -7.12 0.00 -0.00 -2.27 44.44 0.03 0.00 -0.00 0.00 65.69 -18.21 36.47 -140.46 47.80 -101.90 0.00 -0.00 -5.14 -17.36 13.41 -4.15 7.12 -0.00 -0.00 6.87 -16.03 4.74
1.88 16.12 4.60 177.39 -160.64 -177.98 0.00 0.00 0.00 6.04 -23.63 -47.13 10.19 17.51 60.11 -0.66 -14.57 1.78 0.14 -2.42 -6.67 0.00 0.00 0.00 19.24 12.05 10.37 -9.31 -17.00 57.16 -0.04 -0.53 -3.77 -2.23 9.33 -26.83 -4.89 -1.38 12.88 1.16 -2.43 3.34 4.35 -1.20 -3.44 -6.95 7.58 -7.25 5.23 10.41 9.81 3.17 5.16 3.46 0.00 -0.00 0.00 -76.27 -40.65 31.33 150.80 -40.19 -109.11 -0.00 0.00 -17.71 24.63 13.83 6.25 -7.12 0.00 -0.00 -2.61 45.12 -0.01 0.00 -0.00 0.00 63.96 -21.50 24.44 -145.54 44.42 -105.57 0.00 -0.00 -7.71 -14.78 13.53 -3.53 7.12 -0.00 -0.00 8.64 -16.10 5.98
1.33 16.16 4.70 176.79 -173.21 -176.02 0.00 0.00 0.00 8.83 -29.34 -52.28 9.78 17.29 58.76 -0.90 -16.64 8.02 0.09 -1.97 -5.42 0.00 0.00 0.00 24.42 6.07 7.94 -8.88 -16.73 55.66 -0.09 2.05 -5.28 -1.84 8.53 -24.34 -6.38 0.31 12.50 -1.46 -0.49 2.57 2.15 -0.18 -4.27 -10.02 3.79 -5.61 12.54 4.90 8.93 5.67 2.67 2.97 0.00 -0.00 0.00 -73.87 -45.91 34.26 148.04 -42.52 -107.29 -0.00 0.00 -18.72 24.64 14.66 6.62 -7.12 0.00 -0.00 -2.73 46.02 -0.07 0.00 -0.00 0.00 57.28 -16.81 10.73 -147.32 43.09 -106.79 0.00 -0.00 -9.91 -12.82 11.67 -2.64 7.12 -0.00 -0.00 10.02 -18.12 6.51
0.88 16.33 4.67 177.84 -180.80 -173.47 0.00 0.00 0.00 7.97 -29.66 -55.64 8.56 16.51 54.54 -0.70 -15.93 12.74 0.02 -0.93 -2.55 0.00 0.00 0.00 25.39 1.66 3.66 -8.20 -16.27 53.29 -0.60 0.94 -14.30 -1.39 7.46 -21.08 -6.69 2.78 12.12 -4.52 2.62 2.71 -1.38 1.34 -4.03 -12.05 1.94 -1.82 15.72 2.22 6.21 6.86 1.25 1.77 0.00 -0.00 0.00 -66.84 -50.81 29.16 144.44 -45.20 -104.79 -0.00 0.00 -18.48 24.72 13.63 6.19 -7.12 0.00 -0.00 -2.50 44.91 0.01 0.00 -0.00 0.00 41.50 -6.29 -0.07 -141.87 46.92 -102.94 0.00 -0.00 -10.41 -11.39 11.04 -2.21 7.12 -0.00 -0.00 11.04 -18.83 7.01
0.51 16.57 4.55 178.30 -186.31 -171.21 0.00 0.00 0.00 7.27 -29.16 -57.07 7.03 15.36 48.99 -0.15 -14.11 18.19 0.02 0.84 2.31 0.00 0.00 0.00 26.21 -1.65 -0.19 -7.58 -15.80 51.03 -1.04 -5.18 -21.76 -0.60 4.95 -13.76 -4.22 4.29 12.13 -6.69 4.91 3.41 -5.37 2.47 -2.95 -12.88 1.33 1.65 15.28 1.16 5.49 6.81 0.57 1.13 0.00 0.00 0.00 -60.01 -52.08 21.36 141.00 -47.47 -102.30 -0.00 0.00 -22.21 23.50 13.62 5.85 -7.12 0.00 -0.00 -3.62 44.75 0.02 0.00 0.00 0.00 20.67 8.38 -9.21 -115.78 57.33 -82.12 0.00 -0.00 -7.75 -9.80 10.05 -1.73 7.12 -0.00 -0.00 12.20 -19.89 7.49
0.16 16.83 4.43 179.11 -190.62 -170.24 0.00 0.00 0.00 4.72 -28.85 -56.49 5.98 14.40 44.88 0.36 -10.11 19.08 0.07 1.68 4.62 0.00 0.00 0.00 26.31 -3.74 -1.67 -6.64 -15.02 47.50 -1.31 -19.56 -35.97 -0.00 -0.42 1.16 -2.65 5.46 13.87 -7.55 6.55 3.83 -7.58 3.31 -3.06 -11.92 0.76 3.07 14.52 0.08 8.08 6.43 0.02 1.80 -0.00 0.00 0.00 -59.00 -49.89 20.58 138.69 -48.83 -100.58 -0.00 0.00 -21.39 25.06 12.40 5.74 -7.12 0.00 -0.00 -2.00 43.62 0.07 -0.00 0.00 0.00 1.00 20.32 -16.30 -55.30 54.92 -30.46 0.00 -0.00 -10.74 -14.71 9.35 -2.44 7.12 -0.00 -0.00 8.75 -20.37 5.22
-0.13 16.95 4.41 180.08 -195.85 -169.28 0.00 0.00 0.00 1.20 -30.07 -55.74 5.70 14.13 43.75 0.26 -6.99 14.59 0.06 -1.55 -4.26 0.00 0.00 0.00 25.17 -4.46 -1.85 -5.38 -13.80 42.45 -2.16 -22.99 -43.31 -0.00 0.02 -0.06 -2.18 6.45 14.16 -7.03 7.97 4.35 -7.48 4.04 -2.52 -10.52 -0.36 3.68 15.02 -1.65 10.36 6.37 -0.75 2.59 -0.00 0.00 0.00 -61.96 -46.64 25.82 139.93 -48.11 -101.51 -0.00 0.00 -20.10 22.85 12.41 5.18 -7.12 0.00 -0.00 -4.02 43.38 0.16 -0.00 0.00 0.00 -12.88 26.94 -24.72 -23.54 34.68 -7.45 0.00 -0.00 -1.71 -16.00 9.24 -2.64 7.12 -0.00 -0.00 7.83 -20.41 4.65
-0.39 16.89 4.39 179.02 -200.38 -169.13 0.00 0.00 0.00 0.52 -30.87 -56.14 5.87 14.31 44.48 0.09 -5.32 10.02 0.11 -2.17 -5.97 0.00 0.00 0.00 24.85 -2.80 -2.95 -5.35 -13.77 42.32 -2.42 -18.68 -40.66 -0.00 0.35 -0.95 -0.35 6.50 15.16 -6.43 8.28 4.20 -8.05 4.19 -3.01 -8.57 -0.86 3.01 16.13 -2.40 11.13 6.38 -0.95 3.00 -0.00 0.00 0.00 -62.48 -42.72 29.45 143.35 -45.95 -104.01 -0.00 0.00 -16.77 21.37 12.34 4.78 -7.12 0.00 -0.00 -5.34 43.14 0.25 -0.00 0.00 0.00 -15.87 32.09 -38.40 -16.73 26.50 -3.96 0.00 0.00 5.15 -15.36 9.28 -2.54 7.12 -0.00 -0.00 8.29 -20.41 4.93
-0.63 16.73 4.37 176.97 -203.28 -170.67 0.00 0.00 0.00 0.25 -30.11 -55.82 6.04 14.47 45.16 -0.04 -5.74 6.77 0.05 -1.51 -4.15 0.00 0.00 0.00 24.22 -0.88 -3.90 -6.34 -14.75 46.35 -2.44 -14.36 -37.36 -0.29 3.49 -9.65 0.30 6.33 16.05 -5.59 8.16 4.32 -7.60 4.10 -3.42 -6.24 -0.74 1.51 16.64 -2.32 12.04 6.15 -0.70 3.50 -0.00 0.00 0.00 -62.14 -38.70 29.68 148.04 -42.52 -107.28 -0.00 0.00 -16.31 20.21 12.77 4.65 -7.12 0.00 -0.00 -6.47 43.47 0.25 -0.00 0.00 0.00 -10.53 34.07 -36.82 -24.05 35.22 -7.74 0.00 -0.00 -5.02 -16.74 9.36 -2.80 7.12 -0.00 -0.00 7.30 -20.26 4.36
-0.87 16.52 4.35 174.58 -205.49 -173.28 0.00 0.00 0.00 2.58 -30.27 -56.86 6.75 15.12 47.93 -0.11 -7.21 7.07 0.05 -1.46 -4.01 0.00 0.00 0.00 23.18 -0.67 -4.69 -7.13 -15.44 49.35 -2.74 -11.04 -36.64 -1.17 6.87 -19.34 -0.18 6.05 16.24 -3.85 7.79 4.91 -5.40 3.91 -3.26 -6.09 -0.40 1.47 16.79 -1.85 11.92 6.18 -0.46 3.41 -0.00 0.00 0.00 -63.00 -35.48 27.97 152.00 -39.12 -109.87 -0.00 0.00 -18.02 20.17 13.47 4.89 -7.12 0.00 -0.00 -6.64 44.19 0.13 -0.00 0.00 0.00 -4.82 35.96 -31.03 -32.74 43.13 -13.25 0.00 -0.00 -2.88 -17.51 10.73 -3.36 7.12 -0.00 -0.00 6.75 -18.79 4.24
-1.04 16.31 4.32 171.72 -204.11 -177.08 0.00 0.00 0.00 4.59 -27.55 -56.44 7.65 15.86 51.29 -0.18 -8.34 6.87 0.04 -1.34 -3.69 0.00 0.00 0.00 22.56 -0.15 -3.65 -8.08 -16.18 52.85 -2.71 -1.28 -31.62 -2.15 9.18 -26.35 -0.15 6.43 16.53 -2.74 8.35 5.56 -4.34 4.19 -2.84 -5.45 0.01 1.49 16.72 -1.40 12.81 6.07 -0.17 3.62 -0.00 -0.00 0.00 -63.10 -32.73 26.43 154.31 -36.91 -111.30 -0.00 0.00 -19.00 19.39 13.78 4.79 -7.12 0.00 -0.00 -7.42 44.43 0.11 -0.00 -0.00 0.00 3.17 37.56 -25.06 -42.90 49.70 -20.62 0.00 -0.00 -2.80 -18.69 10.53 -3.54 7.12 -0.00 -0.00 5.91 -18.91 3.69
-1.08 16.31 4.31 171.19 -200.74 -179.65 0.00 0.00 0.00 4.45 -25.35 -53.24 7.80 15.97 51.82 -0.17 -7.71 5.80 0.11 -2.13 -5.88 0.00 0.00 0.00 21.13 1.43 -0.63 -8.04 -16.15 52.71 -2.34 5.00 -27.84 -2.35 9.56 -27.56 -1.71 7.15 15.30 -1.73 9.14 6.24 -2.37 4.57 -1.84 -5.95 0.71 3.39 16.67 -0.54 13.64 6.18 0.18 3.43 -0.00 0.00 0.00 -66.02 -28.61 28.71 155.46 -35.73 -111.98 -0.00 0.00 -17.82 18.93 12.97 4.40 -7.12 0.00 -0.00 -7.66 43.53 0.28 -0.00 0.00 0.00 13.33 38.48 -17.04 -57.49 55.60 -32.26 0.00 -0.00 -2.82 -18.75 9.84 -3.32 7.12 -0.00 -0.00 5.87 -19.63 3.57
-1.02 16.52 4.21 171.49 -196.48 -180.06 0.00 0.00 0.00 4.22 -23.66 -49.62 7.07 15.39 49.14 -0.06 -5.16 5.03 0.17 -2.66 -7.33 0.00 0.00 0.00 20.31 3.51 0.64 -7.54 -15.77 50.90 -2.13 4.18 -26.61 -2.54 9.92 -28.71 -1.39 7.50 14.48 -2.39 9.64 5.83 -3.21 4.82 -1.66 -5.44 1.66 5.00 16.92 0.51 15.57 6.22 0.74 3.61 -0.00 -0.00 0.00 -68.63 -23.76 32.27 156.39 -34.75 -112.52 -0.00 0.00 -16.35 18.84 11.86 4.01 -7.12 0.00 -0.00 -7.53 42.37 0.49 -0.00 -0.00 0.00 28.12 37.33 -7.15 -76.25 59.27 -48.12 0.00 -0.00 -2.16 -20.99 9.26 -3.53 7.12 -0.00 -0.00 4.26 -20.09 2.54
-0.91 16.98 4.06 172.56 -191.77 -178.83 0.00 0.00 0.00 3.24 -21.90 -44.95 5.30 13.71 42.11 0.08 -0.33 5.62 0.06 -1.56 -4.29 0.00 0.00 0.00 19.06 6.52 0.67 -6.67 -15.05 47.62 -1.58 0.36 -23.67 -2.10 9.07 -26.01 -0.75 7.73 14.03 -3.39 9.99 5.04 -4.64 5.01 -1.94 -4.70 2.71 4.88 15.80 1.70 19.32 5.86 1.45 4.67 0.00 -0.00 0.00 -72.42 -19.15 35.54 157.25 -33.81 -113.00 -0.00 0.00 -14.61 18.27 11.52 3.77 -7.12 0.00 -0.00 -7.96 41.96 0.60 0.00 -0.00 0.00 42.30 33.46 3.56 -94.86 59.91 -64.21 0.00 -0.00 -1.71 -23.33 10.52 -4.50 7.12 -0.00 -0.00 2.63 -18.56 1.66
-0.75 17.55 3.83 173.82 -187.29 -176.40 0.00 0.00 0.00 2.94 -20.92 -40.48 3.27 11.12 32.69 0.17 6.37 8.07 0.02 0.84 2.32 0.00 0.00 0.00 16.92 9.77 -1.01 -5.69 -14.12 43.74 -0.90 -3.28 -19.41 -1.81 8.47 -24.15 -0.25 7.17 14.17 -4.19 9.24 4.25 -5.71 4.62 -2.69 -5.44 4.19 3.36 14.11 3.72 21.99 5.60 2.39 5.57 0.00 -0.00 0.00 -75.65 -16.36 34.50 158.21 -32.73 -113.53 -0.00 0.00 -13.78 18.76 11.09 3.74 -7.12 0.00 -0.00 -7.45 41.56 0.64 0.00 -0.00 0.00 53.64 29.03 13.58 -107.59 58.80 -75.17 0.00 -0.00 -1.46 -21.54 8.19 -3.22 7.12 -0.00 -0.00 3.84 -21.20 2.20
-0.56 18.05 3.57 174.89 -182.41 -173.87 0.00 0.00 0.00 5.10 -22.64 -36.97 2.28 9.43 27.16 0.21 7.98 9.21 0.03 1.15 3.16 0.00 0.00 0.00 14.02 12.42 -4.71 -5.14 -13.54 41.42 -0.28 -7.15 -15.11 -1.22 7.00 -19.70 1.19 6.64 14.59 -5.26 8.68 3.70 -7.66 4.33 -3.15 -4.93 5.32 1.01 11.22 5.67 23.18 4.73 3.22 6.31 0.00 -0.00 0.00 -76.23 -16.32 31.83 159.44 -31.31 -114.18 -0.00 0.00 -15.47 19.27 11.10 3.85 -7.12 0.00 -0.00 -7.00 41.62 0.59 0.00 -0.00 0.00 62.18 23.66 20.23 -113.03 57.90 -79.80 0.00 -0.00 -1.84 -22.52 8.49 -3.50 7.12 -0.00 -0.00 3.15 -20.81 1.83
-0.35 18.29 3.30 176.17 -176.69 -171.89 0.00 0.00 0.00 4.08 -20.28 -37.55 3.45 11.39 33.61 0.39 -1.91 12.66 0.00 -0.01 -0.03 0.00 0.00 0.00 10.64 14.48 -9.92 -5.40 -13.82 42.54 0.03 -12.95 -18.07 -0.34 3.74 -10.33 -0.17 5.98 14.50 -4.71 7.61 4.10 -6.12 3.79 -3.08 -5.76 6.81 -3.59 7.03 8.68 23.89 3.86 4.28 7.30 0.00 -0.00 0.00 -76.40 -17.75 26.72 161.09 -29.31 -115.01 -0.00 0.00 -16.10 19.88 11.04 3.96 -7.12 0.00 -0.00 -6.45 41.62 0.54 0.00 -0.00 0.00 64.65 21.32 24.50 -112.48 58.00 -79.34 0.00 -0.00 -2.97 -23.95 8.30 -3.67 7.12 -0.00 -0.00 2.11 -20.91 1.22
-0.16 18.33 3.02 177.32 -171.38 -171.50 0.00 0.00 0.00 0.92 -14.92 -39.26 6.56 14.95 47.18 0.06 -7.41 11.73 0.05 -1.41 -3.89 0.00 0.00 0.00 8.27 16.72 -14.13 -6.28 -14.70 46.10 -0.52 -12.82 -23.65 -0.27 3.32 -9.17 -0.84 5.24 15.37 -4.53 6.50 4.40 -5.47 3.22 -3.44 -5.30 8.14 -6.41 3.99 11.21 23.45 3.09 5.22 7.74 0.00 -0.00 0.00 -72.79 -19.85 21.34 161.99 -28.17 -115.45 -0.00 0.00 -18.28 19.81 11.61 4.15 -7.12 0.00 -0.00 -6.61 42.20 0.46 0.00 -0.00 0.00 66.12 19.59 26.60 -110.79 58.30 -77.90 0.00 -0.00 -3.60 -24.80 8.43 -3.88 7.12 -0.00 -0.00 1.49 -20.71 0.87
0.03 18.18 2.78 179.16 -167.15 -173.15 0.00 0.00 0.00 -3.44 -10.48 -37.99 10.07 17.45 59.71 -0.20 -9.98 10.17 0.25 -3.24 -8.95 0.00 0.00 0.00 6.71 19.13 -13.54 -7.04 -15.37 49.03 -0.78 -6.04 -19.92 -0.56 4.81 -13.36 -2.57 4.47 16.38 -3.87 5.19 4.57 -3.66 2.55 -4.13 -4.47 9.18 -5.36 1.51 12.89 22.01 2.17 5.90 7.25 0.00 0.00 0.00 -68.57 -21.05 17.51 161.63 -28.63 -115.27 -0.00 0.00 -21.21 20.21 13.22 4.81 -7.12 0.00 -0.00 -6.56 43.93 0.17 0.00 0.00 0.00 66.62 17.81 28.25 -111.51 58.18 -78.52 0.00 -0.00 -4.02 -24.90 7.93 -3.66 7.12 -0.00 -0.00 1.41 -21.25 0.80
0.13 17.83 2.72 179.28 -164.22 -174.48 0.00 0.00 0.00 -5.53 -8.99 -32.03 10.70 17.78 61.80 -0.65 -14.13 5.13 0.95 -6.20 -17.35 0.00 0.00 0.00 9.10 21.03 -8.87 -6.82 -15.18 48.18 -1.15 -1.25 -20.74 -1.99 8.84 -25.31 -2.91 3.76 15.27 -2.76 4.33 4.69 -2.05 2.13 -3.55 -4.34 9.19 -5.29 0.84 13.02 22.44 1.96 5.89 7.44 0.00 -0.00 0.00 -65.64 -22.36 15.98 159.49 -31.25 -114.21 -0.00 0.00 -19.93 20.66 13.93 5.19 -7.12 0.00 -0.00 -6.29 44.74 0.04 0.00 -0.00 0.00 67.73 15.45 28.60 -115.75 57.34 -82.10 0.00 -0.00 -4.49 -25.59 8.00 -3.81 7.12 -0.00 -0.00 0.91 -21.13 0.52
0.21 17.48 2.73 179.71 -163.61 -173.45 0.00 0.00 0.00 -7.45 -10.46 -26.84 8.79 16.67 55.36 -0.47 -19.12 -8.88 0.11 -2.10 -5.77 0.00 0.00 0.00 9.91 19.12 -7.93 -6.51 -14.91 47.01 -2.32 -8.44 -32.77 -1.68 8.16 -23.21 -2.11 2.31 12.21 -2.42 2.68 3.56 -1.73 1.32 -3.08 -4.82 8.60 -5.11 1.27 12.17 22.78 2.12 5.47 7.48 0.00 -0.00 0.00 -64.42 -21.18 15.43 158.21 -32.74 -113.53 -0.00 0.00 -18.85 19.78 13.93 4.95 -7.12 0.00 -0.00 -7.09 44.62 0.07 0.00 -0.00 0.00 68.96 12.62 29.58 -122.83 55.51 -88.00 0.00 -0.00 -5.54 -24.73 7.59 -3.48 7.12 -0.00 -0.00 1.51 -21.64 0.85
0.31 17.45 2.61 181.05 -163.22 -173.43 0.00 0.00 0.00 -9.95 -13.45 -24.58 7.83 15.99 51.95 0.32 -16.64 -14.70 0.00 -0.20 -0.54 0.00 0.00 0.00 7.61 19.37 -10.47 -7.09 -15.41 49.23 -2.23 -8.39 -32.19 -1.87 8.59 -24.52 -2.52 1.72 12.88 -2.06 1.82 3.23 -1.02 0.90 -3.84 -6.08 7.13 -5.98 0.78 10.39 20.66 2.01 4.55 6.95 0.00 -0.00 0.00 -67.23 -21.86 17.79 157.91 -33.07 -113.37 -0.00 0.00 -18.23 20.33 13.89 5.08 -7.12 0.00 -0.00 -6.58 44.65 0.06 0.00 -0.00 0.00 69.01 9.91 29.39 -130.82 52.66 -94.48 0.00 -0.00 -5.75 -26.39 8.33 -4.11 7.12 -0.00 -0.00 0.35 -20.70 0.20
0.34 17.68 2.36 182.07 -164.28 -174.02 0.00 0.00 0.00 -11.24 -16.17 -22.85 6.95 15.29 48.69 0.54 -12.95 -14.92 0.11 -2.16 -5.95 0.00 0.00 0.00 4.48 20.06 -16.56 -9.15 -16.90 56.61 -0.66 -8.12 -20.43 -1.87 8.58 -24.50 -3.28 1.63 14.99 -1.77 1.53 4.06 -0.29 0.76 -4.13 -7.42 4.80 -5.90 1.53 7.13 16.89 2.15 3.09 5.77 -0.00 -0.00 0.00 -72.25 -23.74 23.27 157.03 -34.06 -112.88 -0.00 0.00 -17.89 22.11 12.91 5.19 -7.12 0.00 -0.00 -4.77 43.83 0.14 -0.00 -0.00 0.00 70.05 5.81 27.70 -135.09 50.73 -97.83 0.00 -0.00 -5.46 -27.29 7.86 -4.04 7.12 -0.00 -0.00 -0.32 -21.15 -0.19
0.20 18.06 2.12 184.31 -167.32 -174.59 0.00 0.00 0.00 -12.57 -17.69 -19.75 5.07 13.47 41.14 -0.02 -13.15 -9.01 0.26 -3.27 -9.04 0.00 0.00 0.00 0.71 19.19 -24.23 -11.50 -18.17 64.41 0.27 -9.24 -4.68 -0.89 6.01 -16.82 -6.67 1.66 16.32 -1.55 1.01 5.30 1.94 0.47 -3.56 -8.99 1.92 -4.29 3.93 2.88 12.82 2.82 1.21 4.36 0.00 0.00 0.00 -76.41 -27.20 29.74 154.94 -36.26 -111.68 -0.00 0.00 -19.63 19.92 12.92 4.63 -7.12 0.00 -0.00 -6.76 43.59 0.24 0.00 0.00 0.00 71.60 2.70 26.39 -132.59 51.89 -95.88 0.00 -0.00 -6.76 -28.48 8.24 -4.45 7.12 -0.00 -0.00 -1.16 -20.62 -0.68
-0.06 18.49 1.88 185.88 -173.10 -173.57 0.00 0.00 0.00 -12.35 -18.76 -18.60 3.30 11.16 32.82 -0.53 -13.35 0.75 0.06 -1.55 -4.27 0.00 0.00 0.00 -1.29 17.43 -30.96 -12.94 -18.76 68.95 -0.09 -1.48 5.48 -0.20 2.91 -8.02 -8.78 0.36 17.24 -1.78 -1.09 5.64 3.29 -0.57 -3.45 -10.36 -0.60 -3.12 7.75 -0.93 11.71 4.05 -0.52 4.07 -0.00 -0.00 0.00 -76.90 -29.98 35.08 151.65 -39.44 -109.66 -0.00 0.00 -19.21 20.74 12.20 4.58 -7.12 0.00 -0.00 -5.89 42.92 0.30 -0.00 -0.00 0.00 74.48 1.18 27.36 -126.58 54.29 -91.07 0.00 -0.00 -7.32 -28.92 8.78 -4.82 7.12 -0.00 -0.00 -1.44 -19.98 -0.86
-0.31 18.75 1.71 184.92 -178.88 -172.19 0.00 0.00 0.00 -9.74 -19.28 -18.48 2.57 9.96 28.84 -0.36 -11.36 -0.32 0.45 -4.32 -11.97 0.00 0.00 0.00 -0.12 16.99 -35.65 -13.07 -18.81 69.34 -0.05 2.38 5.64 -0.14 2.42 -6.66 -8.08 -1.25 17.20 -1.03 -2.98 6.02 4.04 -1.53 -2.79 -12.09 -2.88 -1.78 10.31 -4.26 10.67 5.00 -2.13 3.93 -0.00 -0.00 0.00 -76.68 -33.20 39.07 148.56 -42.10 -107.64 -0.00 0.00 -19.09 21.12 12.23 4.68 -7.12 0.00 -0.00 -5.55 42.99 0.28 -0.00 -0.00 0.00 75.73 0.03 28.71 -123.41 55.33 -88.48 0.00 -0.00 -6.22 -29.42 9.31 -5.21 7.12 -0.00 -0.00 -1.76 -19.32 -1.08
-0.48 18.83 1.59 184.97 -181.30 -172.00 0.00 0.00 0.00 -9.95 -16.13 -16.98 2.73 10.24 29.76 0.33 -3.70 -10.22 1.14 -6.78 -19.07 0.00 0.00 0.00 -0.94 19.00 -37.91 -11.95 -18.37 65.82 0.08 -5.06 -1.07 -0.11 2.13 -5.87 -7.83 -1.84 17.02 -0.80 -3.67 6.24 4.24 -1.89 -2.38 -13.13 -4.35 -1.00 11.26 -6.36 10.36 5.38 -3.18 4.01 -0.00 -0.00 0.00 -76.74 -36.30 42.32 145.94 -44.13 -105.85 -0.00 0.00 -19.54 21.66 12.10 4.76 -7.12 0.00 -0.00 -5.05 42.91 0.26 -0.00 -0.00 0.00 75.68 -0.71 30.05 -125.04 54.81 -89.81 0.00 -0.00 -7.39 -29.93 9.67 -5.53 7.12 -0.00 -0.00 -2.09 -18.86 -1.30
-0.61 18.72 1.48 185.98 -182.27 -172.94 0.00 0.00 0.00 -11.24 -9.77 -14.80 3.46 11.40 33.65 0.42 -2.75 -11.63 1.00 -6.38 -17.88 0.00 0.00 0.00 -3.67 22.82 -37.12 -9.73 -17.25 58.57 0.46 -12.06 -6.44 -0.05 1.49 -4.10 -8.83 -2.18 17.40 -0.89 -4.31 6.25 4.84 -2.21 -2.40 -13.93 -4.84 -0.92 11.73 -7.06 10.47 5.62 -3.54 4.16 -0.00 -0.00 0.00 -77.17 -38.66 43.85 144.38 -45.25 -104.75 -0.00 0.00 -18.96 22.31 11.44 4.65 -7.12 0.00 -0.00 -4.36 42.27 0.29 -0.00 -0.00 0.00 74.84 -0.35 31.59 -128.97 53.40 -93.00 0.00 -0.00 -8.32 -30.50 10.09 -5.89 7.12 -0.00 -0.00 -2.46 -18.32 -1.56
-0.76 18.41 1.41 186.94 -184.55 -173.90 0.00 0.00 0.00 -11.07 -5.90 -12.23 4.67 13.00 39.36 0.43 -1.86 -11.94 0.79 -5.66 -15.80 0.00 0.00 0.00 -7.01 27.27 -34.15 -7.32 -15.59 50.06 0.72 -14.85 -6.32 -0.12 2.28 -6.27 -9.40 -2.98 17.18 -1.07 -5.43 6.09 5.13 -2.77 -2.26 -13.78 -5.07 -1.76 11.72 -7.31 10.84 5.55 -3.63 4.44 -0.00 -0.00 0.00 -77.85 -42.47 45.57 143.99 -45.52 -104.47 -0.00 0.00 -18.30 23.12 11.45 4.84 -7.12 0.00 -0.00 -3.63 42.37 0.24 -0.00 -0.00 0.00 74.21 0.57 31.26 -133.23 51.61 -96.38 0.00 -0.00 -8.14 -30.96 10.00 -5.95 7.12 -0.00 -0.00 -2.79 -18.37 -1.77
-0.92 17.87 1.43 187.27 -187.84 -175.41 0.00 0.00 0.00 -9.23 -4.42 -7.96 5.74 14.17 43.92 0.45 -0.44 -12.53 0.70 -5.36 -14.94 0.00 0.00 0.00 -9.10 31.76 -29.46 -6.16 -14.58 45.61 0.14 -9.54 -10.83 -1.03 6.45 -18.11 -9.75 -3.94 16.35 -1.00 -6.66 5.91 5.52 -3.40 -1.77 -14.21 -5.28 -1.32 12.64 -7.66 9.89 5.90 -3.80 4.18 -0.00 0.00 0.00 -79.74 -45.35 47.92 143.86 -45.61 -104.38 -0.00 0.00 -18.86 23.53 12.82 5.52 -7.12 0.00 -0.00 -3.47 43.89 0.10 -0.00 0.00 0.00 73.09 1.78 29.20 -137.81 49.31 -99.92 0.00 -0.00 -9.61 -31.00 8.69 -5.19 7.12 -0.00 -0.00 -2.94 -19.87 -1.76
-1.06 17.19 1.40 186.34 -189.94 -177.18 0.00 0.00 0.00 -6.55 -5.27 -2.28 6.03 14.45 45.09 0.34 -2.07 -10.53 0.87 -5.94 -16.60 0.00 0.00 0.00 -8.34 32.48 -28.59 -7.42 -15.67 50.44 -0.46 -6.31 -16.70 -1.87 8.59 -24.51 -9.34 -4.47 15.46 -0.83 -7.23 5.45 5.48 -3.68 -1.72 -14.04 -5.44 -0.69 13.12 -7.96 9.23 6.03 -3.95 3.93 -0.00 -0.00 0.00 -82.15 -48.44 50.66 142.87 -46.28 -103.66 -0.00 0.00 -19.19 23.89 12.37 5.42 -7.12 0.00 -0.00 -3.07 43.44 0.12 -0.00 -0.00 0.00 71.31 4.57 26.13 -141.63 47.07 -102.76 0.00 -0.00 -12.24 -32.34 8.87 -5.58 7.12 -0.00 -0.00 -3.87 -19.52 -2.36
-1.12 16.54 1.18 183.76 -191.71 -179.13 0.00 0.00 0.00 -4.54 -9.43 3.31 5.98 14.41 44.90 0.98 -5.66 -17.71 3.18 -10.99 -32.24 0.00 0.00 0.00 -5.85 30.77 -31.96 -9.26 -16.97 56.99 -0.78 -5.70 -19.71 -1.90 8.65 -24.71 -7.31 -5.18 16.13 -0.19 -7.92 4.98 5.25 -3.95 -2.68 -13.62 -5.39 0.73 13.57 -7.98 7.43 6.14 -3.99 3.16 0.00 0.00 0.00 -84.84 -51.03 53.88 141.86 -46.93 -102.93 -0.00 0.00 -19.79 23.13 11.94 5.05 -7.12 0.00 -0.00 -3.69 42.90 0.19 0.00 0.00 0.00 68.46 9.30 22.47 -144.62 45.08 -104.92 0.00 -0.00 -12.21 -32.77 8.24 -5.27 7.12 -0.00 -0.00 -4.23 -20.22 -2.52
-0.99 16.18 0.91 186.35 -191.99 -180.25 0.00 0.00 0.00 -10.60 -11.04 6.65 6.13 14.55 45.49 2.26 -0.15 -28.43 3.64 -11.67 -34.56 0.00 0.00 0.00 -9.34 30.04 -33.01 -10.17 -17.51 60.07 -0.97 -5.56 -21.42 -1.88 8.61 -24.58 -10.01 -5.21 15.58 -0.62 -8.29 5.75 6.18 -4.26 -1.16 -13.19 -5.35 1.79 13.55 -7.87 5.40 6.11 -3.97 2.35 -0.00 -0.00 0.00 -88.58 -53.17 57.71 140.18 -47.96 -101.69 -0.00 0.00 -18.89 23.70 12.59 5.47 -7.12 0.00 -0.00 -3.28 43.67 0.11 -0.00 -0.00 0.00 65.23 15.80 18.51 -146.50 43.71 -106.23 0.00 -0.00 -11.40 -34.25 7.36 -4.99 7.12 -0.00 -0.00 -5.38 -21.11 -3.10
-0.74 16.15 0.44 186.08 -188.20 -180.49 0.00 0.00 0.00 -11.14 -5.36 2.19 7.08 15.40 49.19 2.49 2.93 -31.00 3.02 -10.72 -31.35 0.00 0.00 0.00 -11.67 35.85 -33.33 -9.16 -16.91 56.64 -0.67 -6.74 -19.35 -1.61 7.99 -22.69 -9.78 -4.58 15.17 -0.12 -7.37 5.99 6.41 -3.84 -0.81 -12.83 -4.81 2.57 13.35 -7.21 5.39 6.04 -3.67 2.11 -0.00 -0.00 0.00 -92.16 -52.09 60.74 138.27 -49.06 -100.26 -0.00 0.00 -18.39 24.18 12.39 5.50 -7.12 0.00 -0.00 -2.80 43.50 0.10 -0.00 -0.00 0.00 63.55 22.35 16.72 -147.73 42.76 -107.07 0.00 -0.00 -12.96 -36.32 7.47 -5.46 7.12 -0.00 -0.00 -6.85 -20.76 -4.00
-0.35 16.54 -0.17 185.55 -181.06 -180.87 0.00 0.00 0.00 -11.06 1.25 -2.42 7.89 16.03 52.15 1.81 1.07 -25.86 2.88 -10.50 -30.61 0.00 0.00 0.00 -13.22 39.35 -33.00 -6.41 -14.81 46.60 -0.11 -7.13 -12.42 -1.26 7.11 -20.06 -8.45 -3.76 16.37 0.09 -6.21 6.26 5.87 -3.23 -1.50 -12.57 -3.74 2.75 12.46 -5.80 6.24 5.77 -2.98 2.10 0.00 -0.00 0.00 -91.91 -49.53 59.31 138.05 -49.18 -100.10 -0.00 0.00 -17.76 24.25 12.43 5.54 -7.12 0.00 -0.00 -2.75 43.55 0.10 0.00 -0.00 0.00 65.14 29.58 19.71 -148.07 42.49 -107.31 0.00 -0.00 -13.73 -37.81 7.22 -5.57 7.12 -0.00 -0.00 -7.94 -20.90 -4.63
0.10 17.07 -0.74 187.28 -171.83 -180.49 0.00 0.00 0.00 -13.92 6.09 -6.01 7.90 16.05 52.22 0.86 -1.11 -17.16 3.31 -11.17 -32.87 0.00 0.00 0.00 -15.89 38.11 -34.28 -3.63 -11.65 34.52 0.12 -6.23 -1.97 -0.60 4.95 -13.76 -9.21 -2.44 16.07 -0.73 -4.60 6.67 5.15 -2.47 -1.16 -11.69 -2.67 2.10 11.26 -4.25 6.73 5.27 -2.19 2.12 0.00 0.00 0.00 -89.86 -47.59 56.08 138.95 -48.68 -100.77 -0.00 0.00 -16.50 24.72 11.90 5.42 -7.12 0.00 -0.00 -2.25 43.03 0.11 0.00 0.00 0.00 69.59 36.45 24.82 -148.28 42.32 -107.45 0.00 -0.00 -14.49 -38.90 9.60 -7.66 7.12 -0.00 -0.00 -8.36 -17.80 -5.46
0.46 17.42 -1.25 187.17 -162.68 -180.70 0.00 0.00 0.00 -14.00 9.26 -9.54 8.37 16.38 53.88 0.13 -4.04 -6.62 2.28 -9.43 -27.14 0.00 0.00 0.00 -10.91 34.17 -35.91 -3.36 -11.25 33.14 0.11 -5.84 -1.77 -0.61 4.99 -13.89 -9.16 -1.04 15.87 -0.88 -2.77 6.91 4.68 -1.58 -1.08 -11.62 -1.74 1.00 10.59 -2.90 7.49 5.07 -1.50 2.35 0.00 -0.00 0.00 -88.07 -46.53 52.09 139.81 -48.18 -101.42 -0.00 0.00 -16.41 25.31 12.11 5.67 -7.12 0.00 -0.00 -1.74 43.32 0.07 0.00 -0.00 0.00 74.15 41.73 30.63 -148.31 42.30 -107.47 0.00 -0.00 -14.07 -40.40 10.48 -8.80 7.12 -0.00 -0.00 -9.24 -16.44 -6.33
0.74 17.50 -1.80 185.87 -158.18 -180.06 0.00 0.00 0.00 -12.43 5.89 -14.48 9.62 17.19 58.23 -0.14 -7.50 -1.02 1.26 -7.11 -20.04 0.00 0.00 0.00 -4.23 29.00 -37.56 -5.58 -14.01 43.27 0.14 -7.55 -6.73 -0.71 5.38 -15.00 -7.43 -0.72 15.54 -1.04 -2.10 6.80 3.43 -1.21 -1.23 -10.70 -1.44 0.75 10.35 -2.47 7.52 4.85 -1.27 2.34 -0.00 0.00 0.00 -86.17 -47.28 49.43 140.31 -47.89 -101.79 -0.00 0.00 -16.31 25.82 12.16 5.82 -7.12 0.00 -0.00 -1.29 43.44 0.05 -0.00 0.00 0.00 78.53 45.12 33.81 -149.37 41.43 -108.18 0.00 -0.00 -13.73 -39.47 8.66 -7.07 7.12 -0.00 -0.00 -8.90 -18.89 -5.60
1.02 17.49 -2.23 186.19 -155.86 -181.52 0.00 0.00 0.00 -12.78 1.85 -14.90 9.65 17.21 58.33 -0.01 -8.75 -5.88 1.02 -6.43 -18.03 0.00 0.00 0.00 -1.01 24.54 -36.54 -9.58 -17.17 58.09 -0.19 -8.61 -15.37 -0.47 4.38 -12.15 -6.27 -0.53 15.84 -1.21 -1.73 6.90 2.55 -1.00 -1.38 -10.56 -1.45 0.65 9.70 -2.41 7.26 4.62 -1.24 2.27 -0.00 0.00 0.00 -87.07 -48.49 48.77 141.00 -47.47 -102.30 -0.00 0.00 -14.81 26.27 12.18 5.95 -7.12 0.00 -0.00 -0.87 43.52 0.03 -0.00 0.00 0.00 80.71 47.92 34.93 -150.54 40.42 -108.95 0.00 -0.00 -14.00 -39.79 7.43 -6.15 7.12 -0.00 -0.00 -9.31 -20.40 -5.55
1.27 17.34 -2.66 187.70 -153.78 -183.34 0.00 0.00 0.00 -13.98 1.68 -15.26 9.45 17.09 57.63 0.40 -8.81 -12.00 1.28 -7.16 -20.20 0.00 0.00 0.00 -1.26 21.19 -34.38 -14.15 -19.16 72.66 -0.31 -8.62 -17.00 -0.18 2.77 -7.63 -6.20 -0.26 16.02 -1.44 -1.39 6.80 2.22 -0.82 -1.62 -11.09 -1.43 -0.15 9.23 -2.27 7.30 4.56 -1.18 2.40 0.00 0.00 0.00 -86.71 -48.67 47.19 143.14 -46.09 -103.86 -0.00 0.00 -15.44 26.86 12.75 6.38 -7.12 0.00 -0.00 -0.40 44.21 0.01 0.00 0.00 0.00 81.83 49.97 35.98 -151.42 39.65 -109.51 0.00 -0.00 -13.03 -40.43 5.90 -5.00 7.12 -0.00 -0.00 -10.00 -22.29 -5.54
1.47 17.12 -3.04 188.63 -152.70 -184.24 0.00 0.00 0.00 -14.19 4.79 -16.64 9.66 17.22 58.36 0.46 -11.01 -13.43 1.37 -7.40 -20.92 0.00 0.00 0.00 -1.83 18.38 -27.96 -15.71 -19.55 77.37 -0.18 -6.91 -13.29 -0.43 4.21 -11.66 -5.58 -0.34 15.46 -1.32 -1.38 6.45 1.99 -0.80 -1.72 -11.39 -1.41 -0.73 8.11 -2.08 7.20 4.26 -1.11 2.45 0.00 -0.00 0.00 -86.29 -47.80 45.73 145.57 -44.40 -105.58 -0.00 0.00 -14.21 26.73 11.71 5.83 -7.12 0.00 -0.00 -0.41 43.04 0.02 0.00 -0.00 0.00 83.08 50.87 37.76 -152.05 39.07 -109.91 0.00 -0.00 -11.27 -40.39 4.80 -4.07 7.12 -0.00 -0.00 -10.14 -23.71 -5.29
1.59 16.76 -3.40 188.25 -152.28 -183.43 0.00 0.00 0.00 -12.32 9.08 -21.43 10.93 17.90 62.57 0.27 -15.32 -13.45 1.36 -7.37 -20.82 0.00 0.00 0.00 -0.46 16.41 -16.67 -12.43 -18.57 67.34 -1.92 -3.18 -27.48 -3.03 10.74 -31.41 -4.75 -0.36 13.97 -0.69 -1.18 5.74 2.14 -0.68 -1.69 -11.49 -1.26 -0.10 7.86 -1.89 5.97 4.21 -1.02 1.96 0.00 0.00 0.00 -86.81 -45.67 46.57 147.89 -42.64 -107.18 -0.00 0.00 -11.33 27.42 11.63 5.97 -7.12 0.00 -0.00 0.23 43.03 -0.01 0.00 0.00 0.00 82.70 50.47 37.80 -152.63 38.53 -110.27 0.00 -0.00 -10.83 -41.03 6.42 -5.56 7.12 -0.00 -0.00 -10.35 -21.54 -5.92
1.74 16.54 -3.78 185.58 -151.24 -181.16 0.00 0.00 0.00 -7.22 11.80 -28.48 13.14 18.83 69.56 -0.82 -19.41 -4.88 1.10 -6.68 -18.76 0.00 0.00 0.00 2.86 19.65 -11.39 -9.38 -17.05 57.40 -3.53 -1.43 -36.13 -3.22 11.04 -32.41 -2.88 -0.33 13.98 0.46 -0.86 4.73 2.24 -0.47 -2.80 -9.89 -1.47 -0.50 6.22 -2.05 5.19 3.79 -1.10 1.97 -0.00 -0.00 0.00 -87.86 -42.15 49.03 150.56 -40.41 -108.96 -0.00 0.00 -7.66 27.45 12.94 6.63 -7.12 0.00 -0.00 0.12 44.50 -0.00 -0.00 -0.00 0.00 82.46 49.55 37.83 -152.78 38.38 -110.37 0.00 -0.00 -10.43 -41.31 6.94 -6.06 7.12 -0.00 -0.00 -10.46 -20.84 -6.15
2.12 16.48 -4.14 180.96 -148.07 -179.12 0.00 0.00 0.00 -0.14 10.99 -32.04 15.15 19.43 75.68 -1.23 -19.40 3.90 1.37 -7.41 -20.94 0.00 0.00 0.00 6.00 20.49 -13.37 -8.75 -16.65 55.24 -3.80 -0.27 -37.14 -2.36 9.58 -27.61 0.73 -0.54 15.36 1.82 -0.62 5.37 1.61 -0.35 -2.91 -8.29 -1.32 -1.17 6.06 -1.75 2.82 3.41 -0.88 1.25 0.00 -0.00 0.00 -89.36 -37.89 51.79 152.85 -38.32 -110.41 -0.00 0.00 -2.26 29.10 10.51 5.80 -7.12 0.00 -0.00 1.84 41.96 -0.14 0.00 -0.00 0.00 82.85 49.76 38.75 -152.38 38.77 -110.11 0.00 -0.00 -10.99 -41.85 5.61 -5.01 7.12 -0.00 -0.00 -11.06 -22.50 -6.10
2.55 16.65 -4.31 183.61 -143.14 -181.34 0.00 0.00 0.00 -1.52 9.00 -29.44 15.73 19.56 77.42 -0.73 -15.67 0.66 1.81 -8.46 -24.11 0.00 0.00 0.00 1.26 21.90 -15.32 -8.12 -16.21 53.00 -3.17 3.26 -32.94 -2.14 9.15 -26.26 -2.40 -0.42 15.71 1.25 -0.98 5.78 2.84 -0.57 -2.61 -6.81 -0.39 0.28 6.29 -0.63 2.42 3.22 -0.33 0.77 0.00 -0.00 0.00 -91.72 -30.94 54.27 153.37 -37.82 -110.73 -0.00 -0.00 2.24 32.22 10.59 6.61 -7.12 0.00 -0.00 4.66 42.39 -0.30 0.00 -0.00 0.00 85.25 46.92 42.12 -149.54 41.28 -108.29 0.00 -0.00 -10.57 -41.96 6.31 -5.64 7.12 -0.00 -0.00 -11.02 -21.58 -6.31
3.10 16.98 -4.22 185.89 -136.61 -184.01 0.00 0.00 0.00 -4.22 7.25 -22.79 15.27 19.46 76.05 -0.36 -11.14 0.22 1.19 -6.93 -19.51 0.00 0.00 0.00 -2.36 24.72 -14.22 -6.45 -14.85 46.76 -2.30 4.89 -27.62 -2.19 9.25 -26.59 -3.12 -0.57 15.27 0.70 -1.31 5.70 2.72 -0.74 -2.43 -5.62 0.84 1.03 4.81 0.89 5.92 2.53 0.40 1.65 0.00 -0.00 0.00 -94.26 -26.35 53.02 151.56 -39.51 -109.60 -0.00 -0.00 0.17 29.93 10.95 6.24 -7.12 0.00 -0.00 2.57 42.55 -0.16 0.00 -0.00 0.00 84.85 41.77 43.80 -146.94 43.38 -106.54 0.00 -0.00 -9.37 -41.01 6.96 -6.01 7.12 -0.00 -0.00 -10.24 -20.85 -6.02
3.72 17.32 -4.01 185.02 -127.61 -183.95 0.00 0.00 0.00 -6.30 6.31 -15.28 13.82 19.06 71.64 -0.18 -7.44 2.93 1.02 -6.43 -18.04 0.00 0.00 0.00 -3.05 28.62 -14.61 -4.80 -13.15 39.94 -1.36 3.79 -21.12 -1.72 8.26 -23.51 -1.90 -0.46 14.26 1.59 -0.96 5.58 2.89 -0.58 -2.05 -5.67 2.65 1.67 3.09 3.30 7.83 2.00 1.52 2.04 0.00 -0.00 0.00 -96.27 -23.99 50.38 150.66 -40.32 -109.02 -0.00 0.00 -3.90 29.21 11.16 6.17 -7.12 0.00 -0.00 1.90 42.70 -0.11 0.00 -0.00 0.00 80.94 38.73 44.11 -145.43 44.50 -105.49 0.00 -0.00 -7.35 -41.20 7.73 -6.72 7.12 -0.00 -0.00 -10.24 -19.83 -6.26
4.33 17.54 -3.84 184.43 -119.79 -183.25 0.00 0.00 0.00 -10.05 4.25 -8.63 11.13 18.00 63.19 -0.05 -6.22 7.22 0.78 -5.65 -15.76 0.00 0.00 0.00 -3.92 30.40 -17.52 -3.92 -12.05 35.90 -0.81 -1.32 -17.56 -1.35 7.35 -20.75 -1.43 -0.76 12.57 2.10 -1.29 5.78 3.16 -0.77 -0.91 -4.06 3.92 0.25 0.73 5.19 9.64 1.05 2.41 2.90 -0.00 0.00 0.00 -93.35 -26.07 46.68 151.93 -39.18 -109.83 -0.00 0.00 -7.29 29.81 12.07 6.83 -7.12 0.00 -0.00 2.38 43.81 -0.07 -0.00 0.00 0.00 77.50 39.34 42.67 -145.53 44.43 -105.56 0.00 -0.00 -9.61 -41.16 8.38 -7.26 7.12 -0.00 -0.00 -10.11 -19.00 -6.37
4.87 17.56 -3.77 184.22 -114.17 -182.50 0.00 0.00 0.00 -13.81 -0.61 -2.52 7.94 16.08 52.36 -0.24 -9.29 6.94 0.69 -5.31 -14.79 0.00 0.00 0.00 -3.95 29.91 -20.66 -4.05 -12.22 36.53 -0.85 -5.91 -20.51 -1.04 6.50 -18.23 -2.12 -1.35 10.58 2.07 -2.14 5.86 3.55 -1.23 0.33 -2.30 5.15 -1.15 0.90 6.82 10.61 0.91 3.27 3.51 0.00 0.00 0.00 -87.23 -31.10 42.55 153.36 -37.84 -110.72 -0.00 0.00 -7.33 29.33 11.68 6.49 -7.12 0.00 -0.00 1.97 43.31 -0.08 0.00 0.00 0.00 76.48 41.55 40.38 -146.58 43.65 -106.29 0.00 -0.00 -10.93 -42.23 7.36 -6.64 7.12 -0.00 -0.00 -11.03 -20.16 -6.67
5.40 17.42 -3.78 186.29 -111.01 -184.39 0.00 0.00 0.00 -17.21 -4.20 1.45 7.09 15.41 49.23 -0.64 -14.90 0.00 2.12 -9.11 -26.14 0.00 0.00 0.00 -4.09 28.29 -23.15 -5.78 -14.21 44.07 -0.92 -4.57 -20.29 -0.95 6.21 -17.40 -3.79 -1.32 9.94 2.22 -2.21 5.37 4.65 -1.29 0.25 -2.15 5.03 -1.29 1.76 6.57 10.56 1.16 3.19 3.50 0.00 0.00 0.00 -82.43 -38.14 40.79 153.20 -37.99 -110.62 -0.00 0.00 -5.89 32.06 13.30 8.20 -7.12 0.00 -0.00 4.42 45.52 0.06 0.00 0.00 0.00 75.00 43.01 36.40 -148.36 42.26 -107.50 0.00 -0.00 -10.37 -43.49 8.32 -7.82 7.12 -0.00 -0.00 -11.71 -18.71 -7.49
5.85 17.23 -3.88 191.00 -108.39 -189.70 0.00 0.00 0.00 -18.79 -0.62 1.42 6.97 15.31 48.77 -0.58 -17.04 -5.13 1.54 -7.83 -22.19 0.00 0.00 0.00 -3.61 27.75 -23.49 -8.92 -16.75 55.80 -0.88 -5.83 -20.75 -0.90 6.03 -16.88 -5.96 -0.77 10.14 1.64 -1.68 5.12 5.24 -1.04 -0.11 -2.20 4.63 -1.18 2.52 5.97 10.07 1.38 2.92 3.29 -0.00 0.00 0.00 -78.98 -43.95 40.70 152.25 -38.88 -110.03 -0.00 0.00 -4.33 32.97 12.80 8.17 -7.12 0.00 -0.00 5.30 45.06 0.01 -0.00 0.00 0.00 76.28 44.48 34.77 -150.82 40.18 -109.12 0.00 -0.00 -9.05 -44.45 8.02 -7.79 7.12 -0.00 -0.00 -12.42 -18.95 -7.90
6.17 17.15 -3.99 192.56 -106.76 -191.06 0.00 0.00 0.00 -18.17 2.97 -1.24 7.33 15.61 50.12 -0.59 -18.37 -6.69 1.40 -7.49 -21.19 0.00 0.00 0.00 -1.03 25.28 -22.09 -12.03 -18.40 66.07 -1.00 -3.07 -20.24 -0.87 5.95 -16.63 -6.55 -0.52 9.11 1.60 -1.31 4.47 5.48 -0.83 -0.25 -3.47 4.43 -1.24 3.04 5.71 10.56 1.78 2.76 3.43 -0.00 0.00 0.00 -78.46 -46.16 40.90 151.71 -39.38 -109.69 -0.00 0.00 -3.33 32.31 12.19 7.61 -7.12 0.00 -0.00 4.70 44.27 -0.08 -0.00 0.00 0.00 78.13 44.73 36.06 -152.87 38.30 -110.42 0.00 -0.00 -8.55 -44.59 7.71 -7.53 7.12 -0.00 -0.00 -12.58 -19.35 -7.89
6.37 17.20 -4.05 193.58 -105.74 -190.86 0.00 0.00 0.00 -17.53 3.10 -4.68 7.86 16.02 52.07 -1.03 -19.83 -2.47 1.28 -7.17 -20.23 0.00 0.00 0.00 2.26 21.42 -19.23 -13.71 -19.02 71.32 -0.93 -0.54 -18.45 -0.63 5.09 -14.15 -5.60 -0.57 6.76 0.92 -1.15 3.65 4.17 -0.70 0.13 -3.56 4.50 -1.55 3.06 5.78 11.54 1.85 2.78 3.83 0.00 0.00 0.00 -78.45 -45.71 41.76 151.72 -39.37 -109.70 -0.00 0.00 -2.52 32.77 12.18 7.73 -7.12 0.00 -0.00 5.14 44.31 -0.09 0.00 0.00 0.00 81.52 43.88 40.41 -154.26 36.95 -111.27 0.00 -0.00 -8.00 -44.62 8.67 -8.46 7.12 -0.00 -0.00 -12.41 -18.04 -8.15
6.49 17.34 -4.12 193.31 -103.75 -189.97 0.00 0.00 0.00 -15.83 2.83 -8.22 8.62 16.56 54.77 -1.17 -18.83 8.89 0.52 -4.61 -12.81 0.00 0.00 0.00 6.73 17.37 -14.22 -13.05 -18.80 69.29 -0.60 3.25 -13.85 -0.97 6.27 -17.58 -3.36 0.05 5.43 -0.24 -0.15 3.13 1.65 -0.14 0.19 -3.22 4.30 -2.19 3.34 5.48 12.11 1.91 2.65 4.17 0.00 0.00 0.00 -78.97 -43.56 43.34 152.38 -38.76 -110.12 -0.00 0.00 -0.38 31.97 11.72 7.23 -7.12 0.00 -0.00 4.41 43.68 -0.14 0.00 0.00 0.00 84.84 42.70 44.56 -154.77 36.43 -111.58 0.00 -0.00 -6.02 -44.68 8.18 -8.01 7.12 -0.00 -0.00 -12.55 -18.70 -8.06
6.63 17.43 -4.21 190.06 -101.25 -185.69 0.00 0.00 0.00 -13.20 1.76 -13.98 9.89 17.35 59.13 -0.48 -16.85 18.71 0.32 -3.63 -10.03 0.00 0.00 0.00 11.26 13.65 -9.34 -10.61 -17.74 61.51 -0.46 4.60 -12.13 -2.64 10.09 -29.27 -1.60 0.55 5.09 -0.68 0.60 3.01 0.17 0.26 0.23 -3.14 4.17 -4.86 2.93 5.48 11.56 1.84 2.67 4.52 -0.00 0.00 0.00 -78.66 -40.77 42.38 154.07 -37.14 -111.15 -0.00 -0.00 1.02 31.53 11.52 6.99 -7.12 0.00 -0.00 4.00 43.39 -0.16 -0.00 0.00 0.00 86.44 43.35 47.92 -154.66 36.55 -111.51 0.00 -0.00 -5.56 -44.59 8.36 -8.16 7.12 -0.00 -0.00 -12.45 -18.47 -8.06
6.83 17.39 -4.32 180.91 -99.36 -175.04 0.00 0.00 0.00 -9.49 -1.79 -19.84 11.62 18.23 64.78 -0.58 -16.51 16.52 0.46 -4.35 -12.08 0.00 0.00 0.00 15.03 10.24 -6.34 -8.21 -16.27 53.32 -1.89 -0.40 -26.17 -1.84 8.52 -24.29 0.34 0.79 5.29 -0.88 0.99 3.42 -1.14 0.48 0.57 -2.64 3.84 -8.13 2.11 5.26 7.91 1.48 2.61 3.91 -0.00 0.00 0.00 -76.60 -38.96 38.82 156.32 -34.83 -112.48 -0.00 -0.00 0.06 31.79 11.29 6.92 -7.12 0.00 -0.00 4.25 43.16 -0.19 -0.00 0.00 0.00 86.04 46.14 48.37 -154.76 36.45 -111.57 0.00 -0.00 -6.14 -44.68 7.90 -7.74 7.12 -0.00 -0.00 -12.60 -19.07 -7.99
7.10 17.29 -4.42 166.67 -97.48 -159.84 0.00 0.00 0.00 -5.19 -4.30 -25.38 13.32 18.90 70.13 -0.49 -12.31 3.49 1.42 -7.54 -21.32 0.00 0.00 0.00 17.60 11.26 -4.82 -6.69 -15.07 47.70 -3.05 0.28 -33.05 -1.31 7.24 -20.44 1.22 1.01 7.49 -0.44 1.32 3.90 -1.24 0.64 -0.14 -1.64 3.90 -11.09 0.43 5.39 3.61 0.75 2.66 3.05 -0.00 0.00 0.00 -76.35 -36.91 36.28 158.53 -32.37 -113.70 -0.00 0.00 -0.71 32.05 10.00 6.20 -7.12 0.00 -0.00 4.52 41.69 -0.37 -0.00 0.00 0.00 85.50 48.68 49.86 -155.05 36.15 -111.74 0.00 -0.00 -5.58 -44.67 7.61 -7.46 7.12 -0.00 -0.00 -12.66 -19.46 -7.91
7.37 17.18 -4.49 151.28 -95.69 -143.65 0.00 0.00 0.00 -1.76 -7.05 -30.14 14.22 19.18 72.87 0.06 -7.19 -6.23 0.62 -5.03 -13.99 0.00 0.00 0.00 18.02 13.76 -5.56 -6.43 -14.83 46.67 -3.49 1.79 -34.98 -0.92 6.12 -17.12 0.04 1.22 10.05 0.25 1.47 4.77 0.08 0.66 -0.68 -0.58 4.47 -14.95 -0.69 5.98 0.36 0.29 2.90 2.72 0.00 -0.00 0.00 -78.49 -34.50 35.81 160.37 -30.19 -114.66 -0.00 0.00 -1.09 32.03 10.52 6.52 -7.12 0.00 -0.00 4.49 42.29 -0.30 0.00 -0.00 0.00 84.41 50.13 50.66 -155.45 35.74 -111.97 0.00 -0.00 -5.99 -45.30 7.51 -7.52 7.12 -0.00 -0.00 -13.10 -19.50 -8.19
7.57 17.06 -4.51 151.64 -94.77 -142.64 0.00 0.00 0.00 0.09 -10.78 -34.36 13.66 19.01 71.17 0.43 -7.15 -12.02 0.37 -3.89 -10.76 0.00 0.00 0.00 16.47 14.08 -9.22 -6.98 -15.31 48.78 -3.78 2.87 -36.19 -1.15 6.81 -19.15 -2.12 1.11 10.82 0.04 1.06 5.62 1.12 0.40 -0.26 0.98 4.59 -17.58 -0.18 5.65 -2.71 0.17 2.70 2.17 -0.00 0.00 0.00 -80.91 -33.92 36.77 159.79 -30.90 -114.36 -0.00 0.00 -3.06 31.16 10.90 6.53 -7.12 0.00 -0.00 3.69 42.64 -0.22 -0.00 0.00 0.00 83.04 49.07 49.32 -155.35 35.84 -111.92 0.00 -0.00 -6.74 -45.63 6.85 -6.95 7.12 -0.00 -0.00 -13.47 -20.35 -8.17
7.60 16.92 -4.46 158.03 -95.44 -148.49 0.00 0.00 0.00 1.27 -13.38 -36.50 12.01 18.39 66.02 0.67 -11.14 -15.52 0.89 -6.00 -16.78 0.00 0.00 0.00 15.99 12.82 -10.75 -7.24 -15.53 49.79 -4.20 2.50 -38.33 -0.99 6.35 -17.80 -2.47 0.46 10.64 -0.32 0.15 5.95 1.04 -0.07 0.22 0.27 4.01 -16.74 1.84 4.93 -4.80 0.83 2.38 1.24 -0.00 -0.00 0.00 -82.72 -34.33 37.98 157.78 -33.22 -113.30 -0.00 0.00 -4.84 30.37 12.71 7.35 -7.12 0.00 -0.00 2.87 44.61 -0.03 -0.00 -0.00 0.00 83.44 45.76 48.95 -154.59 36.62 -111.47 0.00 -0.00 -6.50 -45.22 7.01 -7.01 7.12 -0.00 -0.00 -13.15 -20.19 -8.02
7.47 16.83 -4.30 159.62 -95.17 -150.71 0.00 0.00 0.00 -0.11 -12.89 -35.10 10.77 17.82 62.02 1.31 -9.89 -20.60 1.26 -7.12 -20.07 0.00 0.00 0.00 15.80 12.92 -8.20 -6.82 -15.17 48.17 -4.54 2.37 -39.97 -0.85 5.89 -16.45 -1.90 0.23 10.49 -0.66 -0.07 5.32 0.39 -0.14 -0.34 -0.35 3.71 -14.73 2.04 4.74 -3.01 0.97 2.34 1.48 -0.00 0.00 0.00 -82.04 -34.76 38.19 156.36 -34.79 -112.50 -0.00 0.00 -4.15 30.26 13.00 7.47 -7.12 0.00 -0.00 2.74 44.92 -0.01 -0.00 0.00 0.00 84.87 43.01 49.51 -153.65 37.55 -110.90 0.00 -0.00 -6.46 -44.66 7.16 -7.02 7.12 -0.00 -0.00 -12.74 -20.08 -7.79
7.19 16.92 -4.02 171.71 -92.85 -164.33 0.00 0.00 0.00 -4.91 -9.74 -29.22 9.61 17.19 58.19 2.08 -7.06 -25.93 1.84 -8.53 -24.33 0.00 0.00 0.00 13.90 13.71 -4.63 -6.50 -14.89 46.95 -4.18 1.14 -38.59 -1.11 6.69 -18.79 -2.04 0.77 9.63 -0.85 0.67 4.59 0.20 0.25 -0.65 -1.45 3.80 -11.71 0.87 5.16 -0.22 0.79 2.57 1.86 -0.00 0.00 0.00 -80.44 -35.95 36.48 156.63 -34.49 -112.66 -0.00 0.00 -5.11 27.49 12.08 6.22 -7.12 0.00 -0.00 0.26 43.55 -0.01 -0.00 0.00 0.00 85.09 43.16 49.90 -153.00 38.18 -110.50 0.00 -0.00 -7.55 -44.53 6.84 -6.69 7.12 -0.00 -0.00 -12.72 -20.52 -7.64
6.86 17.18 -3.63 219.54 -90.74 -213.57 0.00 0.00 0.00 -9.11 -6.90 -23.25 8.05 16.16 52.75 2.23 -6.60 -26.92 0.90 -6.06 -16.96 0.00 0.00 0.00 11.19 13.58 -3.88 -6.84 -15.20 48.27 -2.83 0.38 -31.81 -1.59 7.95 -22.55 -0.89 1.37 8.75 -0.80 1.63 3.46 -0.48 0.77 -1.32 -2.39 4.22 -8.00 0.33 5.85 2.81 0.76 2.89 2.18 -0.00 0.00 0.00 -77.45 -37.24 34.76 157.90 -33.09 -113.36 -0.00 0.00 -7.57 29.71 11.90 6.71 -7.12 0.00 -0.00 2.30 43.61 -0.08 -0.00 0.00 0.00 85.23 45.36 49.92 -153.23 37.96 -110.64 0.00 -0.00 -8.33 -43.84 6.83 -6.52 7.12 -0.00 -0.00 -12.24 -20.64 -7.30
6.53 17.53 -3.22 310.26 -94.22 -306.66 0.00 0.00 0.00 -14.61 -3.09 -18.65 7.43 15.69 50.50 1.68 -4.74 -23.41 1.21 -6.98 -19.65 0.00 0.00 0.00 5.83 13.39 -5.18 -7.91 -16.05 52.24 -1.11 -2.06 -20.76 -1.35 7.36 -20.80 -1.02 2.39 9.00 -1.56 2.94 3.00 -1.34 1.42 -1.90 -2.57 4.55 -5.16 0.22 6.26 5.62 0.74 3.06 2.58 0.00 -0.00 0.00 -73.99 -39.03 32.03 159.45 -31.30 -114.18 -0.00 0.00 -6.84 30.10 13.80 7.88 -7.12 0.00 -0.00 2.53 45.82 0.05 0.00 -0.00 0.00 84.43 48.93 48.93 -154.31 36.90 -111.30 0.00 -0.00 -9.18 -43.83 7.25 -6.91 7.12 -0.00 -0.00 -12.15 -20.08 -7.41
6.26 17.86 -2.91 325.28 -97.55 -323.25 0.00 0.00 0.00 -15.86 0.76 -18.11 7.86 16.01 52.04 0.62 -6.56 -14.07 1.20 -6.94 -19.53 0.00 0.00 0.00 3.63 14.41 -8.74 -9.10 -16.87 56.45 -0.43 -4.83 -15.05 -0.74 5.48 -15.29 -1.12 3.11 9.15 -1.19 3.90 2.75 -1.03 1.90 -2.26 -3.35 5.05 -2.89 -0.13 6.90 7.47 0.75 3.31 2.76 0.00 -0.00 0.00 -68.91 -39.96 25.17 161.09 -29.31 -115.01 -0.00 0.00 -9.22 30.37 13.17 7.60 -7.12 0.00 -0.00 2.84 45.13 0.01 0.00 -0.00 0.00 82.97 53.26 47.92 -155.49 35.70 -112.00 0.00 -0.00 -12.67 -43.38 6.35 -5.97 7.12 -0.00 -0.00 -12.01 -21.34 -6.97
5.99 18.12 -2.65 327.79 -98.87 -327.95 0.00 0.00 0.00 -14.84 1.35 -17.89 8.70 16.61 55.03 -0.18 -7.99 -0.08 0.72 -5.42 -15.10 0.00 0.00 0.00 4.07 14.96 -9.49 -9.21 -16.94 56.80 -0.52 -3.61 -15.41 -0.32 3.65 -10.11 -1.34 2.86 10.09 -0.16 3.56 2.70 0.14 1.73 -2.91 -4.46 5.61 -0.52 -0.83 7.60 8.63 0.67 3.56 2.69 -0.00 -0.00 0.00 -68.50 -38.79 23.85 162.26 -27.82 -115.57 -0.00 0.00 -8.57 29.44 11.69 6.52 -7.12 0.00 -0.00 2.07 43.33 -0.09 -0.00 -0.00 0.00 82.31 55.00 49.68 -156.36 34.78 -112.50 0.00 -0.00 -13.92 -43.53 6.93 -6.54 7.12 -0.00 -0.00 -12.01 -20.55 -7.18
5.67 18.23 -2.43 328.16 -98.29 -329.95 0.00 0.00 0.00 -12.86 -0.94 -18.03 9.63 17.20 58.25 -0.22 -8.34 4.30 0.75 -5.52 -15.40 0.00 0.00 0.00 6.41 16.05 -8.72 -8.20 -16.26 53.26 -0.66 0.52 -15.15 -0.29 3.45 -9.54 -0.44 2.81 10.01 -0.29 3.56 3.21 -0.47 1.73 -2.28 -1.78 5.11 -1.85 -1.15 6.94 11.13 0.20 3.24 3.93 0.00 -0.00 0.00 -69.00 -38.81 27.00 162.40 -27.65 -115.64 -0.00 0.00 -7.10 29.41 12.28 6.84 -7.12 0.00 -0.00 2.00 44.00 -0.05 0.00 -0.00 0.00 79.53 55.09 46.30 -157.17 33.90 -112.96 0.00 -0.00 -11.89 -44.40 8.23 -7.98 7.12 -0.00 -0.00 -12.35 -18.68 -7.93
5.35 18.17 -2.19 328.20 -99.42 -331.50 0.00 0.00 0.00 -12.09 -2.16 -17.21 9.67 17.22 58.38 -0.02 -3.97 -2.06 0.83 -5.81 -16.22 0.00 0.00 0.00 7.83 19.41 -7.59 -7.59 -15.81 51.08 -1.13 -1.42 -20.65 -0.25 3.22 -8.89 -1.08 2.46 10.13 0.11 3.05 3.23 0.36 1.47 -2.38 -2.00 5.48 -1.08 -1.48 7.45 11.63 0.13 3.45 3.97 0.00 -0.00 0.00 -72.21 -35.28 29.07 162.07 -28.07 -115.48 -0.00 0.00 -3.39 30.70 11.02 6.48 -7.12 0.00 -0.00 3.26 42.72 -0.18 0.00 -0.00 0.00 78.97 53.72 47.19 -157.69 33.32 -113.25 0.00 -0.00 -11.82 -43.73 7.43 -7.05 7.12 -0.00 -0.00 -12.05 -19.85 -7.40
5.09 18.06 -1.95 324.95 -101.83 -329.24 0.00 0.00 0.00 -13.26 -3.17 -15.24 7.93 16.06 52.30 0.21 1.59 -9.44 0.74 -5.49 -15.31 0.00 0.00 0.00 6.83 20.65 -8.02 -8.43 -16.43 54.11 -0.76 -9.12 -22.21 -1.02 6.43 -18.03 -2.47 2.66 10.79 -0.53 3.13 3.09 0.43 1.51 -2.92 -0.66 5.63 -1.61 -2.19 7.68 11.87 -0.30 3.59 4.25 0.00 0.00 0.00 -75.35 -31.48 31.50 162.16 -27.95 -115.52 -0.00 0.00 -1.26 32.20 12.16 7.55 -7.12 0.00 -0.00 4.60 44.21 -0.09 0.00 0.00 0.00 79.36 50.47 47.52 -158.07 32.90 -113.45 0.00 -0.00 -10.43 -43.68 7.30 -6.92 7.12 -0.00 -0.00 -12.04 -20.04 -7.35
4.73 17.89 -1.67 325.65 -103.00 -330.94 0.00 0.00 0.00 -13.76 -3.68 -11.34 5.33 13.75 42.24 0.30 8.28 -16.46 1.21 -6.98 -19.66 0.00 0.00 0.00 6.21 18.61 -5.39 -8.01 -16.13 52.61 -0.91 -11.90 -25.93 -1.29 7.19 -20.29 -2.67 2.29 10.57 -0.47 2.62 3.31 0.69 1.25 -2.57 -0.33 6.14 -2.93 -2.33 8.40 12.16 -0.31 3.94 4.65 0.00 -0.00 0.00 -77.36 -28.36 31.41 162.09 -28.04 -115.49 -0.00 0.00 -3.27 30.92 10.19 6.05 -7.12 0.00 -0.00 3.49 41.78 -0.28 0.00 -0.00 0.00 78.92 47.14 46.85 -157.87 33.12 -113.34 0.00 -0.00 -8.62 -44.00 7.47 -7.16 7.12 -0.00 -0.00 -12.23 -19.76 -7.55
4.33 17.79 -1.29 328.50 -105.38 -333.83 0.00 0.00 0.00 -15.01 0.20 -10.00 4.19 12.41 37.21 0.23 12.76 -20.81 1.51 -7.76 -21.98 0.00 0.00 0.00 3.36 17.14 -3.15 -6.95 -15.29 48.70 -1.34 -10.13 -27.63 -1.57 7.90 -22.41 -2.23 2.33 10.19 -0.33 2.75 2.69 0.57 1.33 -2.99 0.55 6.57 -3.63 -3.72 9.13 13.13 -0.76 4.22 4.74 -0.00 0.00 0.00 -76.85 -26.50 31.31 162.00 -28.16 -115.45 -0.00 0.00 -3.16 31.10 10.56 6.31 -7.12 0.00 -0.00 3.64 42.24 -0.25 -0.00 0.00 0.00 77.06 43.24 44.65 -157.17 33.90 -112.96 0.00 -0.00 -6.60 -44.19 7.11 -6.86 7.12 -0.00 -0.00 -12.42 -20.21 -7.54
4.07 17.78 -0.82 334.66 -107.47 -339.50 0.00 0.00 0.00 -14.61 3.76 -13.07 5.38 13.80 42.46 0.52 8.01 -18.86 2.04 -8.95 -25.64 0.00 0.00 0.00 1.36 18.69 -3.19 -6.61 -14.99 47.39 -1.05 -8.09 -23.91 -2.14 9.15 -26.27 0.11 2.21 10.44 0.27 2.85 2.77 -0.14 1.37 -2.97 0.21 7.13 -4.40 -5.07 10.08 12.57 -1.04 4.60 4.77 -0.00 0.00 0.00 -74.00 -27.79 29.48 162.10 -28.03 -115.50 -0.00 0.00 -2.67 31.60 10.70 6.52 -7.12 0.00 -0.00 4.10 42.45 -0.26 -0.00 0.00 0.00 73.79 40.47 40.77 -156.58 34.54 -112.63 0.00 -0.00 -6.77 -43.24 8.76 -8.16 7.12 -0.00 -0.00 -11.46 -18.16 -7.47
3.93 17.89 -0.33 335.30 -109.23 -340.00 0.00 0.00 0.00 -14.08 5.50 -18.67 7.48 15.72 50.67 0.16 2.55 -8.85 1.42 -7.54 -21.31 0.00 0.00 0.00 -2.41 20.15 -6.22 -7.17 -15.47 49.50 -0.52 -5.60 -16.78 -2.03 8.93 -25.58 0.87 2.38 12.78 0.84 3.16 2.97 -0.12 1.50 -4.04 -0.10 7.37 -5.01 -6.60 10.59 11.62 -1.41 4.76 4.67 -0.00 -0.00 0.00 -71.04 -29.55 28.33 162.57 -27.42 -115.72 -0.00 0.00 -3.81 31.86 11.10 6.83 -7.12 0.00 -0.00 4.32 42.95 -0.22 -0.00 -0.00 0.00 67.90 35.17 32.99 -156.11 35.05 -112.36 0.00 -0.00 -11.73 -40.20 8.23 -6.90 7.12 -0.00 -0.00 -9.47 -19.33 -5.88
3.82 17.99 0.11 336.74 -110.39 -341.82 0.00 0.00 0.00 -11.87 5.16 -23.50 9.24 16.96 56.91 0.04 -2.42 5.28 0.57 -4.82 -13.41 0.00 0.00 0.00 -5.09 21.00 -10.38 -8.27 -16.32 53.54 -0.04 -4.82 -8.05 -0.60 4.97 -13.82 1.41 2.41 15.51 1.32 3.25 3.85 -0.02 1.49 -4.59 0.08 7.95 -5.42 -7.71 11.40 9.88 -1.73 5.17 4.31 0.00 -0.00 0.00 -68.43 -29.84 27.65 163.01 -26.85 -115.92 -0.00 0.00 -7.00 31.60 10.45 6.37 -7.12 0.00 -0.00 4.10 42.17 -0.29 0.00 -0.00 0.00 63.75 28.61 26.60 -153.37 37.82 -110.73 0.00 -0.00 -18.42 -37.83 7.70 -5.94 7.12 -0.00 -0.00 -7.89 -20.31 -4.70
3.66 17.93 0.44 336.67 -111.46 -341.53 0.00 0.00 0.00 -9.32 3.58 -25.94 9.31 17.00 57.14 -0.03 -7.09 9.45 0.49 -4.47 -12.39 0.00 0.00 0.00 -7.43 21.98 -14.89 -9.91 -17.36 59.18 -0.03 1.38 -3.28 -0.52 4.64 -12.89 0.33 2.49 16.52 0.86 3.11 4.21 0.09 1.42 -4.79 1.24 8.49 -4.52 -7.54 11.88 7.95 -2.12 5.58 4.03 -0.00 -0.00 0.00 -68.21 -24.56 29.73 162.82 -27.10 -115.83 -0.00 0.00 -9.35 30.71 10.17 5.99 -7.12 0.00 -0.00 3.30 41.74 -0.27 -0.00 -0.00 0.00 62.76 20.87 22.77 -146.88 43.42 -106.49 0.00 -0.00 -25.51 -32.94 7.56 -4.87 7.12 -0.00 -0.00 -4.43 -21.00 -2.55
3.40 17.72 0.70 334.06 -111.48 -339.88 0.00 0.00 0.00 -6.98 0.86 -24.62 8.05 16.15 52.73 -0.01 -2.20 1.96 0.70 -5.37 -14.96 0.00 0.00 0.00 -8.09 21.15 -14.96 -10.39 -17.63 60.80 0.13 7.52 -1.32 -0.88 5.98 -16.72 -1.62 2.15 17.21 -0.13 2.21 4.91 0.33 0.95 -4.44 1.26 9.17 -4.58 -7.10 12.72 7.09 -1.93 6.04 3.74 -0.00 -0.00 0.00 -71.00 -14.08 31.87 161.74 -28.49 -115.33 -0.00 0.00 -9.78 30.96 10.67 6.34 -7.12 0.00 -0.00 3.52 42.35 -0.23 -0.00 -0.00 0.00 64.44 13.00 22.05 -135.67 50.44 -98.28 0.00 -0.00 -27.56 -26.70 8.53 -4.26 7.12 -0.00 -0.00 0.13 -20.45 0.08
3.03 17.43 0.88 334.83 -111.08 -341.48 0.00 0.00 0.00 -3.08 -2.50 -20.85 6.13 14.55 45.49 -0.17 7.62 -5.19 0.44 -4.25 -11.77 0.00 0.00 0.00 -6.08 20.15 -10.40 -9.78 -17.28 58.74 -0.35 2.80 -10.62 -1.68 8.16 -23.20 -3.69 1.72 16.84 -0.50 1.25 5.39 1.33 0.45 -3.76 -0.12 10.01 -4.92 -6.08 13.86 7.05 -1.29 6.60 3.63 -0.00 0.00 0.00 -76.97 -0.78 31.76 160.35 -30.22 -114.65 -0.00 0.00 -14.61 29.34 10.75 5.99 -7.12 0.00 -0.00 2.04 42.26 -0.14 -0.00 0.00 0.00 65.31 5.34 24.03 -119.11 56.54 -84.91 0.00 -0.00 -30.24 -23.41 8.65 -3.73 7.12 -0.00 -0.00 2.51 -20.57 1.47
2.58 17.08 1.11 340.73 -111.60 -347.08 0.00 0.00 0.00 2.09 -5.57 -16.37 4.37 12.64 38.03 -0.59 13.52 -6.23 0.09 -1.97 -5.42 0.00 0.00 0.00 -4.26 20.71 -4.98 -8.49 -16.47 54.30 -1.10 5.41 -18.74 -2.42 9.69 -27.98 -3.19 2.07 15.94 -1.38 1.82 4.76 0.01 0.77 -3.92 -0.16 10.31 -4.93 -4.45 14.17 8.02 -0.72 6.79 3.83 -0.00 -0.00 0.00 -81.50 12.86 29.12 159.33 -31.44 -114.13 -0.00 0.00 -21.95 26.89 10.72 5.39 -7.12 0.00 -0.00 -0.17 41.96 0.01 -0.00 -0.00 0.00 66.87 -3.76 26.15 -100.45 59.58 -69.04 0.00 -0.00 -33.11 -19.50 8.63 -3.04 7.12 -0.00 -0.00 5.32 -20.85 3.09
2.08 16.73 1.51 349.45 -114.88 -355.68 0.00 0.00 0.00 6.75 -7.02 -11.15 3.76 11.83 35.15 -0.97 17.26 -3.83 0.16 -2.56 -7.05 0.00 0.00 0.00 -3.01 22.48 -1.84 -7.35 -15.62 50.19 -1.56 7.40 -22.33 -2.31 9.48 -27.31 -1.60 3.16 16.01 -2.07 3.49 3.92 -1.96 1.60 -4.74 0.67 10.40 -4.91 -3.54 14.17 8.58 -0.55 6.85 4.02 0.00 -0.00 0.00 -83.79 23.94 17.69 158.95 -31.89 -113.92 -0.00 0.00 -26.13 15.66 12.59 3.50 -7.12 0.00 -0.00 -10.50 42.79 0.58 0.00 -0.00 0.00 67.40 -11.96 30.17 -84.89 59.90 -55.58 0.00 -0.00 -34.43 -17.56 8.09 -2.55 7.12 -0.00 -0.00 6.73 -21.53 3.82
1.58 16.39 2.03 351.25 -119.89 -356.79 0.00 0.00 0.00 6.79 -6.58 -8.22 4.40 12.68 38.17 -1.01 17.58 -8.52 0.47 -4.41 -12.23 0.00 0.00 0.00 -6.35 25.01 -4.08 -7.43 -15.68 50.46 -1.54 8.01 -22.23 -3.11 10.87 -31.85 -2.71 4.61 14.76 -3.33 5.20 2.60 -2.98 2.46 -5.42 1.74 10.51 -4.07 -2.97 14.17 8.56 -0.58 6.92 3.88 0.00 -0.00 0.00 -79.50 28.66 -0.45 157.41 -33.63 -113.09 -0.00 0.00 -31.67 -7.21 17.41 -2.17 -7.12 0.00 -0.00 -32.01 44.75 0.22 0.00 -0.00 0.00 67.05 -17.89 35.92 -73.25 58.91 -45.55 0.00 -0.00 -37.13 -14.49 7.88 -2.03 7.12 -0.00 -0.00 8.96 -21.88 5.03
1.13 16.11 2.62 351.18 -121.40 -357.72 0.00 0.00 0.00 4.48 -7.99 -7.04 5.61 14.04 43.40 -0.23 13.72 -16.48 1.85 -8.54 -24.35 0.00 0.00 0.00 -8.51 29.27 -3.57 -8.09 -16.18 52.88 -1.13 7.25 -18.96 -3.73 11.79 -35.00 -5.69 3.83 14.61 -2.92 3.73 2.70 -0.58 1.78 -5.49 1.38 11.95 -4.61 -6.19 16.36 7.63 -1.41 7.84 4.03 0.00 -0.00 0.00 -71.95 27.33 -15.06 152.07 -39.05 -109.92 -0.00 0.00 -49.03 -4.49 20.14 -1.55 -7.12 0.00 -0.00 -31.13 47.46 -2.09 0.00 -0.00 0.00 62.32 -17.96 44.21 -67.28 57.96 -40.46 0.00 -0.00 -40.49 -13.88 8.83 -2.17 7.12 -0.00 -0.00 9.36 -20.94 5.47
0.75 15.92 3.14 355.11 -117.34 -362.23 0.00 0.00 0.00 5.31 -8.54 -9.99 6.83 15.19 48.23 0.34 11.63 -20.58 2.80 -10.36 -30.16 0.00 0.00 0.00 -4.59 34.23 0.41 -9.16 -16.91 56.63 -0.45 4.20 -11.89 -3.80 11.89 -35.34 -7.23 2.21 14.26 -1.95 1.48 3.22 1.76 0.69 -4.72 1.38 12.94 -4.70 -7.87 17.75 6.58 -1.87 8.48 3.93 -0.00 -0.00 0.00 -56.95 17.77 -20.22 136.30 -50.12 -98.76 -0.00 0.00 -63.63 3.44 19.75 1.16 -7.12 0.00 -0.00 -23.94 48.21 -2.00 -0.00 -0.00 0.00 61.41 -17.20 45.94 -65.38 57.58 -38.86 0.00 -0.00 -40.27 -10.98 8.68 -1.68 7.12 -0.00 -0.00 11.44 -21.21 6.66
0.40 15.82 3.49 367.57 -107.65 -373.83 0.00 0.00 0.00 9.61 -11.66 -15.94 7.65 15.85 51.28 0.97 5.83 -21.59 2.50 -9.84 -28.46 0.00 0.00 0.00 4.25 34.96 6.14 -9.76 -17.27 58.68 -0.01 -0.95 -2.35 -3.08 10.83 -31.69 -7.84 -0.04 13.45 -0.68 -1.35 2.76 3.94 -0.65 -4.47 0.82 13.19 -4.22 -6.58 18.10 8.28 -1.34 8.63 4.25 -0.00 -0.00 0.00 -39.90 -2.17 -21.78 91.41 -59.99 -61.22 -0.00 0.00 -57.57 7.29 20.41 2.56 -7.12 0.00 -0.00 -20.74 49.37 -2.33 -0.00 -0.00 0.00 64.46 -18.22 43.31 -65.49 57.60 -38.95 0.00 -0.00 -45.17 -7.93 8.07 -1.12 7.12 -0.00 -0.00 13.66 -21.91 7.80
0.03 15.86 3.73 426.18 -97.39 -431.45 0.00 0.00 0.00 14.74 -17.71 -23.62 7.85 16.01 52.03 0.81 -2.92 -16.22 2.78 -10.33 -30.06 0.00 0.00 0.00 12.48 28.19 11.57 -9.16 -16.91 56.65 -0.10 -5.89 6.61 -2.50 9.83 -28.42 -8.47 -1.11 13.96 -0.26 -2.86 2.21 5.02 -1.31 -5.09 -1.71 11.54 -5.05 -1.09 15.67 10.46 0.74 7.54 4.29 0.00 0.00 0.00 -31.16 -31.52 -20.76 60.75 -56.51 -34.97 -0.00 0.00 -56.67 13.74 21.83 5.20 -7.12 0.00 -0.00 -15.29 51.75 -2.59 0.00 0.00 0.00 72.41 -19.45 36.09 -63.93 57.27 -37.63 0.00 -0.00 -51.44 -8.44 5.65 -0.84 7.12 -0.00 -0.00 13.51 -24.27 6.95
-0.34 16.05 3.98 489.86 -104.36 -492.22 0.00 0.00 0.00 19.92 -20.84 -32.63 7.77 15.95 51.74 0.30 -10.01 -11.26 2.66 -10.11 -29.35 0.00 0.00 0.00 18.02 20.87 11.79 -8.33 -16.36 53.75 -0.37 -7.15 11.17 -1.74 8.30 -23.64 -7.35 -0.96 13.40 -0.21 -2.42 1.95 4.35 -1.09 -5.15 -5.56 9.45 -6.25 3.42 12.87 9.17 2.66 6.30 3.48 0.00 -0.00 0.00 -41.45 -52.24 -2.94 76.14 -59.26 -48.03 -0.00 0.00 -47.03 7.83 18.12 2.45 -7.12 0.00 -0.00 -19.26 47.29 -1.13 0.00 -0.00 0.00 76.98 -15.28 34.26 -63.11 57.08 -36.94 0.00 -0.00 -52.33 -9.51 6.82 -1.14 7.12 -0.00 -0.00 12.62 -23.10 6.82
-0.67 16.35 4.19 511.87 -112.45 -509.64 0.00 0.00 0.00 20.12 -24.40 -40.35 7.21 15.50 49.66 -0.10 -12.61 -7.41 2.04 -8.95 -25.63 0.00 0.00 0.00 18.96 14.66 9.60 -7.55 -15.78 50.92 -0.20 2.29 9.68 -1.58 7.94 -22.53 -7.94 1.30 11.25 -1.69 0.61 1.93 2.61 0.36 -4.35 -8.53 6.71 -3.55 6.32 9.11 5.52 3.75 4.52 1.67 0.00 -0.00 0.00 -76.88 -61.94 43.50 92.43 -59.98 -62.11 -0.00 0.00 -37.90 5.91 17.08 1.74 -7.12 0.00 -0.00 -20.58 46.07 -0.57 0.00 -0.00 0.00 76.68 -8.03 30.30 -70.16 58.46 -42.91 0.00 -0.00 -48.99 -9.27 8.39 -1.36 7.12 -0.00 -0.00 12.68 -21.56 7.31
-0.93 16.65 4.35 524.77 -120.75 -518.65 0.00 0.00 0.00 18.05 -28.38 -46.23 6.51 14.91 47.01 -0.40 -13.28 -2.83 1.70 -8.21 -23.37 0.00 0.00 0.00 19.49 8.76 7.09 -7.21 -15.50 49.66 0.13 6.66 4.19 -1.59 7.95 -22.55 -8.55 3.65 10.42 -3.45 3.65 2.50 0.69 1.80 -3.52 -11.26 4.69 -0.42 12.07 5.96 5.36 5.50 2.97 0.91 0.00 -0.00 0.00 -98.90 -53.96 75.85 107.62 -58.79 -75.19 -0.00 0.00 -33.29 4.33 16.61 1.24 -7.12 0.00 -0.00 -21.78 45.44 -0.25 0.00 -0.00 0.00 67.89 1.90 19.18 -82.35 59.78 -53.38 0.00 -0.00 -48.41 -4.74 8.39 -0.69 7.12 -0.00 -0.00 15.89 -21.66 9.26
-1.08 16.85 4.35 530.67 -130.19 -521.26 0.00 0.00 0.00 16.45 -30.12 -52.26 5.87 14.30 44.45 -0.68 -14.48 3.59 1.21 -6.99 -19.69 0.00 0.00 0.00 22.84 3.53 2.44 -7.68 -15.88 51.41 -0.05 2.48 -4.16 -1.49 7.71 -21.84 -6.82 4.22 11.49 -3.94 4.50 3.03 -0.94 2.20 -3.45 -12.54 4.85 3.25 14.96 5.70 5.32 6.53 2.72 0.17 -0.00 0.00 0.00 -96.50 -44.13 79.88 121.29 -55.96 -86.73 -0.00 0.00 -29.16 2.68 16.84 0.78 -7.12 0.00 -0.00 -23.33 45.45 -0.28 -0.00 0.00 0.00 50.89 15.60 0.38 -86.68 59.96 -57.13 0.00 -0.00 -49.90 -9.38 7.54 -1.24 7.12 -0.00 -0.00 12.66 -22.40 7.05
-1.24 16.99 4.35 537.41 -135.57 -525.33 0.00 0.00 0.00 9.66 -30.21 -53.85 5.31 13.73 42.16 -0.44 -12.58 9.71 0.18 -2.76 -7.60 0.00 0.00 0.00 22.93 2.08 -0.76 -8.49 -16.47 54.32 -0.28 -4.98 -13.02 -0.74 5.48 -15.29 -3.66 4.62 12.57 -7.17 5.21 4.36 -6.22 2.54 -2.07 -10.07 4.90 6.99 16.12 5.66 3.98 6.37 2.56 -0.80 -0.00 0.00 0.00 -84.21 -37.89 71.83 126.41 -54.35 -90.93 -0.00 0.00 -32.47 1.34 16.87 0.39 -7.12 0.00 -0.00 -24.50 45.31 -0.20 -0.00 0.00 0.00 29.51 30.80 -25.93 -79.71 59.60 -51.10 0.00 -0.00 -49.56 -13.77 5.76 -1.41 7.12 -0.00 -0.00 9.59 -24.06 4.91
-1.50 17.01 4.36 542.67 -139.47 -527.91 0.00 0.00 0.00 2.45 -28.88 -54.24 4.99 13.37 40.78 -0.43 -12.89 11.01 0.04 -1.31 -3.59 0.00 0.00 0.00 22.83 3.59 -2.80 -8.74 -16.64 55.18 0.00 -11.08 -15.76 -0.37 3.91 -10.81 -3.52 5.83 13.52 -7.72 6.74 4.42 -7.22 3.32 -2.31 -9.59 3.90 11.05 16.67 4.08 3.90 6.50 1.61 -1.29 0.00 -0.00 0.00 -79.26 -32.79 65.28 119.42 -56.46 -85.18 -0.00 0.00 -33.57 2.52 16.81 0.73 -7.12 0.00 -0.00 -23.45 45.40 -0.25 0.00 -0.00 0.00 1.58 37.23 -50.79 -57.28 55.54 -32.09 0.00 -0.00 -50.31 -14.59 5.97 -1.55 7.12 -0.00 -0.00 8.97 -23.82 4.64
-1.83 16.88 4.47 547.96 -145.71 -529.97 0.00 0.00 0.00 -5.39 -29.38 -54.34 4.93 13.31 40.52 -0.66 -14.65 9.41 0.04 -1.33 -3.67 0.00 0.00 0.00 21.94 3.96 -2.96 -7.84 -16.00 51.99 0.55 -15.10 -13.72 -0.36 3.88 -10.74 -4.10 7.34 13.61 -8.26 8.64 3.91 -7.82 4.29 -2.69 -5.86 0.96 13.33 17.17 0.32 5.51 6.23 -0.25 -0.68 -0.00 0.00 0.00 -77.30 -30.78 66.49 112.18 -58.06 -79.08 -0.00 0.00 -34.50 2.99 17.23 0.89 -7.12 0.00 -0.00 -23.21 45.85 -0.51 -0.00 0.00 0.00 -14.95 32.90 -55.70 -34.00 44.09 -14.11 0.00 -0.00 -50.90 -14.71 4.89 -1.28 7.12 -0.00 -0.00 8.94 -24.92 4.39
-2.11 16.64 4.61 548.93 -152.63 -530.55 0.00 0.00 0.00 -6.76 -32.94 -55.66 5.63 14.06 43.48 -0.91 -17.22 11.38 0.00 -0.26 -0.71 0.00 0.00 0.00 23.00 0.28 -2.75 -7.96 -16.09 52.42 0.61 -14.23 -9.41 -0.11 2.13 -5.86 -2.93 6.89 13.52 -7.43 8.33 4.42 -7.46 4.17 -2.10 -6.14 -0.13 12.60 19.18 -1.08 5.01 6.98 -0.95 -0.57 -0.00 0.00 0.00 -75.58 -28.66 64.13 115.95 -57.30 -82.27 -0.00 0.00 -33.22 1.51 16.16 0.42 -7.12 0.00 -0.00 -24.07 44.69 0.20 -0.00 0.00 0.00 -22.21 32.69 -55.35 -23.02 34.11 -7.15 0.00 -0.00 -40.89 -14.18 5.34 -1.35 7.12 -0.00 -0.00 9.31 -24.48 4.68
-2.35 16.41 4.72 547.32 -155.17 -531.08 0.00 0.00 0.00 -6.06 -33.37 -56.99 7.05 15.37 49.06 -1.10 -18.50 10.80 0.01 0.70 1.94 0.00 0.00 0.00 24.34 -1.12 -1.11 -8.31 -16.34 53.68 0.31 -11.04 -9.31 -0.12 2.23 -6.14 -2.18 7.24 13.92 -6.26 8.93 4.59 -6.74 4.46 -2.16 -7.06 -0.44 11.85 20.98 -1.45 4.07 7.74 -1.17 -0.68 -0.00 0.00 0.00 -76.11 -25.45 61.55 123.30 -55.36 -88.39 -0.00 0.00 -34.43 2.67 15.40 0.71 -7.12 0.00 -0.00 -22.76 44.13 0.52 -0.00 0.00 0.00 -17.52 36.63 -59.26 -25.36 36.57 -8.50 0.00 -0.00 -48.19 -11.37 4.52 -0.91 7.12 -0.00 -0.00 11.45 -25.35 5.55
-2.51 16.25 4.85 544.95 -153.31 -531.58 0.00 0.00 0.00 -4.32 -31.54 -57.92 8.69 16.60 55.00 -1.03 -17.66 7.79 0.01 0.46 1.27 0.00 0.00 0.00 23.71 -0.24 2.01 -8.04 -16.15 52.71 0.19 -9.96 -10.29 -0.00 0.44 -1.21 -2.59 8.39 13.16 -5.19 10.49 5.05 -5.44 5.22 -1.41 -7.48 -0.43 10.04 21.53 -1.46 4.12 7.97 -1.09 -0.37 0.00 0.00 0.00 -78.50 -22.61 58.92 129.57 -53.17 -93.48 -0.00 0.00 -35.42 2.15 15.98 0.59 -7.12 0.00 -0.00 -23.44 44.60 0.24 0.00 0.00 0.00 -6.98 40.25 -55.81 -30.20 41.06 -11.54 0.00 -0.00 -52.86 -10.91 4.88 -0.94 7.12 -0.00 -0.00 11.76 -25.00 5.81
-2.64 16.18 4.95 541.00 -150.59 -531.13 0.00 0.00 0.00 -0.86 -29.37 -57.85 9.90 17.35 59.16 -0.80 -15.57 5.84 0.14 2.37 6.54 0.00 0.00 0.00 23.19 -0.08 4.40 -7.58 -15.80 51.03 -0.04 -2.36 -5.25 -0.11 2.18 -6.00 -1.29 8.47 12.34 -4.55 10.82 5.01 -5.38 5.41 -0.88 -7.64 0.45 8.69 22.15 -0.40 4.91 8.16 -0.47 -0.08 0.00 -0.00 0.00 -79.95 -17.94 56.08 134.71 -50.91 -97.53 -0.00 0.00 -36.47 1.96 16.27 0.55 -7.12 0.00 -0.00 -23.71 44.84 0.10 0.00 -0.00 0.00 7.26 42.69 -42.70 -33.39 43.63 -13.69 0.00 -0.00 -54.86 -13.65 4.27 -1.04 7.12 -0.00 -0.00 9.77 -25.57 4.66
-2.71 16.25 4.99 540.44 -147.54 -532.09 0.00 0.00 0.00 -0.48 -28.58 -54.85 9.79 17.29 58.80 -0.80 -16.11 1.83 0.05 -1.39 -3.83 0.00 0.00 0.00 19.37 -0.46 5.50 -7.23 -15.53 49.75 -0.01 1.07 -1.54 -0.05 1.40 -3.86 -2.85 8.32 12.14 -4.94 10.42 4.99 -4.88 5.17 -1.02 -6.58 1.42 8.53 22.34 1.00 4.96 7.98 0.24 -0.26 0.00 -0.00 0.00 -80.62 -12.34 54.89 138.08 -49.17 -100.12 -0.00 0.00 -37.68 1.73 16.95 0.50 -7.12 0.00 -0.00 -24.20 45.43 -0.27 0.00 -0.00 0.00 24.10 42.69 -27.74 -38.78 47.33 -17.54 0.00 -0.00 -55.57 -13.69 4.36 -1.06 7.12 -0.00 -0.00 9.74 -25.48 4.67
-2.75 16.50 4.89 537.93 -143.19 -530.82 0.00 0.00 0.00 1.86 -26.27 -51.84 8.93 16.77 55.86 -0.54 -13.83 -0.31 0.31 -3.57 -9.88 0.00 0.00 0.00 19.15 3.45 5.91 -6.67 -15.05 47.61 0.05 5.69 6.42 -0.37 3.89 -10.76 -3.27 8.13 11.76 -4.97 10.13 5.07 -4.59 5.01 -0.83 -6.67 2.50 7.67 23.00 2.35 5.54 8.17 0.96 -0.17 -0.00 -0.00 0.00 -80.91 -7.03 53.69 139.60 -48.30 -101.27 -0.00 0.00 -39.67 0.10 17.95 0.03 -7.12 0.00 -0.00 -26.06 46.14 -0.79 -0.00 -0.00 0.00 41.29 40.65 -13.91 -48.27 52.27 -24.80 0.00 -0.00 -57.52 -12.35 4.66 -1.02 7.12 -0.00 -0.00 10.71 -25.20 5.22
-2.76 16.94 4.67 537.13 -138.77 -528.68 0.00 0.00 0.00 3.82 -25.23 -49.55 7.44 15.69 50.50 -0.25 -9.34 0.19 0.83 -5.83 -16.29 0.00 0.00 0.00 18.63 8.98 4.32 -6.11 -14.54 45.44 -0.17 7.19 13.46 -0.63 5.09 -14.17 -4.91 7.62 10.83 -5.95 9.29 4.76 -4.53 4.56 -0.78 -6.58 3.69 7.46 23.68 3.82 6.25 8.33 1.71 -0.19 0.00 -0.00 0.00 -80.20 -1.60 51.57 140.78 -47.60 -102.14 -0.00 0.00 -40.81 -0.93 18.59 -0.30 -7.12 0.00 -0.00 -27.25 46.58 -1.15 0.00 -0.00 0.00 57.53 36.42 -1.01 -58.24 55.82 -32.88 0.00 -0.00 -59.16 -11.63 6.02 -1.24 7.12 -0.00 -0.00 11.14 -23.85 5.79
-2.72 17.46 4.37 534.58 -133.20 -524.88 0.00 0.00 0.00 7.83 -24.44 -47.06 5.93 14.36 44.71 -0.02 -2.70 2.34 0.98 -6.29 -17.64 0.00 0.00 0.00 18.79 13.83 1.63 -5.67 -14.10 43.63 -0.54 5.15 16.73 -0.48 4.44 -12.33 -5.91 7.29 10.12 -6.90 8.73 4.41 -4.86 4.26 -0.77 -6.02 4.59 7.54 23.16 5.06 6.26 7.99 2.30 -0.36 -0.00 -0.00 0.00 -79.39 4.26 47.88 142.37 -46.60 -103.30 -0.00 0.00 -43.02 -2.44 18.93 -0.79 -7.12 0.00 -0.00 -28.73 46.69 -1.30 -0.00 -0.00 0.00 70.38 30.51 10.77 -64.82 57.46 -38.38 0.00 -0.00 -59.42 -11.69 5.92 -1.22 7.12 -0.00 -0.00 11.10 -23.94 5.75
-2.67 17.94 4.07 532.10 -126.94 -522.04 0.00 0.00 0.00 10.29 -23.97 -43.37 4.88 13.25 40.32 -0.01 5.73 3.79 0.43 -4.22 -11.71 0.00 0.00 0.00 17.58 13.88 -1.03 -5.45 -13.87 42.72 -0.04 0.14 3.84 -0.92 6.10 -17.06 -7.32 7.38 10.10 -7.61 8.65 4.57 -4.84 4.17 -0.68 -5.27 4.62 5.72 21.58 4.96 7.39 7.39 2.42 0.39 0.00 -0.00 0.00 -79.53 9.04 43.52 144.01 -45.51 -104.48 -0.00 0.00 -44.47 -3.74 20.26 -1.30 -7.12 0.00 -0.00 -30.54 47.66 -2.20 0.00 -0.00 0.00 77.94 23.87 20.21 -68.45 58.17 -41.45 0.00 -0.00 -57.33 -11.28 5.96 -1.19 7.12 -0.00 -0.00 11.40 -23.92 5.91
-2.61 18.20 3.81 525.64 -121.61 -516.36 0.00 0.00 0.00 12.80 -22.10 -41.20 5.30 13.71 42.09 -0.14 8.59 2.69 0.13 -2.35 -6.48 0.00 0.00 0.00 18.58 11.21 -2.96 -4.96 -13.34 40.66 0.17 -9.69 -10.25 -0.66 5.18 -14.43 -5.96 7.41 9.93 -7.66 8.83 4.86 -5.58 4.27 -0.08 -4.93 4.85 5.06 19.58 5.48 6.47 6.67 2.67 0.27 0.00 -0.00 0.00 -80.06 13.12 39.33 146.12 -44.00 -105.97 -0.00 0.00 -45.07 -5.12 19.68 -1.73 -7.12 0.00 -0.00 -31.42 46.98 -1.70 0.00 -0.00 0.00 81.79 16.86 26.22 -72.13 58.76 -44.59 0.00 -0.00 -55.54 -11.28 6.94 -1.38 7.12 -0.00 -0.00 11.33 -22.94 6.14
-2.47 18.17 3.54 518.37 -117.32 -509.46 0.00 0.00 0.00 13.22 -17.61 -42.91 7.61 15.83 51.15 0.03 2.05 3.17 0.27 -3.35 -9.25 0.00 0.00 0.00 19.42 9.67 -5.94 -5.05 -13.44 41.02 -0.18 -9.56 -16.39 -0.68 5.27 -14.67 -5.00 6.72 9.79 -6.96 8.03 4.72 -5.27 3.88 -0.17 -5.02 5.62 4.65 17.26 6.65 5.97 5.92 3.24 0.15 0.00 0.00 0.00 -82.93 16.98 34.22 148.31 -42.30 -107.47 -0.00 0.00 -45.44 -6.98 22.41 -2.67 -7.12 0.00 -0.00 -34.58 49.03 -3.86 0.00 0.00 0.00 82.28 10.61 30.23 -75.45 59.18 -47.43 0.00 -0.00 -55.49 -7.15 8.40 -1.05 7.12 -0.00 -0.00 14.19 -21.61 8.22
-2.33 17.91 3.29 511.36 -112.95 -503.57 0.00 0.00 0.00 11.10 -13.65 -43.04 10.07 17.45 59.72 -0.05 -3.99 1.59 0.91 -6.08 -17.01 0.00 0.00 0.00 19.78 10.53 -7.61 -5.69 -14.12 43.72 -0.23 -6.52 -13.71 -1.31 7.25 -20.45 -4.04 6.19 10.48 -6.55 7.35 4.70 -5.37 3.55 -0.55 -4.32 6.17 4.18 14.77 7.53 5.63 5.01 3.69 0.19 -0.00 0.00 0.00 -85.32 18.66 28.99 150.18 -40.74 -108.71 -0.00 0.00 -46.56 -7.69 23.36 -3.07 -7.12 0.00 -0.00 -35.80 49.72 -4.70 -0.00 0.00 0.00 81.34 5.78 31.24 -79.04 59.54 -50.52 0.00 -0.00 -52.63 -7.03 8.64 -1.06 7.12 -0.00 -0.00 14.25 -21.37 8.33
-2.23 17.57 3.05 501.90 -107.53 -496.43 0.00 0.00 0.00 7.45 -10.17 -38.14 10.42 17.64 60.89 0.38 1.78 -12.48 0.81 -5.74 -16.05 0.00 0.00 0.00 20.03 13.49 -6.02 -6.30 -14.72 46.19 -0.59 -6.51 -18.32 -1.87 8.60 -24.54 -4.09 6.04 11.80 -5.94 7.02 4.71 -4.82 3.37 -1.37 -4.33 7.28 4.55 12.43 9.06 5.71 4.70 4.42 0.18 0.00 -0.00 0.00 -86.17 18.47 25.09 149.49 -41.32 -108.26 -0.00 0.00 -48.96 -6.17 19.30 -2.05 -7.12 0.00 -0.00 -32.11 46.51 -1.33 0.00 -0.00 0.00 79.31 3.60 30.03 -81.68 59.74 -52.80 0.00 -0.00 -51.58 -3.77 8.64 -0.57 7.12 -0.00 -0.00 16.54 -21.44 9.76
-2.21 17.40 2.81 499.16 -103.95 -493.01 0.00 0.00 0.00 6.23 -11.60 -35.12 9.82 17.31 58.90 0.76 3.55 -18.13 0.97 -6.27 -17.57 0.00 0.00 0.00 18.59 15.88 -5.15 -6.09 -14.51 45.33 -1.21 -4.23 -22.70 -3.04 10.77 -31.49 -4.92 4.84 10.26 -6.01 5.48 4.28 -4.11 2.60 -1.13 -4.68 8.60 5.65 11.93 10.76 5.94 4.46 5.22 -0.08 0.00 0.00 0.00 -83.51 13.95 21.28 146.25 -43.90 -106.06 -0.00 0.00 -50.22 -4.49 21.79 -1.67 -7.12 0.00 -0.00 -32.06 48.88 -3.39 0.00 0.00 0.00 78.41 4.26 29.35 -87.03 59.97 -57.43 0.00 -0.00 -53.14 -7.08 7.55 -0.93 7.12 -0.00 -0.00 14.31 -22.44 8.01
-2.15 17.40 2.56 496.09 -104.78 -489.83 0.00 0.00 0.00 10.75 -13.62 -35.55 9.87 17.34 59.05 0.41 0.68 -12.35 1.82 -8.47 -24.16 0.00 0.00 0.00 20.09 14.44 -4.73 -5.49 -13.92 42.90 -1.48 -2.14 -23.86 -2.75 10.29 -29.91 -3.30 3.44 10.66 -4.89 3.85 4.21 -3.68 1.82 -1.45 -4.92 9.04 5.27 11.78 11.12 7.99 4.52 5.42 0.62 0.00 -0.00 0.00 -78.08 4.84 20.48 143.30 -45.99 -103.97 -0.00 0.00 -51.90 -4.12 22.13 -1.55 -7.12 0.00 -0.00 -31.93 49.22 -3.67 0.00 -0.00 0.00 77.81 5.68 27.31 -94.05 59.94 -63.50 0.00 -0.00 -52.76 -9.37 6.34 -1.04 7.12 -0.00 -0.00 12.77 -23.58 6.76
-2.08 17.67 2.37 497.88 -103.54 -491.61 0.00 0.00 0.00 11.78 -12.84 -37.43 9.77 17.28 58.72 -0.00 -1.13 -0.55 1.61 -8.01 -22.75 0.00 0.00 0.00 18.02 12.07 -6.35 -5.32 -13.74 42.19 -1.07 1.28 -19.18 -2.39 9.63 -27.77 -4.13 3.25 12.06 -5.01 3.38 4.55 -3.37 1.56 -1.92 -5.07 8.92 5.48 12.53 10.90 8.09 4.82 5.29 0.57 0.00 -0.00 0.00 -71.58 -6.66 19.85 144.20 -45.38 -104.62 -0.00 0.00 -53.03 -3.30 21.45 -1.21 -7.12 0.00 -0.00 -30.82 48.76 -3.14 0.00 -0.00 0.00 78.52 6.65 25.09 -100.44 59.58 -69.03 0.00 -0.00 -51.39 -7.27 6.64 -0.85 7.12 -0.00 -0.00 14.26 -23.31 7.68
-2.00 18.01 2.27 498.52 -102.78 -491.57 0.00 0.00 0.00 12.57 -12.26 -40.74 9.64 17.21 58.29 0.27 -0.99 10.15 0.30 -3.55 -9.80 0.00 0.00 0.00 15.55 11.80 -9.69 -5.58 -14.01 43.26 -0.30 4.04 -9.72 -1.68 8.17 -23.25 -3.88 3.00 13.26 -5.25 2.96 4.94 -3.75 1.34 -2.15 -6.61 8.77 4.95 14.20 10.63 7.91 5.11 5.16 0.34 -0.00 0.00 0.00 -66.33 -16.20 17.63 147.41 -43.01 -106.86 -0.00 0.00 -52.47 -3.80 20.88 -1.36 -7.12 0.00 -0.00 -30.94 48.20 -2.68 -0.00 0.00 0.00 78.27 7.50 25.16 -104.55 59.18 -72.57 0.00 -0.00 -51.34 -6.98 7.17 -0.87 7.12 -0.00 -0.00 14.42 -22.81 7.95
-1.98 18.24 2.25 496.45 -101.39 -489.09 0.00 0.00 0.00 12.59 -12.18 -42.74 9.48 17.11 57.75 0.17 -1.56 8.57 0.30 -3.52 -9.73 0.00 0.00 0.00 12.95 13.73 -13.36 -6.76 -15.13 47.96 -0.09 -1.09 -6.07 -1.27 7.13 -20.10 -3.79 3.06 14.36 -5.32 2.94 4.97 -3.93 1.33 -2.70 -7.67 8.72 3.15 14.03 10.47 9.58 5.37 5.14 1.09 -0.00 -0.00 0.00 -63.36 -20.49 16.30 151.33 -39.73 -109.45 -0.00 0.00 -55.10 -2.98 21.33 -1.09 -7.12 0.00 -0.00 -30.47 48.70 -3.04 -0.00 -0.00 0.00 76.72 7.29 27.30 -107.64 58.79 -75.21 0.00 -0.00 -51.05 -7.38 7.24 -0.94 7.12 -0.00 -0.00 14.12 -22.73 7.80
-2.01 18.32 2.25 504.91 -97.74 -497.49 0.00 0.00 0.00 9.29 -12.53 -43.30 8.94 16.77 55.88 0.09 0.65 5.56 0.45 -4.30 -11.93 0.00 0.00 0.00 7.74 15.74 -15.68 -8.51 -16.48 54.39 -0.07 -4.12 -8.12 -0.90 6.03 -16.87 -5.97 3.58 15.64 -6.56 3.03 4.87 -4.14 1.33 -3.52 -7.55 8.63 1.69 13.46 10.37 10.61 5.29 5.15 1.69 -0.00 -0.00 0.00 -64.40 -18.47 17.98 154.14 -37.07 -111.20 -0.00 0.00 -56.46 -4.86 21.16 -1.76 -7.12 0.00 -0.00 -32.01 48.28 -2.87 -0.00 -0.00 0.00 75.49 6.40 30.09 -110.39 58.37 -77.56 0.00 -0.00 -50.53 -4.11 8.63 -0.62 7.12 -0.00 -0.00 16.31 -21.44 9.61
-2.13 18.21 2.20 512.43 -96.52 -505.89 0.00 0.00 0.00 8.85 -13.75 -42.80 8.04 16.15 52.71 0.02 2.26 2.78 0.53 -4.67 -12.97 0.00 0.00 0.00 6.08 17.24 -13.49 -8.65 -16.57 54.86 -0.13 0.28 -6.68 -1.15 6.82 -19.17 -6.73 3.91 16.34 -7.12 3.20 5.24 -4.38 1.38 -3.50 -7.25 8.34 -0.05 13.38 9.94 12.09 5.37 5.02 2.47 0.00 -0.00 0.00 -69.84 -11.48 20.67 154.97 -36.23 -111.69 -0.00 0.00 -53.80 -5.42 21.88 -2.03 -7.12 0.00 -0.00 -32.92 48.82 -3.45 0.00 -0.00 0.00 75.19 5.19 32.15 -110.98 58.27 -78.07 0.00 -0.00 -50.62 -3.34 8.33 -0.48 7.12 -0.00 -0.00 16.88 -21.74 9.85
-2.33 17.90 2.12 496.87 -96.68 -490.79 0.00 0.00 0.00 12.49 -13.20 -42.57 7.08 15.40 49.18 -0.03 4.74 2.04 0.60 -4.98 -13.85 0.00 0.00 0.00 8.70 19.73 -8.17 -6.51 -14.90 46.98 -0.15 -1.28 -7.95 -1.64 8.08 -22.97 -6.37 4.37 15.95 -6.73 3.92 4.94 -4.29 1.76 -3.59 -6.10 8.09 -2.14 13.26 9.31 15.33 5.39 4.83 3.92 -0.00 -0.00 0.00 -77.34 -0.84 20.21 153.19 -38.00 -110.62 -0.00 0.00 -54.86 -7.74 21.43 -2.84 -7.12 0.00 -0.00 -34.64 48.10 -2.99 -0.00 -0.00 0.00 75.59 2.67 33.82 -107.49 58.81 -75.08 0.00 -0.00 -51.06 -3.48 8.34 -0.51 7.12 -0.00 -0.00 16.78 -21.73 9.79
-2.58 17.48 2.09 460.64 -97.17 -454.31 0.00 0.00 0.00 18.02 -11.47 -40.84 6.17 14.59 45.65 -0.07 7.36 3.26 0.43 -4.23 -11.72 0.00 0.00 0.00 11.10 22.95 -3.01 -5.19 -13.59 41.62 -0.58 2.74 -13.72 -3.07 10.81 -31.65 -5.74 5.14 14.22 -6.84 5.19 4.10 -4.88 2.40 -3.47 -4.87 8.23 -4.26 13.72 9.06 18.39 5.58 4.88 5.27 0.00 -0.00 0.00 -84.87 10.48 12.77 149.74 -41.12 -108.42 -0.00 0.00 -59.38 -9.54 22.56 -3.69 -7.12 0.00 -0.00 -36.86 48.78 -3.93 0.00 -0.00 0.00 77.33 0.41 36.04 -100.10 59.61 -68.73 0.00 -0.00 -51.20 -3.54 8.23 -0.51 7.12 -0.00 -0.00 16.75 -21.84 9.73
-2.83 17.13 2.24 422.49 -99.48 -416.94 0.00 0.00 0.00 21.56 -12.55 -34.03 5.39 13.81 42.47 -0.11 9.52 4.52 0.22 -3.02 -8.35 0.00 0.00 0.00 9.93 22.36 -0.37 -4.07 -12.25 36.64 -0.64 11.15 -15.19 -2.81 10.39 -30.24 -5.39 5.57 13.93 -7.90 5.67 3.28 -6.34 2.62 -4.02 -2.78 9.60 -4.65 12.70 10.63 20.38 5.11 5.69 6.01 0.00 0.00 0.00 -92.17 19.07 -1.43 142.84 -46.30 -103.64 -0.00 0.00 -65.91 -15.47 23.77 -6.37 -7.12 0.00 -0.00 -42.58 48.84 -4.85 0.00 0.00 0.00 80.11 -0.64 40.20 -89.09 60.00 -59.21 0.00 -0.00 -51.38 -4.93 7.61 -0.65 7.12 -0.00 -0.00 15.84 -22.41 8.94
-3.11 16.91 2.44 400.19 -104.90 -395.36 0.00 0.00 0.00 22.44 -13.35 -25.26 5.12 13.52 41.36 -0.27 9.21 -1.99 2.06 -8.99 -25.77 0.00 0.00 0.00 8.29 22.43 -0.91 -3.77 -11.85 35.20 -0.11 16.69 -12.76 -2.26 9.39 -27.04 -5.95 6.31 13.29 -9.18 6.38 2.31 -7.55 2.93 -4.57 -2.53 11.14 -3.83 13.16 12.27 22.91 5.35 6.45 6.52 -0.00 -0.00 0.00 -92.60 19.34 -12.06 121.12 -56.01 -86.59 -0.00 0.00 -81.97 -12.24 21.52 -4.55 -7.12 0.00 -0.00 -38.45 47.53 -2.80 -0.00 -0.00 0.00 83.14 -2.50 43.23 -74.10 59.02 -46.28 0.00 -0.00 -51.70 -6.87 5.25 -0.63 7.12 -0.00 -0.00 14.69 -24.68 7.45
-3.31 16.90 2.70 399.83 -106.71 -394.01 0.00 0.00 0.00 22.90 -16.08 -24.38 5.74 14.18 43.95 -0.42 11.64 -6.56 2.65 -10.11 -29.32 0.00 0.00 0.00 7.69 24.19 -3.01 -4.11 -12.30 36.81 0.34 16.77 -8.05 -1.77 8.37 -23.83 -7.56 5.02 12.47 -9.61 4.47 2.45 -6.71 1.97 -4.22 -1.74 13.52 -4.81 11.11 15.39 27.53 5.10 7.69 8.24 -0.00 0.00 0.00 -85.14 11.45 -15.54 83.54 -59.84 -54.41 -0.00 0.00 -98.54 -8.03 8.25 -1.16 -7.12 0.00 -0.00 -28.85 36.67 6.60 -0.00 0.00 0.00 83.83 -4.67 45.69 -66.03 57.71 -39.40 0.00 -0.00 -52.84 -4.75 5.08 -0.42 7.12 -0.00 -0.00 16.26 -24.85 8.24
-3.39 16.99 3.04 412.42 -104.46 -405.77 0.00 0.00 0.00 23.99 -17.76 -32.58 7.36 15.63 50.23 -0.35 10.62 -1.79 2.04 -8.94 -25.62 0.00 0.00 0.00 6.97 24.99 -5.42 -4.83 -13.19 40.09 0.55 13.44 1.47 -1.15 6.80 -19.12 -9.03 3.30 15.01 -9.78 1.66 3.86 -5.69 0.54 -4.30 -0.68 15.30 -5.03 10.41 17.62 29.38 5.01 8.66 8.96 0.00 -0.00 0.00 -75.94 0.10 -11.51 73.55 -58.95 -45.80 -0.00 0.00 -95.15 -2.26 22.83 -0.88 -7.12 0.00 -0.00 -30.70 50.11 -4.22 0.00 -0.00 0.00 83.52 -7.27 44.41 -62.39 56.91 -36.33 0.00 -0.00 -56.52 -1.30 4.64 -0.10 7.12 -0.00 -0.00 18.81 -25.26 9.48
-3.46 16.96 3.45 435.78 -103.76 -428.00 0.00 0.00 0.00 25.46 -15.80 -42.98 8.66 16.59 54.91 0.02 -0.19 2.86 1.81 -8.47 -24.15 0.00 0.00 0.00 6.83 24.75 -7.63 -5.61 -14.04 43.41 0.15 6.93 1.85 -1.26 7.11 -20.04 -9.14 2.61 17.84 -8.46 0.60 5.70 -4.02 0.00 -3.88 -1.03 15.56 -5.41 10.46 18.00 29.37 5.12 8.81 8.96 -0.00 0.00 0.00 -70.32 -17.69 -1.04 91.29 -59.99 -61.12 -0.00 0.00 -81.15 -11.00 25.54 -4.79 -7.12 0.00 -0.00 -40.13 50.96 -6.84 -0.00 0.00 0.00 80.81 -10.60 41.69 -61.33 56.65 -35.45 0.00 -0.00 -61.85 3.62 5.14 0.33 7.12 -0.00 -0.00 22.20 -24.72 11.75
-3.66 16.72 3.86 462.45 -106.30 -452.39 0.00 0.00 0.00 25.63 -14.45 -51.51 8.18 16.25 53.21 -0.10 -5.67 0.43 1.21 -6.98 -19.66 0.00 0.00 0.00 7.98 23.67 -7.31 -5.67 -14.10 43.65 -0.06 -4.34 -8.16 -1.01 6.40 -17.95 -5.96 2.25 17.82 -5.97 1.08 5.89 -3.19 0.33 -3.66 -2.67 14.52 -2.27 11.95 16.17 30.11 5.47 7.87 8.43 0.00 -0.00 0.00 -69.35 -37.71 17.43 97.06 -59.81 -66.11 -0.00 0.00 -71.91 -11.77 26.10 -5.24 -7.12 0.00 -0.00 -41.20 51.27 -7.44 0.00 -0.00 0.00 78.27 -13.81 40.37 -57.11 55.49 -31.94 0.00 -0.00 -66.99 5.40 4.13 0.39 7.12 -0.00 -0.00 23.63 -25.61 12.10
-3.97 16.47 4.40 478.83 -106.58 -468.62 0.00 0.00 0.00 20.31 -16.55 -53.84 8.41 16.41 54.02 0.18 -2.60 -7.51 1.15 -6.82 -19.19 0.00 0.00 0.00 5.72 22.61 -2.08 -4.75 -13.10 39.74 -0.23 -3.95 -11.31 -1.06 6.54 -18.37 -4.72 2.36 17.10 -4.73 1.67 6.31 -2.64 0.64 -2.83 -5.29 13.71 -1.09 13.86 14.52 32.72 6.51 6.92 8.82 0.00 0.00 0.00 -74.85 -46.57 33.15 101.95 -59.45 -70.33 -0.00 0.00 -68.76 -14.01 24.72 -5.95 -7.12 0.00 -0.00 -42.06 49.81 -5.93 0.00 0.00 0.00 77.28 -10.59 42.50 -50.51 53.20 -26.58 0.00 -0.00 -67.06 3.36 4.12 0.24 7.12 -0.00 -0.00 22.21 -25.68 11.21
-4.20 16.18 4.88 487.34 -105.69 -479.03 0.00 0.00 0.00 17.08 -19.07 -56.20 10.52 17.69 61.22 0.21 -4.94 -8.31 1.55 -7.85 -22.25 0.00 0.00 0.00 3.78 22.20 2.87 -4.77 -13.12 39.81 -0.34 -1.19 -11.54 -1.19 6.93 -19.51 -4.02 4.59 17.93 -3.88 4.67 6.44 -2.77 2.11 -3.09 -4.44 11.87 1.93 13.70 11.88 31.84 5.99 5.77 8.33 0.00 -0.00 0.00 -87.07 -48.54 52.25 105.27 -59.10 -73.19 -0.00 0.00 -65.30 -14.28 24.31 -5.98 -7.12 0.00 -0.00 -41.99 49.45 -5.49 0.00 -0.00 0.00 80.46 -5.17 40.62 -50.51 53.20 -26.58 0.00 -0.00 -70.24 2.53 4.13 0.18 7.12 -0.00 -0.00 21.62 -25.69 10.86
-4.42 16.05 5.15 486.17 -104.57 -479.17 0.00 0.00 0.00 13.74 -16.36 -55.97 11.59 18.21 64.69 0.25 -7.56 -9.64 1.05 -6.52 -18.31 0.00 0.00 0.00 4.05 21.09 2.50 -6.11 -14.54 45.44 -0.33 -0.07 -10.88 -1.06 6.54 -18.35 -4.00 7.49 15.87 -2.39 8.71 6.80 -1.78 4.10 -1.78 -5.49 10.10 2.97 14.80 9.33 31.46 6.41 4.61 8.11 0.00 -0.00 0.00 -95.10 -43.34 63.80 110.26 -58.39 -77.45 -0.00 0.00 -63.60 -15.52 24.20 -6.49 -7.12 0.00 -0.00 -42.92 49.17 -5.32 0.00 -0.00 0.00 83.35 7.69 40.86 -52.57 53.98 -28.24 0.00 -0.00 -69.77 1.39 3.21 0.08 7.12 -0.00 -0.00 20.97 -26.57 10.02
-4.47 16.10 5.29 491.23 -103.56 -487.09 0.00 0.00 0.00 9.65 -15.27 -52.76 11.54 18.19 64.53 0.11 -9.45 -8.37 0.91 -6.09 -17.05 0.00 0.00 0.00 4.89 15.92 1.00 -8.03 -16.14 52.69 -0.15 3.44 -6.90 -0.99 6.35 -17.79 -2.62 8.76 17.71 -2.34 10.42 7.45 -2.97 4.94 -1.80 -4.37 9.27 2.83 14.97 8.21 31.04 6.26 4.28 8.18 0.00 -0.00 0.00 -93.60 -36.41 65.35 114.92 -57.52 -81.40 -0.00 0.00 -62.54 -17.41 24.66 -7.45 -7.12 0.00 -0.00 -44.78 49.23 -5.72 0.00 -0.00 0.00 89.77 27.03 43.59 -53.83 54.43 -29.26 0.00 -0.00 -66.15 1.25 4.82 0.10 7.12 -0.00 -0.00 20.59 -25.06 10.60
-4.38 16.30 5.24 502.58 -103.06 -498.55 0.00 0.00 0.00 5.69 -13.78 -52.07 10.58 17.73 61.42 -0.10 -9.87 -4.97 0.77 -5.62 -15.68 0.00 0.00 0.00 5.39 9.19 -4.78 -9.24 -16.96 56.92 0.11 6.03 0.73 -1.51 7.76 -21.97 -3.03 9.88 18.17 -1.89 11.79 7.78 -2.60 5.60 -1.80 -3.76 8.49 3.26 14.90 7.41 29.23 5.98 4.00 7.60 -0.00 0.00 0.00 -92.30 -32.28 66.51 114.99 -57.50 -81.46 -0.00 0.00 -61.43 -16.10 23.83 -6.65 -7.12 0.00 -0.00 -43.13 48.79 -4.88 -0.00 0.00 0.00 95.70 45.22 47.40 -60.38 56.41 -34.65 0.00 -0.00 -69.02 2.18 4.39 0.17 7.12 -0.00 -0.00 21.33 -25.45 10.82
-4.26 16.65 5.17 522.08 -104.08 -517.18 0.00 0.00 0.00 0.54 -14.33 -50.55 8.76 16.65 55.24 -0.27 -9.62 0.49 0.49 -4.48 -12.43 0.00 0.00 0.00 5.49 2.15 -9.01 -9.67 -17.22 58.39 0.06 -6.51 -7.61 -1.71 8.24 -23.45 -4.59 10.48 18.09 -1.68 12.35 8.02 -1.67 5.84 -1.86 -3.63 7.22 5.02 15.21 5.85 27.25 5.84 3.26 6.78 -0.00 0.00 0.00 -91.84 -29.51 67.78 114.93 -57.52 -81.41 -0.00 0.00 -59.78 -15.96 23.35 -6.47 -7.12 0.00 -0.00 -42.68 48.44 -4.37 -0.00 0.00 0.00 99.97 58.17 51.78 -65.22 57.55 -38.72 0.00 -0.00 -74.16 5.47 5.88 0.56 7.12 -0.00 -0.00 23.34 -24.00 12.90
-4.15 17.19 5.12 529.72 -108.67 -522.29 0.00 0.00 0.00 -1.03 -15.76 -49.49 6.28 14.69 46.10 -0.17 -9.01 8.98 0.18 -2.72 -7.51 0.00 0.00 0.00 9.03 0.60 -13.07 -9.54 -17.14 57.93 1.52 -21.42 -11.35 -0.72 5.42 -15.10 -2.46 9.05 16.79 -2.28 11.01 6.72 -3.03 5.31 -2.07 -2.87 6.30 7.47 16.00 4.46 26.60 5.85 2.62 6.29 -0.00 0.00 0.00 -89.80 -26.03 66.52 116.60 -57.15 -82.82 -0.00 0.00 -59.69 -15.13 21.52 -5.66 -7.12 0.00 -0.00 -40.79 47.11 -2.54 -0.00 0.00 0.00 100.62 61.99 54.56 -66.92 57.89 -40.16 0.00 -0.00 -71.74 4.10 8.44 0.60 7.12 -0.00 -0.00 21.98 -21.66 13.31
-4.00 17.70 5.08 532.27 -111.70 -523.32 0.00 0.00 0.00 -0.39 -17.04 -46.92 4.04 12.22 36.50 0.65 -5.22 18.04 0.02 -0.82 -2.25 0.00 0.00 0.00 12.29 3.40 -13.42 -8.25 -16.30 53.44 3.82 -32.26 -16.68 -0.07 -1.75 4.81 -0.57 7.86 15.12 -2.78 9.86 6.47 -4.10 4.82 -1.10 -2.32 5.38 7.17 15.82 3.48 25.14 5.63 2.18 5.99 -0.00 -0.00 0.00 -88.25 -24.33 64.63 120.34 -56.22 -85.94 -0.00 0.00 -59.87 -14.20 21.75 -5.36 -7.12 0.00 -0.00 -40.19 47.43 -2.86 -0.00 -0.00 0.00 97.81 59.52 53.50 -66.27 57.76 -39.60 0.00 -0.00 -70.78 4.03 8.83 0.62 7.12 -0.00 -0.00 21.87 -21.29 13.43
-3.82 18.08 5.08 531.57 -112.54 -521.65 0.00 0.00 0.00 2.98 -19.16 -44.60 3.07 10.81 31.65 0.66 -0.39 15.52 0.82 -5.79 -16.19 0.00 0.00 0.00 14.44 6.63 -13.02 -6.81 -15.17 48.15 3.30 -31.52 -23.02 -0.42 -4.16 11.53 0.36 7.01 13.78 -2.24 8.95 6.15 -3.76 4.40 -0.73 -3.71 5.01 6.25 14.78 3.65 22.16 5.42 2.09 5.16 -0.00 0.00 0.00 -88.05 -22.16 61.98 125.58 -54.63 -90.26 -0.00 0.00 -58.66 -16.69 23.92 -6.93 -7.12 0.00 -0.00 -43.66 48.77 -4.94 -0.00 0.00 0.00 94.47 51.98 52.65 -64.76 57.45 -38.33 0.00 -0.00 -70.56 3.62 8.45 0.53 7.12 -0.00 -0.00 21.66 -21.65 13.09
-3.62 18.30 5.21 533.87 -109.83 -524.74 0.00 0.00 0.00 3.56 -20.44 -40.27 3.51 11.47 33.90 0.19 0.93 7.90 1.11 -6.68 -18.77 0.00 0.00 0.00 12.29 8.95 -11.31 -5.70 -14.13 43.75 1.31 -24.26 -24.40 -0.27 -3.34 9.23 -0.12 7.34 13.77 -1.94 9.33 6.35 -3.23 4.57 -0.63 -4.67 4.54 4.84 12.43 3.97 18.15 4.72 2.09 4.19 0.00 0.00 0.00 -88.02 -20.23 60.04 131.05 -52.56 -94.66 -0.00 0.00 -57.34 -16.85 24.93 -7.27 -7.12 0.00 -0.00 -44.52 49.52 -6.05 0.00 0.00 0.00 90.69 42.53 50.37 -64.24 57.34 -37.89 0.00 -0.00 -69.85 2.73 7.11 0.34 7.12 -0.00 -0.00 21.26 -22.90 12.14
-3.39 18.27 5.28 535.32 -107.56 -526.77 0.00 0.00 0.00 3.16 -18.31 -38.63 4.67 13.01 39.39 0.15 -7.36 13.41 1.41 -7.51 -21.22 0.00 0.00 0.00 10.31 11.19 -11.38 -5.82 -14.25 44.25 0.01 -16.64 -23.54 -0.05 1.46 -4.03 -0.33 7.13 13.99 -1.70 9.02 6.36 -2.86 4.41 -0.83 -6.22 4.39 1.75 10.86 4.53 14.65 4.47 2.30 3.61 0.00 0.00 0.00 -87.02 -18.16 56.93 136.47 -50.03 -98.89 -0.00 0.00 -54.72 -16.07 22.90 -6.40 -7.12 0.00 -0.00 -42.46 48.06 -3.88 0.00 0.00 0.00 88.69 34.16 49.68 -63.49 57.17 -37.26 0.00 -0.00 -66.08 2.48 5.86 0.25 7.12 -0.00 -0.00 21.28 -24.08 11.53
-3.16 18.01 5.31 540.95 -106.32 -533.21 0.00 0.00 0.00 1.39 -16.61 -36.78 6.09 14.52 45.35 -0.15 -9.95 11.30 1.21 -6.98 -19.65 0.00 0.00 0.00 7.52 12.36 -13.00 -7.82 -15.99 51.92 -0.56 -12.00 -23.14 -0.25 3.20 -8.84 -1.22 6.49 14.64 -1.99 8.03 6.11 -2.64 3.89 -1.56 -5.98 4.27 -0.86 8.69 5.05 10.91 3.74 2.56 2.98 0.00 0.00 0.00 -85.39 -15.43 53.04 142.10 -46.78 -103.11 -0.00 0.00 -52.58 -14.52 22.25 -5.60 -7.12 0.00 -0.00 -40.78 47.78 -3.33 0.00 0.00 0.00 87.26 26.29 48.96 -65.60 57.63 -39.04 0.00 -0.00 -63.50 3.26 5.93 0.34 7.12 -0.00 -0.00 21.82 -24.00 11.91
-2.98 17.63 5.29 548.64 -105.68 -541.84 0.00 0.00 0.00 -1.40 -13.59 -35.11 6.31 14.72 46.22 -0.49 -12.35 3.47 2.10 -9.08 -26.05 0.00 0.00 0.00 4.85 13.22 -14.79 -11.21 -18.04 63.46 -0.79 -8.57 -22.00 -0.40 4.07 -11.26 -3.18 6.01 14.76 -2.05 7.13 5.56 -1.55 3.42 -2.45 -6.42 4.08 -2.43 7.48 5.22 7.54 3.76 2.63 2.48 -0.00 -0.00 0.00 -84.21 -12.88 49.28 146.41 -43.78 -106.17 -0.00 0.00 -51.03 -12.94 21.69 -4.85 -7.12 0.00 -0.00 -39.13 47.57 -2.91 -0.00 -0.00 0.00 85.59 18.89 47.62 -70.29 58.48 -43.02 0.00 -0.00 -61.70 2.56 5.38 0.24 7.12 -0.00 -0.00 21.42 -24.52 11.38
-2.78 17.22 5.22 552.13 -106.83 -547.06 0.00 0.00 0.00 -3.95 -11.26 -34.43 6.34 14.75 46.31 -0.63 -15.45 -1.54 1.45 -7.62 -21.56 0.00 0.00 0.00 4.24 12.83 -14.43 -13.47 -18.95 70.59 -0.49 -5.97 -16.80 -0.52 4.61 -12.81 -3.27 4.81 15.06 -2.02 5.53 5.35 -1.23 2.64 -2.84 -6.06 3.51 -3.86 6.83 4.64 5.77 3.45 2.37 2.22 0.00 -0.00 0.00 -82.94 -12.31 45.07 148.65 -42.03 -107.69 -0.00 0.00 -49.98 -11.99 21.52 -4.45 -7.12 0.00 -0.00 -38.25 47.56 -2.81 0.00 -0.00 0.00 84.64 13.68 45.59 -75.12 59.15 -47.15 0.00 -0.00 -59.56 3.70 5.35 0.35 7.12 -0.00 -0.00 22.22 -24.53 11.87
-2.55 16.90 5.09 554.38 -107.98 -551.01 0.00 0.00 0.00 -5.81 -12.06 -33.80 6.62 15.00 47.41 -0.04 -12.71 -8.42 1.93 -8.71 -24.90 0.00 0.00 0.00 4.99 12.48 -9.94 -11.87 -18.34 65.58 -1.14 -0.59 -20.45 -1.86 8.58 -24.49 -3.33 3.72 15.34 -1.91 4.08 5.46 -0.84 1.92 -2.88 -6.12 3.32 -4.15 7.36 4.46 4.00 3.61 2.30 1.69 0.00 -0.00 0.00 -82.20 -14.73 40.99 148.69 -41.99 -107.72 -0.00 0.00 -50.30 -11.38 22.49 -4.40 -7.12 0.00 -0.00 -38.36 48.44 -3.78 0.00 -0.00 0.00 83.49 10.34 43.67 -82.63 59.79 -53.62 0.00 -0.00 -60.22 2.28 6.93 0.28 7.12 -0.00 -0.00 20.98 -23.08 11.87
-2.26 16.95 4.90 554.92 -103.96 -551.90 0.00 0.00 0.00 -3.83 -14.02 -31.76 6.25 14.66 45.96 0.32 -7.31 -10.53 3.07 -10.80 -31.62 0.00 0.00 0.00 6.41 14.57 -7.76 -10.71 -17.79 61.84 -1.78 -0.24 -25.36 -2.78 10.32 -30.02 -2.52 4.13 15.24 -1.59 4.77 5.18 -1.09 2.26 -3.10 -6.51 3.37 -4.10 8.24 4.55 3.04 3.97 2.36 1.34 0.00 -0.00 0.00 -81.50 -17.37 37.47 149.44 -41.37 -108.22 -0.00 0.00 -49.45 -10.08 21.56 -3.74 -7.12 0.00 -0.00 -36.69 47.88 -2.99 0.00 -0.00 0.00 83.04 10.37 42.13 -89.92 60.00 -59.93 0.00 -0.00 -60.01 1.78 6.14 0.19 7.12 -0.00 -0.00 20.75 -23.82 11.34
-1.91 17.27 4.67 569.87 -96.88 -565.65 0.00 0.00 0.00 -2.62 -13.82 -29.13 5.26 13.67 41.92 0.24 0.37 -9.41 3.20 -11.01 -32.31 0.00 0.00 0.00 4.50 16.96 -7.34 -8.11 -16.20 52.97 -1.88 4.77 -24.86 -2.44 9.72 -28.08 -2.61 5.31 14.84 -1.97 6.29 4.70 -1.70 3.02 -3.35 -5.59 4.12 -3.75 7.61 5.52 2.74 3.56 2.83 1.14 -0.00 -0.00 0.00 -78.81 -19.18 32.43 152.32 -38.82 -110.07 -0.00 0.00 -49.81 -10.59 21.23 -3.87 -7.12 0.00 -0.00 -36.91 47.53 -2.65 -0.00 -0.00 0.00 83.62 12.87 42.61 -100.23 59.60 -68.85 0.00 -0.00 -58.84 2.20 4.61 0.18 7.12 -0.00 -0.00 21.30 -25.25 10.92
-1.53 17.78 4.45 670.58 -92.84 -665.02 0.00 0.00 0.00 -0.59 -13.58 -25.20 3.90 12.03 35.83 -0.27 9.77 -6.98 2.78 -10.33 -30.06 0.00 0.00 0.00 2.17 16.52 -9.79 -5.81 -14.24 44.20 -0.46 13.47 -14.34 -0.64 5.12 -14.26 -2.09 6.02 15.17 -1.93 7.28 4.36 -2.17 3.50 -3.82 -4.32 5.55 -3.92 5.84 7.40 3.43 2.77 3.75 1.36 -0.00 0.00 0.00 -74.99 -20.42 25.64 156.12 -35.03 -112.36 -0.00 0.00 -49.78 -11.07 20.68 -3.95 -7.12 0.00 -0.00 -36.98 47.00 -2.11 -0.00 0.00 0.00 83.96 17.69 45.55 -112.55 57.99 -79.40 0.00 -0.00 -56.71 3.31 6.88 0.40 7.12 -0.00 -0.00 21.69 -23.12 12.32
-1.14 18.28 4.22 717.77 -97.68 -711.47 0.00 0.00 0.00 2.18 -15.65 -21.63 3.16 10.96 32.13 -0.79 15.50 -5.25 1.08 -6.60 -18.55 0.00 0.00 0.00 1.33 15.46 -11.95 -4.21 -12.43 37.27 0.75 16.96 -1.91 -0.60 4.96 -13.80 -1.30 6.07 16.18 -1.50 7.41 4.51 -2.27 3.54 -4.15 -2.66 6.90 -3.72 3.78 9.19 3.57 1.83 4.62 1.44 -0.00 0.00 0.00 -69.44 -21.88 17.83 159.95 -30.70 -114.44 -0.00 0.00 -50.63 -9.79 21.74 -3.66 -7.12 0.00 -0.00 -36.56 48.07 -3.17 -0.00 0.00 0.00 85.19 24.45 47.96 -123.87 55.19 -88.86 0.00 -0.00 -54.51 6.85 6.27 0.75 7.12 -0.00 -0.00 24.21 -23.61 13.71
-0.76 18.60 3.89 715.94 -99.59 -708.90 0.00 0.00 0.00 1.33 -15.12 -23.56 3.71 11.77 34.92 -0.05 4.40 0.68 1.34 -7.34 -20.72 0.00 0.00 0.00 0.03 18.81 -12.01 -4.16 -12.37 37.07 -0.39 3.26 -11.15 -1.06 6.55 -18.39 -3.03 5.30 16.05 -1.27 6.13 4.62 -0.82 2.91 -4.21 -1.61 7.69 -1.95 3.08 10.20 3.04 1.34 5.11 1.01 0.00 -0.00 0.00 -62.19 -23.41 11.03 161.91 -28.28 -115.41 -0.00 0.00 -53.52 -8.27 20.34 -2.89 -7.12 0.00 -0.00 -34.45 47.11 -2.03 0.00 -0.00 0.00 85.71 30.77 48.54 -132.66 51.86 -95.94 0.00 -0.00 -54.68 3.85 7.60 0.51 7.12 -0.00 -0.00 21.94 -22.43 12.86
-0.40 18.61 3.59 715.95 -99.21 -708.78 0.00 0.00 0.00 -0.75 -11.46 -29.35 6.03 14.46 45.12 -0.01 -1.69 1.00 1.48 -7.70 -21.80 0.00 0.00 0.00 0.24 21.61 -11.58 -5.37 -13.78 42.38 -0.48 -5.47 -16.26 -0.11 2.13 -5.87 -2.60 4.27 15.64 -0.90 4.90 4.54 -0.40 2.31 -4.05 -1.42 7.76 -0.22 3.59 10.20 4.19 1.42 5.10 1.06 -0.00 -0.00 0.00 -58.19 -25.38 10.06 161.60 -28.67 -115.26 -0.00 0.00 -52.91 -8.61 21.26 -3.14 -7.12 0.00 -0.00 -35.28 47.83 -2.80 -0.00 -0.00 0.00 86.00 35.09 46.62 -138.43 48.97 -100.38 0.00 -0.00 -54.30 2.58 8.88 0.40 7.12 -0.00 -0.00 20.89 -21.26 12.75
-0.11 18.49 3.32 714.45 -99.82 -709.16 0.00 0.00 0.00 -4.69 -7.40 -31.50 8.72 16.63 55.13 0.01 -0.83 -1.37 1.25 -7.10 -20.02 0.00 0.00 0.00 1.39 22.52 -8.37 -6.33 -14.74 46.30 -0.08 -6.09 -10.56 -0.25 3.23 -8.93 -2.46 3.87 16.19 -0.43 4.39 4.67 0.09 2.05 -4.23 -1.70 7.76 1.52 3.79 10.11 5.58 1.49 5.03 1.19 -0.00 0.00 0.00 -60.51 -23.64 14.82 160.98 -29.44 -114.96 -0.00 0.00 -46.67 -7.14 19.57 -2.40 -7.12 0.00 -0.00 -33.07 46.61 -1.48 -0.00 0.00 0.00 84.89 37.33 43.91 -142.60 46.45 -103.47 0.00 -0.00 -53.93 -0.79 11.08 -0.15 7.12 -0.00 -0.00 18.33 -19.15 11.92
0.05 18.20 3.02 716.56 -101.88 -712.86 0.00 0.00 0.00 -8.33 -3.68 -29.44 9.39 17.05 57.43 -0.05 -4.24 0.16 2.02 -8.91 -25.51 0.00 0.00 0.00 3.86 23.32 -3.92 -6.30 -14.71 46.16 0.10 -5.99 -4.72 -0.76 5.58 -15.56 -2.28 3.96 15.16 -0.08 4.61 4.81 0.38 2.16 -3.56 -2.13 7.93 2.49 4.41 10.23 6.56 1.73 5.07 1.27 0.00 0.00 0.00 -65.81 -19.79 17.61 161.37 -28.96 -115.15 -0.00 0.00 -46.51 -8.98 20.39 -3.15 -7.12 0.00 -0.00 -35.08 47.06 -2.02 0.00 0.00 0.00 84.40 37.59 42.52 -145.30 44.60 -105.40 0.00 -0.00 -53.15 2.41 8.08 0.34 7.12 -0.00 -0.00 20.89 -22.01 12.37
0.12 17.81 2.70 720.85 -104.57 -717.21 0.00 0.00 0.00 -10.36 1.57 -27.34 8.86 16.72 55.62 0.71 3.33 -17.46 1.94 -8.74 -24.99 0.00 0.00 0.00 6.37 20.33 -0.72 -5.51 -13.94 42.99 -0.39 -8.11 -17.42 -1.51 7.77 -22.03 -1.65 4.02 12.46 0.01 4.92 4.08 0.21 2.35 -2.83 -1.80 8.37 2.77 5.02 10.69 8.21 1.92 5.30 1.73 0.00 -0.00 0.00 -71.32 -14.62 18.86 162.22 -27.88 -115.55 -0.00 0.00 -43.91 -9.01 19.60 -3.05 -7.12 0.00 -0.00 -34.66 46.39 -1.35 0.00 -0.00 0.00 84.34 35.19 42.66 -146.85 43.45 -106.47 0.00 -0.00 -51.51 2.63 7.52 0.34 7.12 -0.00 -0.00 21.12 -22.53 12.25
0.22 17.51 2.40 728.47 -106.07 -724.86 0.00 0.00 0.00 -7.84 1.65 -24.91 8.31 16.34 53.67 1.57 4.15 -25.49 1.08 -6.61 -18.55 0.00 0.00 0.00 9.21 15.91 0.16 -4.81 -13.16 39.99 -1.33 -7.08 -25.42 -2.87 10.48 -30.54 0.42 3.69 11.84 0.06 4.80 3.07 -0.87 2.32 -3.38 -0.99 8.63 2.94 5.82 10.97 8.29 2.03 5.47 1.71 -0.00 0.00 0.00 -75.09 -10.65 18.11 163.19 -26.61 -116.00 -0.00 0.00 -42.58 -10.80 19.56 -3.66 -7.12 0.00 -0.00 -36.11 46.11 -1.14 -0.00 0.00 0.00 85.39 31.44 44.28 -147.85 42.67 -107.16 0.00 -0.00 -48.87 1.47 7.91 0.20 7.12 -0.00 -0.00 20.27 -22.17 11.87
0.45 17.40 2.13 730.61 -107.33 -727.17 0.00 0.00 0.00 -4.16 -1.12 -25.40 9.19 16.93 56.74 1.23 2.13 -21.85 1.52 -7.78 -22.04 0.00 0.00 0.00 10.25 16.39 -0.10 -4.78 -13.13 39.87 -1.78 -3.77 -26.77 -2.25 9.38 -26.98 0.57 3.58 12.69 0.23 4.68 2.99 -0.82 2.24 -3.93 -1.41 8.69 1.40 5.72 11.15 7.37 2.11 5.57 1.65 0.00 -0.00 0.00 -77.84 -8.99 17.21 163.51 -26.18 -116.14 -0.00 0.00 -41.84 -10.26 18.32 -3.26 -7.12 0.00 -0.00 -34.98 45.15 -0.15 0.00 -0.00 0.00 84.63 27.86 45.70 -148.52 42.13 -107.61 0.00 -0.00 -48.13 1.81 8.72 0.27 7.12 -0.00 -0.00 20.39 -21.40 12.33
0.64 17.51 2.03 730.25 -109.28 -726.86 0.00 0.00 0.00 -1.09 -0.78 -29.25 10.58 17.72 61.41 0.27 0.39 -9.94 2.87 -10.48 -30.54 0.00 0.00 0.00 8.84 15.68 -3.87 -5.31 -13.73 42.15 -1.31 0.49 -21.53 -2.47 9.79 -28.29 1.29 3.60 13.24 0.04 4.74 3.61 -1.43 2.26 -3.50 -1.20 8.88 0.38 4.64 11.55 6.13 1.75 5.78 1.50 -0.00 0.00 0.00 -78.57 -8.84 16.79 163.03 -26.82 -115.92 -0.00 0.00 -41.05 -9.70 18.90 -3.17 -7.12 0.00 -0.00 -34.84 45.71 -0.70 -0.00 0.00 0.00 85.08 25.43 46.73 -147.74 42.75 -107.09 0.00 -0.00 -45.49 2.26 8.62 0.34 7.12 -0.00 -0.00 20.71 -21.50 12.50
0.81 17.77 2.02 725.43 -112.42 -722.40 0.00 0.00 0.00 -0.34 -0.68 -31.70 11.21 18.04 63.45 -0.06 -5.00 -0.59 0.66 -5.19 -14.44 0.00 0.00 0.00 5.20 15.76 -10.17 -6.54 -14.94 47.13 -0.49 3.64 -12.48 -2.05 8.98 -25.72 0.53 4.00 14.17 -0.61 5.09 4.05 -1.78 2.41 -3.54 -0.71 9.38 0.18 4.17 12.23 6.13 1.55 6.12 1.57 -0.00 0.00 0.00 -75.99 -10.18 15.52 162.04 -28.11 -115.47 -0.00 0.00 -41.24 -8.57 18.71 -2.77 -7.12 0.00 -0.00 -33.81 45.70 -0.66 -0.00 0.00 0.00 85.38 25.62 46.80 -146.38 43.80 -106.15 0.00 -0.00 -46.33 1.93 9.31 0.31 7.12 -0.00 -0.00 20.39 -20.85 12.60
0.92 17.96 2.07 718.52 -115.02 -716.78 0.00 0.00 0.00 -2.31 -1.31 -31.94 10.97 17.92 62.69 -0.17 -7.90 -0.08 1.17 -6.87 -19.32 0.00 0.00 0.00 0.41 15.68 -16.04 -8.02 -16.14 52.65 -0.08 0.09 -5.14 -1.21 6.99 -19.68 -2.11 4.49 15.42 -0.86 5.25 4.30 -0.69 2.47 -4.16 -0.86 9.74 0.43 4.03 12.64 7.66 1.58 6.31 2.01 -0.00 -0.00 0.00 -72.50 -12.88 14.16 161.69 -28.55 -115.31 -0.00 0.00 -42.26 -9.07 19.46 -3.04 -7.12 0.00 -0.00 -34.62 46.26 -1.23 -0.00 -0.00 0.00 84.70 27.83 46.38 -146.40 43.79 -106.16 0.00 -0.00 -46.84 -0.72 10.23 -0.13 7.12 -0.00 -0.00 18.47 -19.97 11.67
0.92 18.01 2.08 713.62 -115.71 -713.94 0.00 0.00 0.00 -3.74 -2.74 -30.46 10.63 17.75 61.56 -0.00 -3.98 -2.70 0.91 -6.06 -16.97 0.00 0.00 0.00 -1.70 16.09 -16.21 -8.53 -16.50 54.46 -0.09 -4.64 -9.12 -0.73 5.46 -15.22 -3.30 4.27 15.86 -1.34 4.69 4.53 -0.45 2.18 -4.20 -0.62 9.97 1.86 4.74 12.80 8.98 1.73 6.38 2.16 0.00 -0.00 0.00 -67.04 -16.96 12.99 161.35 -28.98 -115.14 -0.00 0.00 -45.23 -9.24 20.69 -3.29 -7.12 0.00 -0.00 -35.47 47.27 -2.26 0.00 -0.00 0.00 84.56 31.04 45.25 -148.05 42.51 -107.29 0.00 -0.00 -47.97 -1.58 10.64 -0.29 7.12 -0.00 -0.00 17.85 -19.56 11.40
0.86 17.84 2.04 714.01 -114.91 -716.66 0.00 0.00 0.00 -2.60 -4.65 -27.98 10.41 17.63 60.85 0.04 -0.67 -3.75 0.91 -6.08 -17.02 0.00 0.00 0.00 -0.05 17.54 -12.04 -8.13 -16.21 53.02 -0.27 -0.49 -9.94 -0.82 5.76 -16.10 -2.27 3.65 15.65 -1.01 4.07 4.80 -0.53 1.87 -3.74 -0.76 10.06 2.63 5.87 12.66 11.20 2.16 6.30 2.68 -0.00 0.00 0.00 -65.42 -19.15 15.30 161.10 -29.29 -115.02 -0.00 0.00 -45.40 -9.08 21.07 -3.29 -7.12 0.00 -0.00 -35.56 47.61 -2.61 -0.00 0.00 0.00 84.26 33.88 43.74 -149.77 41.09 -108.44 0.00 -0.00 -49.10 -1.54 9.96 -0.27 7.12 -0.00 -0.00 17.95 -20.21 11.20
0.76 17.48 1.99 715.24 -114.75 -720.31 0.00 0.00 0.00 -1.51 -6.57 -24.69 9.88 17.34 59.07 -0.01 -2.16 0.58 1.22 -7.01 -19.75 0.00 0.00 0.00 2.29 18.17 -7.60 -8.32 -16.35 53.70 -0.59 -3.04 -15.94 -1.58 7.93 -22.49 -1.46 3.41 15.82 -0.41 3.91 4.86 -0.33 1.79 -3.75 -1.48 10.16 1.63 6.72 12.60 13.48 2.73 6.27 3.55 -0.00 0.00 0.00 -68.13 -17.66 20.76 161.39 -28.93 -115.16 -0.00 0.00 -41.54 -6.65 19.60 -2.24 -7.12 0.00 -0.00 -32.68 46.71 -1.54 -0.00 0.00 0.00 83.72 35.01 43.49 -151.11 39.93 -109.31 0.00 -0.00 -49.60 -1.29 9.83 -0.22 7.12 -0.00 -0.00 18.13 -20.34 11.27
0.64 17.06 2.01 718.58 -115.11 -724.98 0.00 0.00 0.00 -0.23 -7.09 -21.78 9.49 17.11 57.77 0.15 -4.33 -7.17 1.60 -7.97 -22.63 0.00 0.00 0.00 3.95 15.27 -5.59 -8.39 -16.40 53.96 -1.27 -2.60 -22.41 -2.49 9.83 -28.42 1.18 2.92 15.95 -0.17 3.71 4.70 -1.53 1.69 -3.84 -1.30 10.27 0.37 6.28 12.82 13.84 2.67 6.39 3.95 -0.00 0.00 0.00 -72.88 -13.19 25.71 162.23 -27.87 -115.56 -0.00 0.00 -38.77 -7.14 18.33 -2.26 -7.12 0.00 -0.00 -32.42 45.56 -0.50 -0.00 0.00 0.00 83.90 33.93 45.97 -152.25 38.89 -110.03 0.00 -0.00 -49.46 -0.91 9.80 -0.15 7.12 -0.00 -0.00 18.39 -20.37 11.44
0.48 16.79 2.10 718.53 -116.71 -725.34 0.00 0.00 0.00 -1.01 -4.33 -18.74 8.94 16.77 55.90 0.74 -5.03 -15.31 2.69 -10.17 -29.54 0.00 0.00 0.00 1.93 11.93 -5.26 -7.86 -16.01 52.05 -1.83 1.64 -25.16 -2.41 9.67 -27.90 1.80 3.03 15.36 0.12 3.97 4.69 -1.59 1.83 -3.50 -1.27 10.39 -1.31 5.58 13.15 13.59 2.56 6.57 4.22 0.00 -0.00 0.00 -80.00 -8.10 28.63 162.40 -27.64 -115.64 -0.00 0.00 -34.33 -8.56 17.51 -2.59 -7.12 0.00 -0.00 -33.17 44.68 0.30 0.00 -0.00 0.00 82.91 30.71 49.27 -151.84 39.27 -109.77 0.00 -0.00 -47.46 0.43 10.00 0.08 7.12 -0.00 -0.00 19.29 -20.20 12.14
0.36 16.79 2.24 714.93 -119.66 -721.40 0.00 0.00 0.00 -3.92 0.31 -17.15 7.91 16.05 52.22 1.14 -4.75 -19.15 2.29 -9.45 -27.20 0.00 0.00 0.00 -2.28 12.44 -6.77 -7.46 -15.71 50.59 -1.62 6.16 -22.87 -2.33 9.53 -27.45 0.82 3.67 15.35 -0.44 4.65 4.32 -1.76 2.17 -3.89 -0.23 10.57 -1.68 4.45 13.52 12.75 2.03 6.77 4.14 0.00 -0.00 0.00 -83.87 -4.76 27.97 162.07 -28.06 -115.49 -0.00 0.00 -34.21 -9.21 17.88 -2.85 -7.12 0.00 -0.00 -33.89 44.91 0.09 0.00 -0.00 0.00 83.32 25.51 52.42 -148.96 41.77 -107.90 0.00 -0.00 -42.70 1.05 10.59 0.19 7.12 -0.00 -0.00 19.63 -19.65 12.64
0.37 17.05 2.49 715.05 -120.72 -719.97 0.00 0.00 0.00 -4.18 1.24 -20.33 8.18 16.25 53.22 0.61 -5.24 -13.89 1.92 -8.69 -24.84 0.00 0.00 0.00 -3.78 14.12 -9.40 -7.27 -15.55 49.89 -0.87 6.37 -16.60 -2.66 10.12 -29.35 1.85 3.27 15.91 -0.17 4.26 4.67 -2.00 1.96 -3.77 -0.29 11.00 -2.17 2.99 14.32 11.77 1.59 7.12 3.98 -0.00 0.00 0.00 -83.85 -5.71 26.06 161.40 -28.92 -115.16 -0.00 0.00 -37.62 -6.68 17.69 -2.04 -7.12 0.00 -0.00 -31.71 45.06 -0.05 -0.00 0.00 0.00 83.96 23.18 54.09 -145.12 44.73 -105.27 0.00 -0.00 -39.84 -0.96 10.95 -0.18 7.12 -0.00 -0.00 18.23 -19.28 11.80
0.51 17.41 2.72 714.18 -121.29 -717.47 0.00 0.00 0.00 -3.53 1.88 -25.14 8.50 16.48 54.35 -0.12 -7.19 -1.18 1.93 -8.72 -24.94 0.00 0.00 0.00 -5.35 17.99 -12.35 -7.17 -15.48 49.53 -0.29 4.27 -9.59 -1.94 8.75 -25.01 -0.15 3.71 16.71 1.63 4.51 5.57 0.93 2.04 -3.55 -1.81 10.95 -2.70 1.64 14.51 11.78 1.44 7.10 4.07 -0.00 0.00 0.00 -82.67 -9.13 25.67 161.00 -29.41 -114.97 -0.00 0.00 -36.48 -6.70 18.61 -2.15 -7.12 0.00 -0.00 -32.19 45.85 -0.76 -0.00 0.00 0.00 82.13 24.04 52.65 -144.16 45.40 -104.59 0.00 -0.00 -42.96 -1.39 10.05 -0.24 7.12 -0.00 -0.00 18.04 -20.13 11.29
0.64 17.74 2.93 711.10 -121.83 -713.26 0.00 0.00 0.00 -3.24 1.86 -27.98 7.87 16.02 52.08 0.15 -7.91 13.90 0.89 -6.01 -16.81 0.00 0.00 0.00 -7.89 20.04 -14.72 -7.15 -15.46 49.45 -0.24 1.98 -8.74 -1.47 7.65 -21.66 -0.07 3.32 18.57 0.02 3.83 6.03 -0.74 1.67 -3.90 -2.33 11.26 -3.45 4.86 14.60 12.37 2.63 7.26 4.12 0.00 0.00 0.00 -73.83 -14.11 23.09 161.23 -29.14 -115.08 -0.00 0.00 -37.68 -5.39 18.27 -1.70 -7.12 0.00 -0.00 -30.92 45.73 -0.62 0.00 0.00 0.00 84.28 26.93 52.45 -145.16 44.70 -105.30 0.00 -0.00 -44.41 -1.71 9.77 -0.29 7.12 -0.00 -0.00 17.85 -20.39 11.06
0.75 17.86 3.07 710.72 -121.06 -711.00 0.00 0.00 0.00 -1.07 0.74 -30.25 7.02 15.35 48.94 0.31 -7.49 15.89 0.35 -3.81 -10.53 0.00 0.00 0.00 -8.31 20.26 -17.91 -8.16 -16.23 53.13 -0.37 -0.48 -11.66 -1.34 7.32 -20.67 -0.30 2.93 19.21 0.10 3.27 6.03 -0.44 1.38 -4.26 -0.81 11.08 -1.77 3.25 14.32 13.17 1.79 7.08 4.34 -0.00 0.00 0.00 -67.08 -17.70 21.82 161.59 -28.68 -115.26 -0.00 0.00 -39.93 -4.32 18.76 -1.39 -7.12 0.00 -0.00 -30.26 46.29 -1.06 -0.00 0.00 0.00 83.62 29.66 51.52 -146.70 43.56 -106.37 0.00 -0.00 -46.49 -1.45 9.54 -0.24 7.12 -0.00 -0.00 18.05 -20.62 11.10
0.82 17.81 3.19 707.93 -120.42 -707.87 0.00 0.00 0.00 0.05 -1.35 -30.12 6.24 14.66 45.95 0.14 -2.94 8.88 0.35 -3.82 -10.56 0.00 0.00 0.00 -9.48 21.57 -18.56 -9.23 -16.95 56.88 -0.26 1.00 -9.33 -1.19 6.93 -19.51 -1.67 2.64 19.78 -0.44 2.52 6.48 -0.08 0.99 -4.11 -1.57 10.79 -0.52 4.73 13.66 14.33 2.33 6.73 4.36 0.00 0.00 0.00 -64.17 -17.93 22.31 161.70 -28.53 -115.31 -0.00 0.00 -39.61 -4.07 19.25 -1.34 -7.12 0.00 -0.00 -30.30 46.74 -1.43 0.00 0.00 0.00 82.31 31.03 50.46 -147.42 43.00 -106.87 0.00 -0.00 -48.74 -1.48 8.88 -0.23 7.12 -0.00 -0.00 18.11 -21.24 10.86
0.81 17.59 3.28 705.42 -120.25 -705.12 0.00 0.00 0.00 1.23 -3.42 -29.17 5.65 14.08 43.55 0.08 -0.96 5.74 0.64 -5.14 -14.30 0.00 0.00 0.00 -9.63 24.17 -16.22 -8.73 -16.63 55.17 -0.07 5.09 -5.58 -1.99 8.84 -25.29 -2.90 2.40 19.68 -1.30 1.87 6.98 -0.14 0.63 -3.52 -1.92 10.69 -0.28 5.75 13.22 16.83 2.53 6.51 4.58 0.00 -0.00 0.00 -65.88 -13.83 25.36 161.62 -28.64 -115.27 -0.00 0.00 -37.04 -2.73 17.46 -0.82 -7.12 0.00 -0.00 -28.27 45.35 -0.27 0.00 -0.00 0.00 80.05 30.24 49.28 -146.67 43.58 -106.35 0.00 -0.00 -50.54 -1.95 9.28 -0.31 7.12 -0.00 -0.00 17.74 -20.85 10.78
0.74 17.22 3.36 705.66 -121.09 -704.09 0.00 0.00 0.00 3.58 -4.06 -29.21 5.69 14.12 43.74 0.09 0.26 5.62 0.61 -4.98 -13.87 0.00 0.00 0.00 -8.67 26.46 -14.02 -8.59 -16.53 54.65 -0.86 -0.32 -17.69 -3.58 11.58 -34.25 -3.95 2.55 18.44 -2.10 1.89 7.20 -0.36 0.62 -2.65 -1.49 10.82 0.36 5.57 13.29 17.48 2.41 6.52 4.71 -0.00 -0.00 0.00 -70.68 -7.58 27.24 161.70 -28.54 -115.31 -0.00 0.00 -35.41 -5.36 18.26 -1.68 -7.12 0.00 -0.00 -30.89 45.72 -0.61 -0.00 -0.00 0.00 77.36 26.96 47.41 -144.54 45.14 -104.86 0.00 -0.00 -53.17 2.74 7.05 0.34 7.12 -0.00 -0.00 21.27 -22.96 12.12
0.64 16.88 3.60 709.73 -121.32 -706.72 0.00 0.00 0.00 6.98 -4.75 -29.94 6.32 14.73 46.24 0.14 -0.62 7.38 0.94 -6.17 -17.28 0.00 0.00 0.00 -7.37 27.48 -14.43 -8.66 -16.58 54.89 -1.34 -1.21 -22.34 -3.72 11.78 -34.95 -2.38 2.06 19.03 -2.33 1.47 7.23 -1.41 0.43 -2.87 -1.93 11.38 0.29 4.59 14.24 16.95 2.19 6.91 4.58 -0.00 0.00 0.00 -78.36 -1.12 26.68 161.35 -28.98 -115.14 -0.00 0.00 -34.87 -6.04 18.21 -1.89 -7.12 0.00 -0.00 -31.44 45.59 -0.51 -0.00 0.00 0.00 73.95 22.01 46.43 -139.85 48.16 -101.45 0.00 -0.00 -56.53 6.80 5.25 0.63 7.12 -0.00 -0.00 24.37 -24.54 13.23
0.49 16.55 3.91 713.88 -120.10 -709.64 0.00 0.00 0.00 8.87 -6.39 -31.22 7.17 15.47 49.50 -0.01 -2.34 2.38 1.78 -8.39 -23.92 0.00 0.00 0.00 -6.81 28.51 -15.75 -9.37 -17.04 57.35 -1.36 -0.79 -22.38 -4.21 12.44 -37.30 -1.33 1.88 20.37 -1.96 1.37 7.33 -1.63 0.38 -3.44 -1.91 11.37 -0.42 3.39 14.51 15.63 2.04 7.00 4.88 -0.00 -0.00 0.00 -86.55 3.11 26.96 160.04 -30.59 -114.49 -0.00 0.00 -34.97 -6.36 18.48 -2.02 -7.12 0.00 -0.00 -31.84 45.78 -0.68 -0.00 -0.00 0.00 69.19 14.85 45.11 -129.24 53.30 -93.22 0.00 -0.00 -56.33 -0.26 8.27 -0.04 7.12 -0.00 -0.00 19.03 -21.83 11.21
0.26 16.33 4.10 714.49 -112.51 -709.46 0.00 0.00 0.00 8.97 -11.11 -34.86 7.83 15.99 51.95 0.08 -2.89 -5.12 2.59 -9.99 -28.96 0.00 0.00 0.00 -4.93 26.53 -13.24 -10.11 -17.47 59.85 -1.22 -2.89 -22.11 -4.39 12.66 -38.12 -1.77 1.15 20.04 -1.21 0.45 7.52 -0.36 -0.07 -3.09 -2.50 10.44 -0.84 4.11 13.26 14.91 2.32 6.42 4.63 0.00 -0.00 0.00 -89.15 3.11 32.65 157.39 -33.66 -113.08 -0.00 0.00 -36.69 -4.59 20.91 -1.64 -7.12 0.00 -0.00 -31.64 48.11 -2.68 0.00 -0.00 0.00 67.57 5.53 40.66 -105.89 59.02 -73.72 0.00 -0.00 -56.38 3.52 7.40 0.45 7.12 -0.00 -0.00 21.75 -22.63 12.62
-0.05 16.21 4.11 709.62 -98.34 -703.22 0.00 0.00 0.00 10.11 -17.56 -41.00 7.60 15.81 51.09 -0.02 -7.15 -4.54 2.66 -10.12 -29.36 0.00 0.00 0.00 -0.39 21.16 -7.87 -10.52 -17.69 61.22 -0.87 -5.40 -20.38 -3.32 11.20 -32.95 -2.23 0.02 18.11 0.24 -0.80 6.91 1.69 -0.62 -2.71 -4.06 8.54 -1.65 5.28 10.66 16.49 2.71 5.13 4.70 0.00 0.00 0.00 -87.10 -0.13 42.00 153.80 -37.41 -110.99 -0.00 0.00 -35.75 -5.76 20.73 -2.04 -7.12 0.00 -0.00 -32.54 47.79 -2.49 0.00 0.00 0.00 70.69 -3.56 35.47 -73.68 58.97 -45.91 0.00 -0.00 -58.35 -1.91 6.04 -0.20 7.12 -0.00 -0.00 18.17 -23.94 9.71
-0.38 16.10 4.06 726.13 -83.11 -718.82 0.00 0.00 0.00 11.12 -21.08 -47.57 7.17 15.47 49.51 -0.69 -14.76 2.48 1.52 -7.78 -22.06 0.00 0.00 0.00 5.48 14.70 -2.19 -10.27 -17.56 60.39 -0.51 -5.51 -16.60 -2.23 9.33 -26.82 -0.85 0.67 16.39 1.23 0.46 6.53 1.69 0.06 -2.25 -5.88 5.10 -2.35 4.67 6.37 16.35 2.70 2.94 4.94 -0.00 0.00 0.00 -84.84 -6.39 51.79 151.30 -39.75 -109.43 -0.00 0.00 -35.14 -4.84 19.89 -1.65 -7.12 0.00 -0.00 -31.29 47.20 -1.88 -0.00 0.00 0.00 78.55 -8.40 29.90 -63.36 57.14 -37.15 0.00 -0.00 -67.70 -1.31 7.57 -0.17 7.12 -0.00 -0.00 18.39 -22.49 10.50
-0.72 16.04 3.99 722.66 -70.12 -714.87 0.00 0.00 0.00 8.20 -22.49 -52.72 6.97 15.30 48.75 -0.90 -16.61 7.90 0.49 -4.47 -12.41 0.00 0.00 0.00 10.23 8.56 2.90 -9.35 -17.03 57.28 -0.47 -3.49 -14.64 -2.29 9.45 -27.20 0.64 2.93 15.75 1.62 3.74 6.23 0.69 1.74 -2.28 -10.22 1.48 -0.94 5.16 1.70 14.87 3.35 0.49 4.47 0.00 -0.00 0.00 -85.88 -9.82 56.39 150.45 -40.51 -108.88 -0.00 0.00 -35.33 -4.56 19.42 -1.52 -7.12 0.00 -0.00 -30.81 46.83 -1.54 0.00 -0.00 0.00 82.21 -2.91 29.20 -72.42 58.80 -44.83 0.00 -0.00 -70.15 3.18 5.87 0.32 7.12 -0.00 -0.00 21.77 -24.06 11.85
-0.98 15.99 3.92 723.33 -61.19 -713.48 0.00 0.00 0.00 5.87 -23.80 -56.83 6.69 15.06 47.68 -0.95 -17.27 10.23 0.20 -2.88 -7.94 0.00 0.00 0.00 13.31 5.64 3.52 -8.87 -16.72 55.65 -0.40 -2.97 -13.38 -1.97 8.80 -25.16 1.70 5.68 15.97 0.75 7.58 4.98 -1.55 3.67 -3.47 -12.07 -0.80 0.65 3.96 -1.31 15.99 3.17 -1.17 4.82 0.00 -0.00 0.00 -85.64 -5.84 53.32 151.09 -39.94 -109.30 -0.00 0.00 -33.98 -3.83 17.10 -1.13 -7.12 0.00 -0.00 -29.03 44.90 0.08 0.00 -0.00 0.00 78.44 14.57 27.16 -79.07 59.54 -50.55 0.00 -0.00 -66.49 4.04 4.06 0.29 7.12 -0.00 -0.00 22.70 -25.72 11.48
-1.23 15.90 3.89 727.47 -55.11 -715.00 0.00 0.00 0.00 4.90 -28.49 -59.98 6.76 15.13 47.96 -1.07 -18.19 10.08 0.31 -3.57 -9.88 0.00 0.00 0.00 12.77 3.73 3.19 -8.47 -16.45 54.24 -0.23 -2.05 -10.02 -2.24 9.36 -26.92 1.62 6.65 16.19 -1.56 8.76 4.74 -4.15 4.28 -3.43 -14.46 -0.76 0.59 1.83 -0.80 16.78 2.91 -1.20 5.09 0.00 -0.00 0.00 -83.82 1.51 44.67 152.21 -38.92 -110.01 -0.00 0.00 -36.06 -4.94 16.84 -1.43 -7.12 0.00 -0.00 -29.84 44.54 0.37 0.00 -0.00 0.00 72.72 36.38 17.50 -81.64 59.73 -52.77 0.00 -0.00 -71.88 -1.33 4.11 -0.10 7.12 -0.00 -0.00 18.86 -25.76 9.27
-1.63 15.79 3.90 729.03 -49.31 -713.31 0.00 0.00 0.00 6.05 -33.30 -64.31 7.21 15.51 49.67 -1.12 -18.35 6.21 0.73 -5.47 -15.26 0.00 0.00 0.00 14.66 2.56 4.23 -7.43 -15.69 50.50 -0.14 -0.36 -7.14 -2.49 9.82 -28.40 -1.20 7.45 15.05 -3.07 9.34 3.70 -4.24 4.57 -4.07 -14.79 -1.13 1.42 0.64 -1.18 17.78 2.57 -1.51 5.32 -0.00 0.00 0.00 -84.59 10.40 39.61 150.91 -40.10 -109.18 -0.00 0.00 -34.67 -6.54 16.98 -1.92 -7.12 0.00 -0.00 -31.24 44.47 0.46 -0.00 0.00 0.00 69.03 43.93 11.11 -91.18 59.99 -61.02 0.00 -0.00 -83.07 -2.16 4.59 -0.17 7.12 -0.00 -0.00 18.19 -25.32 9.11
-2.13 15.81 3.99 724.26 -45.53 -708.96 0.00 0.00 0.00 11.84 -36.57 -66.40 8.04 16.15 52.69 -1.01 -17.75 3.02 0.96 -6.25 -17.50 0.00 0.00 0.00 22.04 3.63 9.27 -5.58 -14.01 43.26 0.00 -1.97 -2.43 -2.25 9.36 -26.94 -1.94 7.85 13.48 -4.03 9.79 3.54 -4.69 4.82 -3.33 -13.65 -2.07 1.06 1.76 -2.53 19.84 2.70 -2.10 6.11 0.00 -0.00 0.00 -87.73 17.82 33.83 150.23 -40.69 -108.74 -0.00 0.00 -35.34 -8.70 18.10 -2.72 -7.12 0.00 -0.00 -33.59 45.17 -0.16 0.00 -0.00 0.00 72.78 38.83 18.55 -95.02 59.90 -64.35 0.00 -0.00 -77.29 0.73 5.56 0.07 7.12 -0.00 -0.00 20.11 -24.38 10.66
-2.64 15.96 4.10 719.30 -45.14 -704.50 0.00 0.00 0.00 15.68 -36.19 -66.49 8.88 16.73 55.67 -0.64 -15.40 -1.30 1.41 -7.51 -21.23 0.00 0.00 0.00 26.43 3.94 11.89 -4.19 -12.41 37.20 -0.03 -3.43 3.75 -1.26 7.11 -20.04 -4.62 8.98 10.74 -5.07 11.10 3.65 -4.09 5.47 -1.95 -13.55 -2.95 -1.14 3.65 -3.71 22.14 3.22 -2.59 7.34 -0.00 0.00 0.00 -91.37 22.54 27.30 150.26 -40.67 -108.76 -0.00 0.00 -37.34 -8.86 18.13 -2.78 -7.12 0.00 -0.00 -33.74 45.17 -0.16 -0.00 0.00 0.00 79.16 30.05 26.09 -84.41 59.88 -55.16 0.00 -0.00 -74.99 -0.72 4.34 -0.05 7.12 -0.00 -0.00 19.27 -25.54 9.60
-3.03 16.23 4.17 713.62 -47.90 -699.62 0.00 0.00 0.00 18.79 -33.58 -64.89 9.51 17.13 57.84 -0.32 -12.24 -3.04 1.98 -8.81 -25.21 0.00 0.00 0.00 26.63 1.98 10.50 -3.87 -11.99 35.70 -0.18 -1.50 7.54 -0.59 4.93 -13.71 -6.98 10.35 8.33 -6.03 12.89 4.11 -3.59 6.31 -0.37 -13.58 -2.46 -2.46 3.62 -2.81 21.60 3.26 -2.13 7.31 0.00 -0.00 0.00 -94.04 25.70 21.19 149.81 -41.06 -108.46 -0.00 0.00 -38.07 -7.97 19.66 -2.70 -7.12 0.00 -0.00 -33.82 46.58 -1.48 0.00 -0.00 0.00 84.14 25.97 28.70 -73.96 59.01 -46.15 0.00 -0.00 -82.09 -1.38 3.63 -0.09 7.12 -0.00 -0.00 18.91 -26.22 9.08
-3.25 16.45 4.13 706.48 -51.78 -695.26 0.00 0.00 0.00 22.36 -30.81 -62.85 10.59 17.73 61.45 -0.28 -9.48 1.43 1.56 -7.89 -22.38 0.00 0.00 0.00 26.73 1.02 9.46 -4.25 -12.49 37.48 0.25 -8.93 -3.98 -0.67 5.24 -14.59 -8.13 10.98 8.76 -6.88 13.49 4.62 -3.99 6.55 -0.09 -12.30 -0.79 -2.64 1.52 -0.26 20.65 2.52 -0.96 6.80 0.00 -0.00 0.00 -95.35 29.83 16.92 149.75 -41.10 -108.43 -0.00 0.00 -41.02 -7.66 19.48 -2.57 -7.12 0.00 -0.00 -33.46 46.47 -1.36 0.00 -0.00 0.00 87.54 28.90 31.74 -77.27 59.38 -49.00 0.00 -0.00 -84.67 -0.68 3.50 -0.04 7.12 -0.00 -0.00 19.43 -26.33 9.31
-3.32 16.58 4.09 697.35 -57.02 -687.84 0.00 0.00 0.00 25.93 -25.99 -62.73 11.91 18.35 65.70 -0.12 -7.74 7.85 0.87 -5.95 -16.65 0.00 0.00 0.00 25.16 1.17 5.23 -4.71 -13.05 39.56 0.40 -14.24 -14.82 -0.49 4.48 -12.43 -8.70 11.25 8.28 -8.36 13.74 4.56 -5.17 6.64 0.36 -10.71 0.98 -2.07 -0.28 2.16 19.85 1.81 0.20 6.31 0.00 0.00 0.00 -95.23 33.58 13.59 149.28 -41.50 -108.12 -0.00 0.00 -47.07 -9.76 20.02 -3.37 -7.12 0.00 -0.00 -35.52 46.64 -1.64 0.00 0.00 0.00 88.84 38.63 36.00 -86.12 59.94 -56.64 0.00 -0.00 -81.15 0.59 5.82 0.06 7.12 -0.00 -0.00 19.97 -24.13 10.69
-3.35 16.52 4.09 686.38 -63.22 -680.05 0.00 0.00 0.00 25.84 -20.35 -58.54 12.70 18.67 68.18 -0.13 -8.21 8.42 0.70 -5.35 -14.91 0.00 0.00 0.00 22.20 2.08 2.48 -4.86 -13.22 40.20 -0.70 -11.37 -23.69 -0.37 3.89 -10.77 -10.40 11.84 9.09 -9.28 14.03 4.43 -5.54 6.70 -0.34 -9.40 2.77 -1.52 -2.10 4.58 18.48 1.12 1.36 5.73 0.00 -0.00 0.00 -95.54 36.71 9.28 145.93 -44.14 -105.84 -0.00 0.00 -55.57 -11.02 18.62 -3.56 -7.12 0.00 -0.00 -35.76 45.30 -0.31 0.00 -0.00 0.00 88.22 47.94 39.17 -91.65 59.99 -61.43 0.00 -0.00 -80.69 1.76 6.48 0.20 7.12 -0.00 -0.00 20.69 -23.50 11.46
-3.44 16.41 4.19 672.25 -68.53 -668.74 0.00 0.00 0.00 23.60 -15.35 -49.47 11.94 18.36 65.79 -0.22 -9.68 -1.81 1.53 -7.81 -22.15 0.00 0.00 0.00 19.08 3.00 -1.17 -5.51 -13.94 42.98 -0.64 -13.44 -25.34 -0.49 4.48 -12.42 -12.83 11.64 7.84 -9.54 13.65 4.30 -4.38 6.39 -0.29 -8.27 4.79 -3.54 -3.82 7.64 18.34 0.60 2.73 6.03 -0.00 0.00 0.00 -96.70 37.56 2.49 137.66 -49.40 -99.80 -0.00 0.00 -64.52 -15.14 25.08 -6.54 -7.12 0.00 -0.00 -43.26 49.92 -6.30 -0.00 0.00 0.00 86.84 47.97 43.97 -95.61 59.88 -64.86 0.00 -0.00 -76.99 1.60 5.17 0.14 7.12 -0.00 -0.00 20.78 -24.74 10.88
-3.63 16.25 4.37 649.50 -71.89 -650.93 0.00 0.00 0.00 21.04 -10.49 -34.24 10.19 17.52 60.13 0.89 -10.72 -17.35 1.91 -8.68 -24.80 0.00 0.00 0.00 16.67 3.69 -0.61 -6.08 -14.51 45.31 -0.25 -12.94 -21.20 -0.56 4.79 -13.31 -13.33 10.88 7.20 -9.88 12.59 3.82 -4.28 5.83 -0.47 -6.56 7.52 -6.61 -4.14 11.53 18.96 0.59 4.54 6.79 -0.00 0.00 0.00 -95.68 36.49 -6.75 121.08 -56.02 -86.55 -0.00 0.00 -72.90 -22.97 23.72 -9.68 -7.12 0.00 -0.00 -48.35 47.64 -4.07 -0.00 0.00 0.00 86.39 38.53 51.25 -94.46 59.92 -63.87 0.00 -0.00 -70.48 1.47 5.88 0.15 7.12 -0.00 -0.00 20.57 -24.07 11.10
-3.80 16.28 4.51 619.15 -73.58 -624.39 0.00 0.00 0.00 19.03 -6.26 -25.62 10.12 17.47 59.88 1.26 -7.28 -20.09 2.80 -10.36 -30.14 0.00 0.00 0.00 14.01 9.38 0.91 -6.74 -15.11 47.89 0.08 -10.24 -13.19 -1.37 7.40 -20.89 -14.42 9.74 6.70 -11.10 10.70 2.29 -4.90 4.90 -1.77 -5.10 10.76 -7.51 -5.44 15.85 17.23 0.29 6.63 6.57 0.00 0.00 0.00 -88.93 31.03 -15.13 92.05 -59.98 -61.78 -0.00 0.00 -88.77 -24.50 8.06 -3.66 -7.12 0.00 -0.00 -40.14 34.81 12.89 0.00 0.00 0.00 85.22 25.04 57.05 -91.91 59.99 -61.65 0.00 -0.00 -66.39 4.40 6.63 0.51 7.12 -0.00 -0.00 22.48 -23.33 12.71
-3.91 16.49 4.55 585.84 -70.26 -594.83 0.00 0.00 0.00 17.06 -1.63 -16.64 9.97 17.39 59.39 1.03 -5.00 -18.15 2.12 -9.12 -26.17 0.00 0.00 0.00 13.98 20.76 3.42 -7.17 -15.47 49.51 0.28 -9.46 -5.49 -1.53 7.82 -22.17 -15.80 8.94 4.25 -13.04 9.63 1.42 -5.90 4.22 -1.23 -4.48 14.24 -6.86 -7.68 20.23 12.88 -0.34 8.86 5.41 0.00 -0.00 0.00 -77.07 19.96 -25.01 73.85 -58.99 -46.06 -0.00 0.00 -100.67 -16.05 15.36 -4.36 -7.12 0.00 -0.00 -37.94 41.96 3.40 0.00 -0.00 0.00 85.20 15.71 59.29 -86.83 59.96 -57.26 0.00 -0.00 -60.58 4.40 8.22 0.63 7.12 -0.00 -0.00 22.22 -21.85 13.37
-3.96 16.67 4.53 575.65 -66.93 -586.79 0.00 0.00 0.00 16.23 -2.48 -10.48 9.46 17.09 57.66 0.82 -3.43 -16.31 2.22 -9.32 -26.79 0.00 0.00 0.00 15.72 26.93 4.05 -7.91 -16.05 52.22 0.31 -10.29 -0.26 -1.34 7.32 -20.68 -15.94 7.17 2.81 -14.25 7.29 0.58 -6.84 3.00 -1.18 -3.87 16.38 -7.22 -10.32 23.35 14.00 -0.83 9.95 6.29 -0.00 -0.00 0.00 -65.38 5.09 -31.67 93.36 -59.96 -62.91 -0.00 0.00 -92.40 -14.93 21.99 -5.70 -7.12 0.00 -0.00 -40.94 47.52 -3.04 -0.00 -0.00 0.00 82.31 8.40 58.75 -85.92 59.94 -56.47 0.00 -0.00 -58.43 7.59 9.85 1.31 7.12 -0.00 -0.00 24.06 -20.29 15.64
-3.79 16.69 4.34 580.85 -68.59 -591.97 0.00 0.00 0.00 17.04 -5.86 -11.37 9.25 16.97 56.95 0.67 -3.92 -14.69 1.94 -8.74 -24.98 0.00 0.00 0.00 17.05 27.32 0.80 -9.69 -17.23 58.43 0.10 -6.35 0.84 -0.99 6.32 -17.72 -18.93 4.65 4.99 -13.75 3.24 0.72 -4.61 1.08 -2.49 -4.48 17.58 -8.06 -11.90 25.35 15.35 -0.89 10.44 7.11 0.00 0.00 0.00 -49.06 -16.78 -25.33 104.93 -59.14 -72.89 -0.00 0.00 -88.19 -13.81 27.29 -6.43 -7.12 0.00 -0.00 -43.86 51.84 -8.80 0.00 0.00 0.00 76.46 2.29 55.05 -90.87 60.00 -60.75 0.00 -0.00 -61.31 7.64 9.20 1.23 7.12 -0.00 -0.00 24.20 -20.89 15.39
-3.54 16.47 4.17 592.42 -69.92 -603.24 0.00 0.00 0.00 20.18 -6.28 -15.82 9.75 17.27 58.67 0.67 -5.71 -14.55 1.51 -7.77 -22.00 0.00 0.00 0.00 18.95 26.66 -2.92 -11.49 -18.17 64.37 0.02 2.94 2.28 -1.21 6.97 -19.64 -20.79 2.14 9.35 -12.04 -1.02 1.49 -1.40 -0.79 -3.77 -6.34 18.61 -9.32 -13.38 26.92 13.42 -0.92 11.05 6.75 -0.00 0.00 0.00 -38.02 -28.98 -17.10 113.96 -57.71 -80.59 -0.00 0.00 -82.23 -17.78 27.51 -8.43 -7.12 0.00 -0.00 -47.31 51.31 -9.09 -0.00 0.00 0.00 70.25 0.49 51.74 -88.91 60.00 -59.06 0.00 -0.00 -61.78 9.52 7.33 1.23 7.12 -0.00 -0.00 25.77 -22.55 15.51
-3.38 16.16 4.30 600.87 -69.80 -611.06 0.00 0.00 0.00 21.98 -6.98 -20.35 10.89 17.88 62.42 0.90 -5.76 -16.95 1.76 -8.34 -23.75 0.00 0.00 0.00 18.96 24.79 -5.21 -11.64 -18.24 64.86 0.04 4.48 4.22 -1.62 8.03 -22.80 -17.02 0.40 12.86 -10.45 -3.18 2.58 -1.23 -1.76 -4.28 -7.08 19.35 -10.40 -17.62 28.26 11.39 -1.81 11.39 6.92 0.00 0.00 0.00 -39.49 -36.79 -9.41 122.52 -55.60 -87.75 -0.00 0.00 -74.94 -21.77 27.41 -10.41 -7.12 0.00 -0.00 -50.38 50.55 -8.86 0.00 0.00 0.00 65.26 -0.72 47.25 -84.49 59.88 -55.23 0.00 -0.00 -61.17 13.80 9.08 2.22 7.12 -0.00 -0.00 28.12 -20.78 18.67
-3.32 15.91 4.44 601.12 -69.88 -611.42 0.00 0.00 0.00 22.43 -5.62 -21.79 11.49 18.17 64.36 1.08 -8.24 -18.64 1.99 -8.84 -25.29 0.00 0.00 0.00 18.88 25.71 -1.46 -10.67 -17.77 61.70 0.14 6.62 1.55 -2.06 8.99 -25.76 -13.67 0.97 14.12 -9.38 -1.94 3.45 -2.02 -1.18 -4.19 -5.72 18.62 -9.41 -19.22 27.27 11.23 -2.59 10.96 7.08 -0.00 -0.00 0.00 -53.62 -40.99 0.91 131.34 -52.44 -94.89 -0.00 0.00 -74.29 -25.24 28.21 -12.57 -7.12 0.00 -0.00 -53.72 50.52 -9.78 -0.00 -0.00 0.00 63.52 -5.18 43.02 -79.56 59.58 -50.97 0.00 -0.00 -66.06 11.16 5.46 1.07 7.12 -0.00 -0.00 27.23 -24.19 15.44
-3.31 15.87 4.48 609.06 -72.64 -616.92 0.00 0.00 0.00 21.53 -6.27 -25.55 11.21 18.04 63.47 0.73 -12.43 -16.40 1.72 -8.25 -23.46 0.00 0.00 0.00 16.53 24.40 1.00 -9.13 -16.89 56.55 0.12 10.19 -4.90 -2.96 10.64 -31.06 -12.82 1.41 13.29 -8.85 -0.94 3.62 -2.07 -0.69 -3.61 -4.85 17.02 -7.27 -18.06 24.81 11.59 -2.82 10.13 6.57 -0.00 -0.00 0.00 -70.79 -37.09 14.39 137.73 -49.36 -99.85 -0.00 0.00 -72.73 -25.23 27.13 -12.13 -7.12 0.00 -0.00 -52.76 49.76 -8.27 -0.00 -0.00 0.00 66.52 -8.75 41.17 -66.43 57.79 -39.74 0.00 -0.00 -70.24 12.08 4.65 1.00 7.12 -0.00 -0.00 28.02 -24.87 15.49
-3.31 16.14 4.49 636.95 -72.24 -641.54 0.00 0.00 0.00 22.77 -10.31 -31.45 10.43 17.65 60.93 0.21 -14.02 -12.15 1.65 -8.10 -23.00 0.00 0.00 0.00 16.75 15.90 3.38 -6.48 -14.88 46.87 -0.20 10.83 -10.37 -2.45 9.75 -28.16 -10.23 1.36 13.08 -7.26 -0.29 3.99 -1.87 -0.32 -3.12 -6.65 14.11 -5.76 -15.28 20.96 13.80 -2.24 8.34 6.23 0.00 0.00 0.00 -82.16 -29.47 27.89 137.69 -49.38 -99.82 -0.00 0.00 -68.94 -25.13 25.78 -11.53 -7.12 0.00 -0.00 -51.55 48.81 -6.44 0.00 0.00 0.00 73.92 -9.92 39.33 -55.56 55.00 -30.67 0.00 -0.00 -77.73 8.07 4.95 0.70 7.12 -0.00 -0.00 25.29 -24.78 13.69
-3.27 16.62 4.38 655.98 -69.87 -656.94 0.00 0.00 0.00 23.29 -12.42 -36.35 9.11 16.87 56.45 -0.19 -12.78 -6.18 1.43 -7.57 -21.41 0.00 0.00 0.00 18.40 9.58 6.42 -3.70 -11.75 34.85 -0.77 4.87 -15.62 -1.47 7.67 -21.72 -8.31 3.65 11.68 -6.02 3.30 3.84 -2.10 1.48 -2.62 -10.18 9.30 -4.17 -11.38 14.79 18.69 -1.05 5.14 6.68 0.00 0.00 0.00 -88.34 -24.42 42.57 133.83 -51.33 -96.85 -0.00 0.00 -65.08 -25.11 24.82 -11.13 -7.12 0.00 -0.00 -50.76 48.11 -5.17 0.00 0.00 0.00 83.86 -6.27 35.27 -55.13 54.87 -30.33 0.00 -0.00 -84.34 6.14 4.24 0.46 7.12 -0.00 -0.00 24.12 -25.49 12.47
-3.10 17.08 4.22 671.14 -68.17 -667.38 0.00 0.00 0.00 23.23 -16.22 -41.20 7.56 15.79 50.96 -0.28 -9.81 0.49 2.15 -9.17 -26.34 0.00 0.00 0.00 19.35 8.00 7.56 -2.27 -9.40 27.06 -1.32 -6.21 -24.76 -0.61 5.02 -13.96 -7.24 6.40 10.06 -5.55 7.30 3.79 -2.61 3.48 -1.80 -13.79 4.79 -2.11 -9.25 8.78 21.40 -0.24 2.10 6.94 -0.00 0.00 0.00 -88.71 -23.98 52.20 132.88 -51.77 -96.10 -0.00 0.00 -61.10 -27.32 24.29 -12.00 -7.12 0.00 -0.00 -51.89 47.36 -4.13 -0.00 0.00 0.00 87.91 8.08 36.43 -63.19 57.10 -37.01 0.00 -0.00 -79.59 10.29 5.58 1.01 7.12 -0.00 -0.00 26.63 -24.11 15.07
-2.76 17.39 4.00 686.25 -68.01 -677.77 0.00 0.00 0.00 22.37 -20.52 -46.27 6.27 14.68 46.04 0.05 -5.15 8.88 1.32 -7.28 -20.56 0.00 0.00 0.00 16.53 6.49 3.11 -2.62 -10.05 29.14 -1.65 -11.85 -31.07 -0.11 2.16 -5.95 -6.18 7.65 8.76 -5.98 9.27 5.08 -3.58 4.44 0.48 -15.75 2.65 -1.99 -11.00 6.35 20.50 -0.65 0.83 6.75 -0.00 -0.00 0.00 -86.76 -27.70 51.96 134.85 -50.84 -97.64 -0.00 0.00 -60.85 -26.70 24.81 -11.92 -7.12 0.00 -0.00 -51.88 47.84 -4.92 -0.00 -0.00 0.00 86.41 33.63 39.25 -70.23 58.47 -42.96 0.00 -0.00 -77.20 7.68 2.84 0.38 7.12 -0.00 -0.00 25.48 -26.72 12.50
-2.41 17.50 3.78 704.18 -67.66 -693.15 0.00 0.00 0.00 18.65 -24.92 -49.64 5.68 14.11 43.67 0.48 -2.30 14.13 1.03 -6.44 -18.07 0.00 0.00 0.00 11.28 5.30 -0.20 -4.01 -12.17 36.35 -1.76 -8.97 -29.66 -0.21 2.93 -8.08 -5.57 8.35 11.91 -6.17 9.88 4.57 -4.68 4.79 -1.61 -15.00 2.57 -0.92 -13.93 6.70 21.75 -1.74 0.75 7.13 -0.00 0.00 0.00 -85.80 -25.84 49.68 133.99 -51.26 -96.97 -0.00 0.00 -60.01 -25.00 23.40 -10.49 -7.12 0.00 -0.00 -49.57 47.08 -3.36 -0.00 0.00 0.00 87.22 52.24 37.27 -75.56 59.20 -47.53 0.00 -0.00 -80.24 3.43 5.49 0.33 7.12 -0.00 -0.00 22.00 -24.40 11.81
-2.21 17.38 3.67 717.30 -62.80 -704.79 0.00 0.00 0.00 15.42 -30.54 -52.43 6.25 14.67 46.00 0.29 -2.36 11.38 1.80 -8.43 -24.02 0.00 0.00 0.00 8.15 3.12 -1.61 -5.82 -14.25 44.24 -1.52 -7.15 -26.82 -0.35 3.81 -10.55 -4.40 7.92 12.18 -4.96 9.54 4.16 -4.06 4.66 -2.23 -13.01 1.84 -0.85 -14.14 5.97 23.48 -2.18 0.41 7.72 -0.00 0.00 0.00 -85.25 -24.26 51.35 132.33 -52.01 -95.68 -0.00 0.00 -57.47 -24.70 22.74 -10.08 -7.12 0.00 -0.00 -48.87 46.63 -2.59 -0.00 0.00 0.00 85.85 57.27 36.53 -82.36 59.78 -53.39 0.00 -0.00 -82.92 5.91 5.66 0.58 7.12 -0.00 -0.00 23.68 -24.19 13.00
-2.02 17.05 3.66 721.37 -59.46 -710.65 0.00 0.00 0.00 10.79 -32.43 -49.07 7.26 15.55 49.86 0.00 -0.53 0.98 4.47 -12.76 -38.47 0.00 0.00 0.00 7.18 3.79 -0.04 -7.49 -15.73 50.70 -1.18 -3.91 -22.29 -0.59 4.91 -13.65 -2.14 6.97 11.57 -3.28 8.74 4.11 -3.34 4.30 -1.92 -13.04 0.87 -1.43 -10.94 4.05 22.25 -1.19 -0.13 7.26 -0.00 0.00 0.00 -84.74 -23.52 50.93 133.81 -51.34 -96.83 -0.00 0.00 -56.86 -24.21 23.53 -10.18 -7.12 0.00 -0.00 -49.11 47.30 -3.66 -0.00 0.00 0.00 85.29 52.44 41.71 -84.05 59.87 -54.85 0.00 -0.00 -80.08 6.19 7.42 0.80 7.12 -0.00 -0.00 23.55 -22.56 13.89
-1.88 16.74 3.62 722.88 -63.09 -715.65 0.00 0.00 0.00 6.64 -28.81 -41.19 6.63 15.01 47.47 0.17 -2.17 -7.27 3.78 -11.86 -35.22 0.00 0.00 0.00 6.37 9.68 2.75 -7.44 -15.69 50.53 -0.58 1.40 -14.02 -2.20 9.26 -26.63 -1.61 8.00 12.18 -2.50 10.15 4.14 -3.09 5.00 -2.21 -11.98 -0.15 -1.93 -7.36 1.68 18.17 -0.29 -0.57 5.92 -0.00 0.00 0.00 -84.39 -23.08 49.88 136.74 -49.89 -99.10 -0.00 0.00 -55.88 -24.07 23.81 -10.22 -7.12 0.00 -0.00 -49.22 47.53 -4.02 -0.00 0.00 0.00 86.41 43.48 44.19 -81.65 59.73 -52.77 0.00 -0.00 -77.15 7.56 7.27 0.96 7.12 -0.00 -0.00 24.49 -22.67 14.50
-1.62 16.55 3.45 727.34 -65.23 -722.21 0.00 0.00 0.00 3.05 -25.10 -38.71 6.42 14.82 46.63 0.19 -3.17 -7.84 3.71 -11.76 -34.90 0.00 0.00 0.00 3.73 11.21 3.09 -8.00 -16.12 52.58 -0.63 2.49 -14.32 -2.29 9.45 -27.22 -2.47 7.67 14.36 -2.22 9.49 3.94 -2.60 4.64 -3.80 -11.19 -0.20 -3.61 -3.55 0.98 13.44 0.76 -0.33 4.66 -0.00 0.00 0.00 -83.41 -22.91 46.96 139.77 -48.21 -101.39 -0.00 0.00 -55.38 -23.10 23.69 -9.73 -7.12 0.00 -0.00 -48.42 47.59 -4.01 -0.00 0.00 0.00 87.87 34.05 45.19 -79.48 59.58 -50.90 0.00 -0.00 -75.74 7.02 6.65 0.82 7.12 -0.00 -0.00 24.25 -23.25 13.96
-1.36 16.60 3.22 727.37 -67.59 -723.74 0.00 0.00 0.00 2.37 -21.40 -37.35 6.01 14.43 45.00 0.10 -2.26 -5.55 3.86 -11.98 -35.64 0.00 0.00 0.00 3.33 12.43 5.12 -7.29 -15.57 49.96 -0.64 6.61 -14.31 -2.43 9.72 -28.07 -2.48 6.64 15.55 -1.06 8.13 4.34 -1.26 3.94 -4.21 -10.95 0.80 -4.84 -1.47 2.03 8.37 1.53 0.56 3.52 0.00 0.00 0.00 -83.95 -21.37 44.14 142.68 -46.40 -103.53 -0.00 0.00 -54.05 -23.28 24.58 -10.15 -7.12 0.00 -0.00 -49.23 48.22 -5.10 0.00 0.00 0.00 87.60 26.83 46.46 -78.81 59.52 -50.33 0.00 -0.00 -74.69 6.37 6.89 0.77 7.12 -0.00 -0.00 23.77 -23.05 13.75
-1.10 16.87 3.02 718.56 -72.75 -714.91 0.00 0.00 0.00 6.60 -19.24 -34.56 4.97 13.35 40.70 0.02 1.74 -3.76 3.81 -11.90 -35.40 0.00 0.00 0.00 4.59 14.85 5.29 -5.62 -14.05 43.44 -0.10 12.61 -10.12 -2.46 9.77 -28.22 0.10 5.90 14.40 -0.03 7.60 4.84 -1.33 3.69 -2.88 -9.58 2.38 -5.58 0.32 3.90 4.96 1.91 1.75 2.37 0.00 0.00 0.00 -84.90 -18.77 42.54 144.37 -45.26 -104.74 -0.00 0.00 -51.51 -23.08 24.30 -9.95 -7.12 0.00 -0.00 -48.87 48.05 -4.78 0.00 0.00 0.00 87.52 21.58 47.06 -78.17 59.46 -49.78 0.00 -0.00 -71.61 9.03 6.23 0.99 7.12 -0.00 -0.00 25.67 -23.58 14.75
-0.79 17.36 2.80 712.84 -78.48 -708.13 0.00 0.00 0.00 8.90 -20.98 -29.86 3.66 11.69 34.63 -0.39 11.40 -0.85 3.12 -10.89 -31.92 0.00 0.00 0.00 2.11 16.77 3.16 -3.97 -12.12 36.16 0.83 16.07 3.53 -0.68 5.29 -14.73 -0.39 5.35 14.85 0.16 6.79 4.78 -0.79 3.27 -3.28 -5.52 4.29 -6.54 -1.40 6.27 3.76 0.73 2.99 2.18 -0.00 0.00 0.00 -85.73 -15.50 40.21 146.11 -44.00 -105.96 -0.00 0.00 -49.02 -22.07 23.84 -9.31 -7.12 0.00 -0.00 -47.77 47.86 -4.33 -0.00 0.00 0.00 86.55 17.86 47.79 -80.99 59.69 -52.21 0.00 -0.00 -67.47 9.28 6.12 1.00 7.12 -0.00 -0.00 25.85 -23.67 14.82
-0.51 17.81 2.58 705.81 -83.14 -700.26 0.00 0.00 0.00 9.67 -22.99 -27.20 3.35 11.24 33.08 -0.22 9.68 1.71 1.53 -7.81 -22.13 0.00 0.00 0.00 0.02 18.54 0.20 -3.24 -11.07 32.51 0.61 14.02 8.35 -0.55 4.77 -13.25 -1.70 4.50 14.88 0.07 5.45 5.15 0.09 2.59 -3.02 -3.58 6.09 -6.12 -1.47 8.45 1.98 0.40 4.15 1.55 -0.00 -0.00 0.00 -85.00 -14.28 37.29 148.69 -41.99 -107.73 -0.00 0.00 -47.56 -20.84 22.96 -8.45 -7.12 0.00 -0.00 -46.20 47.39 -3.44 -0.00 -0.00 0.00 85.20 17.12 46.99 -86.86 59.96 -57.28 0.00 -0.00 -65.95 10.49 5.40 1.00 7.12 -0.00 -0.00 26.80 -24.27 15.07
-0.19 17.97 2.29 675.29 -86.02 -668.90 0.00 0.00 0.00 9.31 -19.12 -30.44 5.07 13.46 41.12 0.04 -0.79 4.27 1.51 -7.75 -21.96 0.00 0.00 0.00 1.05 21.79 -3.57 -4.17 -12.38 37.10 -0.22 -3.08 -10.58 -1.61 8.00 -22.71 -2.25 3.77 14.82 0.12 4.41 4.94 0.62 2.07 -3.24 -1.73 7.26 -4.32 -1.49 9.82 1.25 0.04 4.87 1.09 -0.00 -0.00 0.00 -81.66 -15.36 34.05 151.23 -39.82 -109.39 -0.00 0.00 -45.61 -18.91 22.57 -7.49 -7.12 0.00 -0.00 -44.45 47.38 -3.24 -0.00 -0.00 0.00 83.56 17.67 44.21 -95.00 59.91 -64.33 0.00 -0.00 -64.08 11.92 5.79 1.22 7.12 -0.00 -0.00 27.65 -23.85 15.99
0.10 17.90 2.04 637.40 -86.65 -632.08 0.00 0.00 0.00 5.92 -12.70 -34.48 8.36 16.38 53.86 -0.09 -5.79 4.24 1.52 -7.80 -22.10 0.00 0.00 0.00 2.47 21.55 -5.92 -5.79 -14.22 44.12 -0.51 -4.53 -15.91 -0.72 5.41 -15.07 -1.68 2.90 15.89 -0.16 3.30 4.85 0.17 1.52 -3.82 -0.85 7.91 -2.97 -0.71 10.61 2.52 0.13 5.28 1.26 0.00 0.00 0.00 -77.75 -17.66 31.70 152.80 -38.37 -110.38 -0.00 0.00 -43.27 -15.90 22.80 -6.30 -7.12 0.00 -0.00 -42.25 48.01 -3.79 0.00 0.00 0.00 82.41 18.88 40.69 -102.94 59.36 -71.18 0.00 -0.00 -60.24 12.66 6.77 1.52 7.12 -0.00 -0.00 27.91 -22.92 16.88
0.32 17.67 1.75 580.97 -85.30 -578.03 0.00 0.00 0.00 1.10 -7.47 -33.33 10.41 17.63 60.86 -0.22 -8.30 2.55 1.24 -7.05 -19.87 0.00 0.00 0.00 4.11 22.34 -4.75 -6.79 -15.15 48.06 -0.24 0.85 -8.99 -1.31 7.25 -20.45 -3.12 3.30 17.17 0.01 3.52 4.86 1.05 1.62 -4.59 -0.84 8.44 -1.15 -0.61 11.28 3.59 0.11 5.60 1.28 -0.00 0.00 0.00 -77.45 -16.62 31.16 154.16 -37.05 -111.21 -0.00 0.00 -42.18 -15.73 22.31 -6.10 -7.12 0.00 -0.00 -41.79 47.65 -3.29 -0.00 0.00 0.00 80.84 20.11 37.63 -107.27 58.84 -74.90 0.00 -0.00 -57.71 11.34 7.13 1.43 7.12 -0.00 -0.00 26.99 -22.66 16.36
0.41 17.37 1.48 565.84 -83.47 -563.78 0.00 0.00 0.00 -2.66 -3.41 -31.53 10.57 17.72 61.36 0.62 0.90 -15.27 1.16 -6.84 -19.23 0.00 0.00 0.00 6.22 20.50 -1.04 -6.00 -14.43 44.99 -0.74 1.89 -15.72 -2.67 10.15 -29.45 -3.77 2.83 16.12 0.09 2.86 4.56 1.67 1.32 -4.35 -0.94 9.20 -1.40 -0.85 12.31 5.54 0.15 6.08 1.97 0.00 0.00 0.00 -79.28 -11.21 31.57 155.27 -35.93 -111.87 -0.00 0.00 -39.34 -15.21 21.64 -5.73 -7.12 0.00 -0.00 -40.93 47.20 -2.66 0.00 0.00 0.00 80.53 19.84 37.32 -106.70 58.92 -74.41 0.00 -0.00 -55.66 10.89 8.64 1.66 7.12 -0.00 -0.00 26.39 -21.31 16.84
0.44 17.20 1.24 566.99 -81.36 -564.27 0.00 0.00 0.00 -0.97 -3.39 -29.93 10.07 17.45 59.71 1.05 1.44 -19.90 1.36 -7.39 -20.87 0.00 0.00 0.00 8.05 17.64 1.21 -4.66 -12.99 39.34 -1.59 2.07 -23.30 -2.13 9.13 -26.22 -2.28 2.48 14.13 0.21 2.76 3.95 1.04 1.29 -3.86 -0.96 9.81 -1.85 -0.77 13.14 6.09 0.24 6.48 2.22 -0.00 0.00 0.00 -81.63 -6.50 33.06 154.40 -36.81 -111.36 -0.00 0.00 -36.46 -16.15 21.32 -6.01 -7.12 0.00 -0.00 -41.47 46.80 -2.22 -0.00 0.00 0.00 80.79 17.78 37.59 -103.18 59.33 -71.39 0.00 -0.00 -54.37 9.20 7.36 1.19 7.12 -0.00 -0.00 25.55 -22.53 15.36
0.58 17.23 1.12 558.18 -78.49 -555.30 0.00 0.00 0.00 1.26 -4.03 -29.45 10.19 17.52 60.13 0.56 -1.08 -13.84 2.08 -9.03 -25.89 0.00 0.00 0.00 7.00 17.93 1.05 -3.98 -12.13 36.20 -1.68 3.94 -23.53 -1.49 7.70 -21.81 -1.38 3.13 13.97 -0.13 3.72 4.13 0.02 1.75 -3.54 -0.96 9.87 -2.71 -1.89 13.31 5.77 -0.05 6.54 2.35 0.00 -0.00 0.00 -83.07 -6.70 31.05 153.40 -37.80 -110.75 -0.00 0.00 -34.30 -17.86 21.49 -6.73 -7.12 0.00 -0.00 -42.92 46.69 -2.19 0.00 -0.00 0.00 80.75 15.80 38.46 -102.12 59.44 -70.48 0.00 -0.00 -55.02 5.34 6.36 0.59 7.12 -0.00 -0.00 23.17 -23.56 13.04
0.72 17.53 1.14 544.72 -74.26 -541.40 0.00 0.00 0.00 0.39 -0.91 -31.25 10.16 17.50 60.02 0.02 -2.35 -2.69 2.13 -9.14 -26.22 0.00 0.00 0.00 2.87 19.87 -2.09 -3.85 -11.96 35.59 -1.06 4.79 -18.49 -1.60 7.99 -22.68 -1.53 4.22 14.26 -1.33 5.03 4.45 -1.36 2.38 -3.27 -0.84 10.17 -2.51 -3.61 13.78 5.22 -0.60 6.74 2.29 -0.00 -0.00 0.00 -81.07 -10.85 23.50 155.37 -35.83 -111.93 -0.00 0.00 -40.56 -16.79 21.58 -6.33 -7.12 0.00 -0.00 -42.14 46.92 -2.42 -0.00 -0.00 0.00 81.40 15.67 38.53 -106.24 58.98 -74.01 0.00 -0.00 -56.12 5.20 7.28 0.66 7.12 -0.00 -0.00 22.91 -22.71 13.36
0.86 17.95 1.25 534.49 -70.91 -530.62 0.00 0.00 0.00 -2.64 1.08 -33.18 9.47 17.10 57.69 0.09 -2.67 7.41 0.87 -5.93 -16.60 0.00 0.00 0.00 -2.52 21.24 -7.12 -4.13 -12.33 36.93 -0.37 3.41 -10.80 -1.27 7.15 -20.17 -3.02 4.51 15.34 -2.14 5.06 4.46 -1.47 2.37 -3.90 -1.25 10.90 -2.19 -4.41 14.83 6.10 -0.74 7.20 2.58 -0.00 0.00 0.00 -76.80 -16.51 11.79 158.81 -32.04 -113.85 -0.00 0.00 -46.43 -12.70 20.55 -4.52 -7.12 0.00 -0.00 -38.23 46.67 -1.85 -0.00 0.00 0.00 81.67 17.84 38.27 -114.83 57.54 -81.32 0.00 -0.00 -55.01 8.57 9.42 1.41 7.12 -0.00 -0.00 24.77 -20.67 15.97
0.97 18.29 1.43 532.53 -68.29 -528.30 0.00 0.00 0.00 -3.40 1.61 -33.41 8.52 16.49 54.43 -0.11 -8.57 9.73 0.68 -5.29 -14.74 0.00 0.00 0.00 -5.10 21.61 -12.74 -4.86 -13.22 40.21 0.02 -4.46 -5.37 -0.80 5.72 -15.97 -2.87 4.44 16.85 -2.01 4.89 4.51 -1.51 2.27 -4.65 -0.78 11.54 -1.06 -5.68 15.68 5.90 -1.24 7.62 2.49 -0.00 -0.00 0.00 -69.98 -20.95 2.89 161.69 -28.55 -115.31 -0.00 0.00 -46.84 -10.61 20.32 -3.72 -7.12 0.00 -0.00 -36.38 46.77 -1.83 -0.00 -0.00 0.00 80.90 21.22 36.29 -123.84 55.20 -88.84 0.00 -0.00 -55.68 12.99 6.91 1.59 7.12 -0.00 -0.00 28.09 -22.78 17.13
0.99 18.45 1.59 531.86 -67.25 -527.82 0.00 0.00 0.00 -3.00 0.81 -32.29 7.89 16.04 52.16 -0.05 -4.20 3.48 0.71 -5.40 -15.04 0.00 0.00 0.00 -5.74 20.85 -15.48 -5.82 -14.25 44.26 -0.01 -5.42 -8.16 -0.44 4.26 -11.81 -2.21 3.81 17.55 -1.59 4.16 4.67 -1.31 1.90 -4.84 -1.01 12.06 -0.39 -5.81 16.36 5.91 -1.27 7.96 2.39 -0.00 0.00 0.00 -64.48 -20.55 5.88 162.80 -27.13 -115.82 -0.00 0.00 -43.41 -8.70 17.50 -2.63 -7.12 0.00 -0.00 -33.28 44.65 0.32 -0.00 0.00 0.00 79.78 23.49 34.35 -129.89 53.04 -93.74 0.00 -0.00 -57.23 14.99 5.44 1.45 7.12 -0.00 -0.00 29.68 -23.98 17.44
0.95 18.43 1.62 530.52 -67.04 -527.08 0.00 0.00 0.00 -1.84 -0.97 -29.94 7.31 15.59 50.03 -0.03 3.31 -3.04 0.57 -4.84 -13.46 0.00 0.00 0.00 -5.40 20.81 -15.52 -6.89 -15.24 48.46 -0.08 -5.81 -10.27 -0.47 4.42 -12.25 -3.01 3.51 17.16 -1.19 3.69 4.64 -0.32 1.68 -4.74 -0.30 12.01 -1.42 -6.00 16.43 7.89 -1.30 7.91 3.34 -0.00 0.00 0.00 -63.10 -16.07 14.89 162.02 -28.13 -115.46 -0.00 0.00 -41.14 -11.24 20.94 -4.06 -7.12 0.00 -0.00 -37.27 47.19 -2.33 -0.00 0.00 0.00 78.30 22.66 33.26 -131.64 52.31 -95.13 0.00 -0.00 -58.51 14.29 6.29 1.60 7.12 -0.00 -0.00 29.04 -23.27 17.51
0.83 18.24 1.68 530.35 -67.40 -527.96 0.00 0.00 0.00 0.19 -3.30 -26.64 6.83 15.19 48.24 -0.26 9.11 -5.33 0.47 -4.38 -12.14 0.00 0.00 0.00 -4.12 21.95 -11.32 -6.73 -15.10 47.86 0.01 -4.48 -5.86 -0.66 5.19 -14.45 -2.38 3.04 16.60 -0.87 3.24 4.63 -0.21 1.47 -4.43 -0.72 12.07 -2.24 -6.25 16.62 8.75 -1.22 7.92 3.79 -0.00 0.00 0.00 -67.09 -10.16 23.86 160.25 -30.34 -114.60 -0.00 0.00 -38.02 -11.52 20.64 -4.11 -7.12 0.00 -0.00 -37.33 46.91 -2.04 -0.00 0.00 0.00 77.82 18.90 32.59 -130.92 52.62 -94.56 0.00 -0.00 -56.40 16.19 5.37 1.56 7.12 -0.00 -0.00 30.44 -23.96 18.07
0.65 17.86 1.66 529.47 -67.46 -528.18 0.00 0.00 0.00 2.23 -4.45 -23.29 6.42 14.82 46.64 -0.43 11.80 -7.04 0.11 -2.11 -5.82 0.00 0.00 0.00 -2.19 22.98 -4.20 -5.69 -14.12 43.72 -0.28 -5.58 -13.54 -2.32 9.50 -27.37 -2.97 2.78 15.57 -1.24 2.84 4.33 -0.15 1.29 -4.20 -0.66 12.16 -3.52 -5.86 16.77 8.87 -1.01 7.98 4.04 0.00 0.00 0.00 -71.18 -3.07 30.15 159.60 -31.12 -114.26 -0.00 0.00 -40.04 -12.73 22.13 -4.86 -7.12 0.00 -0.00 -39.24 47.95 -3.35 0.00 0.00 0.00 78.07 11.69 34.74 -127.46 53.97 -91.78 0.00 -0.00 -47.26 7.87 8.75 1.20 7.12 -0.00 -0.00 24.43 -21.31 15.31
0.42 17.46 1.66 528.89 -67.36 -528.58 0.00 0.00 0.00 3.74 -5.43 -19.63 5.77 14.20 44.04 -0.58 13.39 -6.35 0.19 -2.81 -7.75 0.00 0.00 0.00 -0.82 24.04 1.98 -4.92 -13.30 40.49 -0.95 -5.45 -21.15 -2.85 10.45 -30.45 -3.97 2.71 15.21 -1.49 2.63 3.67 0.18 1.22 -4.74 -0.71 12.45 -5.33 -5.71 17.24 8.99 -0.79 8.18 4.42 0.00 -0.00 0.00 -74.28 5.23 36.20 160.12 -30.49 -114.53 -0.00 0.00 -33.14 -15.30 19.25 -5.16 -7.12 0.00 -0.00 -39.53 45.26 -0.30 0.00 -0.00 0.00 77.16 3.25 37.63 -121.25 55.97 -86.70 0.00 -0.00 -37.65 4.65 9.42 0.76 7.12 -0.00 -0.00 22.19 -20.73 13.97
0.13 17.12 1.86 537.20 -67.49 -536.86 0.00 0.00 0.00 7.87 -7.01 -16.17 5.07 13.46 41.13 -0.38 11.16 -1.14 1.82 -8.49 -24.21 0.00 0.00 0.00 2.57 23.86 5.18 -4.50 -12.80 38.64 -1.35 -5.52 -24.53 -2.99 10.67 -31.19 -0.39 2.52 15.38 -0.86 3.03 2.74 -1.28 1.41 -5.67 -1.18 12.70 -6.31 -6.66 17.74 8.77 -0.93 8.33 4.61 0.00 0.00 0.00 -71.96 10.69 38.30 160.65 -29.85 -114.80 -0.00 0.00 -26.79 -20.37 20.52 -7.42 -7.12 0.00 -0.00 -44.18 45.57 -0.78 0.00 0.00 0.00 74.86 -6.22 41.24 -115.45 57.41 -81.85 0.00 -0.00 -32.26 2.52 9.10 0.40 7.12 -0.00 -0.00 20.81 -21.05 12.81
-0.17 16.91 2.12 538.08 -68.58 -538.29 0.00 0.00 0.00 7.79 -8.17 -14.45 5.27 13.69 41.99 -0.22 8.98 -7.17 2.48 -9.80 -28.35 0.00 0.00 0.00 2.09 23.12 5.37 -5.06 -13.45 41.06 -1.22 -5.51 -23.54 -3.47 11.42 -33.71 -1.47 2.61 15.08 0.20 3.08 2.29 0.43 1.48 -6.10 -1.21 13.60 -6.18 -10.93 19.28 8.14 -1.93 8.84 4.44 -0.00 0.00 0.00 -64.50 10.42 29.45 161.00 -29.42 -114.97 -0.00 0.00 -29.26 -25.58 22.18 -10.24 -7.12 0.00 -0.00 -49.07 46.07 -1.72 -0.00 0.00 0.00 70.36 -14.85 45.76 -113.92 57.72 -80.56 0.00 -0.00 -31.73 3.47 9.05 0.55 7.12 -0.00 -0.00 21.46 -21.09 13.24
-0.42 16.86 2.42 530.90 -72.38 -532.24 0.00 0.00 0.00 5.07 -7.77 -17.90 6.24 14.66 45.94 -0.03 5.17 -6.45 2.62 -10.06 -29.17 0.00 0.00 0.00 -0.72 23.80 4.97 -6.45 -14.85 46.77 -0.42 -5.81 -15.75 -3.72 11.78 -34.96 -5.93 2.10 15.45 0.29 1.67 2.09 3.32 0.91 -6.62 0.16 15.10 -7.17 -14.57 21.69 8.57 -2.80 9.71 5.43 0.00 0.00 0.00 -50.02 5.26 13.82 156.90 -34.19 -112.81 -0.00 0.00 -45.17 -21.07 22.36 -8.34 -7.12 0.00 -0.00 -45.95 46.89 -2.72 0.00 0.00 0.00 66.44 -19.68 50.53 -115.40 57.42 -81.81 0.00 -0.00 -28.89 2.66 9.74 0.45 7.12 -0.00 -0.00 20.82 -20.45 13.12
-0.66 16.86 2.73 525.91 -80.20 -528.03 0.00 0.00 0.00 5.47 -8.40 -24.50 7.46 15.71 50.61 -0.01 -1.38 0.31 1.69 -8.19 -23.28 0.00 0.00 0.00 0.69 25.16 7.92 -6.98 -15.32 48.80 0.06 -4.41 -1.37 -2.81 10.38 -30.20 -8.86 0.61 15.14 0.56 -0.74 2.89 5.77 -0.29 -5.29 -0.38 16.13 -8.36 -15.04 23.02 6.90 -2.69 10.38 5.21 -0.00 -0.00 0.00 -33.34 -5.93 0.86 138.22 -49.09 -100.23 -0.00 0.00 -47.24 -12.02 20.35 -4.24 -7.12 0.00 -0.00 -37.56 46.60 -1.73 -0.00 -0.00 0.00 63.95 -19.91 51.79 -120.91 56.06 -86.42 0.00 -0.00 -26.23 2.48 10.05 0.43 7.12 -0.00 -0.00 20.66 -20.16 13.14
-1.07 16.84 2.99 512.37 -92.99 -514.42 0.00 0.00 0.00 8.38 -12.61 -30.48 7.20 15.50 49.62 -0.12 -6.08 1.77 1.59 -7.95 -22.56 0.00 0.00 0.00 9.58 24.40 16.94 -5.73 -14.16 43.89 -0.49 -5.64 12.55 -2.48 9.80 -28.34 -8.28 -1.15 13.43 1.09 -2.74 2.88 6.30 -1.33 -4.04 -2.40 15.62 -8.58 -10.60 22.33 8.96 -1.22 10.15 5.08 0.00 0.00 0.00 -15.44 -28.82 -7.06 72.22 -58.77 -44.67 -0.00 0.00 -30.08 1.18 19.86 0.40 -7.12 0.00 -0.00 -26.01 47.99 -2.05 0.00 0.00 0.00 63.98 -21.33 49.70 -130.77 52.68 -94.44 0.00 -0.00 -26.54 4.39 11.10 0.85 7.12 -0.00 -0.00 21.78 -19.18 14.49
-1.64 16.76 3.27 515.62 -106.26 -517.70 0.00 0.00 0.00 10.91 -17.21 -33.54 5.65 14.08 43.56 0.05 -0.85 -3.81 2.21 -9.30 -26.73 0.00 0.00 0.00 21.28 20.28 24.63 -4.51 -12.81 38.67 -1.45 -7.08 21.58 -1.53 7.81 -22.13 -5.80 -2.32 11.83 1.35 -3.79 1.91 5.26 -1.82 -4.15 -5.43 13.84 -11.32 -3.58 20.30 16.50 1.47 8.99 6.76 0.00 0.00 0.00 -11.32 -49.95 -12.97 46.88 -51.66 -23.70 -0.00 0.00 -8.56 1.81 18.72 0.58 -7.12 0.00 -0.00 -24.91 47.05 -1.34 0.00 0.00 0.00 61.57 -17.42 48.51 -142.12 46.76 -103.12 0.00 -0.00 -21.26 3.49 10.66 0.65 7.12 -0.00 -0.00 21.24 -19.59 13.87
-2.14 16.64 3.61 519.75 -116.74 -520.91 0.00 0.00 0.00 13.21 -24.77 -38.25 6.29 14.70 46.13 0.09 -1.51 -5.27 2.95 -10.61 -30.97 0.00 0.00 0.00 25.67 11.61 23.86 -4.45 -12.74 38.39 -1.20 -8.55 19.60 -1.40 7.48 -21.15 -5.23 -1.58 11.20 -0.05 -2.78 0.95 3.32 -1.27 -5.04 -7.22 10.76 -10.35 0.99 15.56 16.08 2.61 7.10 5.95 0.00 -0.00 0.00 -31.64 -61.49 10.04 73.73 -58.98 -45.96 -0.00 0.00 -27.93 1.53 17.71 0.46 -7.12 0.00 -0.00 -24.71 46.11 -0.72 0.00 -0.00 0.00 56.01 -7.13 41.07 -150.77 40.22 -109.09 0.00 -0.00 -13.60 0.42 11.66 0.09 7.12 -0.00 -0.00 19.08 -18.63 12.71
-2.51 16.54 3.75 526.63 -124.80 -526.14 0.00 0.00 0.00 12.44 -30.38 -44.08 7.30 15.58 50.01 0.08 -3.26 -5.09 3.04 -10.76 -31.49 0.00 0.00 0.00 25.93 2.74 17.94 -5.61 -14.04 43.38 -0.70 0.19 15.86 -1.22 7.01 -19.73 -6.41 1.60 11.07 -4.22 1.00 0.76 -0.98 0.55 -5.47 -9.97 5.91 -7.54 11.27 7.59 15.69 5.64 3.90 5.07 -0.00 -0.00 0.00 -63.14 -62.12 51.30 94.66 -59.92 -64.03 -0.00 0.00 -17.32 -1.98 16.02 -0.55 -7.12 0.00 -0.00 -26.99 44.16 0.61 -0.00 -0.00 0.00 46.96 6.03 26.41 -152.29 38.85 -110.06 0.00 -0.00 -14.51 -1.11 10.49 -0.20 7.12 -0.00 -0.00 18.18 -19.72 11.57
-2.78 16.48 3.74 529.47 -129.96 -526.00 0.00 0.00 0.00 13.23 -31.20 -49.64 7.56 15.78 50.95 -0.04 -5.88 -2.68 2.14 -9.15 -26.28 0.00 0.00 0.00 28.28 -1.54 9.96 -6.52 -14.92 47.05 -0.27 -2.70 9.32 -0.88 5.99 -16.75 -5.98 4.27 9.67 -6.96 4.56 1.31 -4.54 2.23 -3.95 -12.44 3.17 -5.78 14.15 3.57 15.46 6.79 1.96 5.00 -0.00 0.00 0.00 -70.77 -51.63 63.46 114.76 -57.55 -81.27 -0.00 0.00 -13.92 -6.94 15.05 -1.81 -7.12 0.00 -0.00 -30.67 42.75 1.90 -0.00 0.00 0.00 25.15 25.22 11.84 -139.39 48.43 -101.11 0.00 -0.00 -7.56 -0.34 8.47 -0.05 7.12 -0.00 -0.00 18.94 -21.64 11.24
-2.99 16.51 3.69 528.49 -132.35 -524.09 0.00 0.00 0.00 14.42 -28.30 -52.80 7.76 15.94 51.71 -0.30 -9.76 1.58 1.75 -8.32 -23.69 0.00 0.00 0.00 31.56 -3.47 5.78 -6.96 -15.30 48.72 0.05 -10.58 6.55 -0.62 5.05 -14.05 -1.61 6.79 10.90 -9.32 8.22 2.09 -10.07 4.04 -2.68 -12.98 1.27 -2.76 13.57 0.97 13.08 6.46 0.55 4.14 0.00 -0.00 0.00 -71.40 -43.71 63.63 121.42 -55.92 -86.84 -0.00 0.00 -11.87 -6.17 14.30 -1.53 -7.12 0.00 -0.00 -29.72 42.18 2.30 0.00 -0.00 0.00 -2.37 39.53 -5.47 -74.01 59.01 -46.20 0.00 -0.00 -1.23 -6.20 11.67 -1.26 7.12 -0.00 -0.00 14.60 -18.44 9.55
-3.29 16.67 3.68 532.60 -135.96 -525.24 0.00 0.00 0.00 10.73 -26.60 -55.88 7.61 15.83 51.16 -0.36 -10.80 6.54 1.07 -6.58 -18.49 0.00 0.00 0.00 30.72 -7.26 3.44 -6.27 -14.69 46.06 0.42 -11.97 -0.35 -0.17 2.67 -7.37 -3.83 8.56 10.62 -10.47 10.29 2.34 -10.26 5.10 -2.10 -12.16 -0.67 1.84 14.38 -2.19 11.96 6.45 -1.09 3.45 0.00 -0.00 0.00 -75.64 -37.70 65.96 124.93 -54.85 -89.73 -0.00 0.00 -11.59 -2.68 16.81 -0.77 -7.12 0.00 -0.00 -27.92 44.78 0.17 0.00 -0.00 0.00 -27.22 49.46 -29.27 -15.44 24.75 -3.41 0.00 0.00 13.26 -14.26 8.58 -2.17 7.12 -0.00 -0.00 9.09 -21.17 5.26
-3.58 16.77 3.79 533.38 -142.57 -523.66 0.00 0.00 0.00 9.36 -27.12 -59.00 7.47 15.71 50.63 -0.28 -10.24 8.38 0.60 -4.94 -13.75 0.00 0.00 0.00 32.61 -10.34 3.62 -4.61 -12.93 39.12 0.35 -11.08 0.15 -0.06 1.59 -4.37 -4.31 9.60 9.44 -9.84 11.89 3.15 -9.14 5.94 -0.60 -11.12 -3.26 3.24 17.23 -6.09 11.75 7.10 -2.93 3.73 -0.00 -0.00 0.00 -80.02 -34.58 71.10 129.07 -53.36 -93.08 -0.00 0.00 -8.05 -3.84 14.44 -0.96 -7.12 0.00 -0.00 -27.87 42.55 1.84 -0.00 -0.00 0.00 -30.98 51.72 -78.95 -9.50 15.96 -1.34 0.00 0.00 57.29 -4.14 14.84 -1.06 7.12 -0.00 -0.00 15.78 -15.46 11.45
-3.75 16.80 3.94 531.14 -147.53 -522.02 0.00 0.00 0.00 10.02 -27.94 -59.66 7.57 15.79 50.99 -0.29 -9.85 6.45 0.33 -3.71 -10.27 0.00 0.00 0.00 34.85 -9.94 5.99 -3.55 -11.53 34.09 0.39 -11.74 0.08 -0.00 0.30 -0.84 -3.55 9.19 8.51 -7.84 11.62 3.54 -7.17 5.81 -0.03 -10.55 -3.68 5.14 18.22 -6.81 11.15 7.34 -3.33 3.34 0.00 0.00 0.00 -81.18 -29.11 70.66 136.23 -50.15 -98.71 -0.00 0.00 -7.03 -4.69 15.03 -1.22 -7.12 0.00 -0.00 -28.82 42.98 1.58 0.00 0.00 0.00 -16.04 48.47 -27.81 -23.52 34.65 -7.43 0.00 0.00 3.86 -10.45 9.40 -1.72 7.12 -0.00 -0.00 11.78 -20.52 7.05
-3.78 16.85 4.08 530.19 -145.26 -522.01 0.00 0.00 0.00 8.59 -26.39 -57.73 7.87 16.02 52.10 -0.18 -7.46 3.06 0.39 -4.00 -11.07 0.00 0.00 0.00 32.84 -0.72 9.91 -3.68 -11.73 34.78 0.30 -10.54 0.79 -0.04 -1.24 3.41 -3.13 9.17 8.96 -8.38 11.57 3.56 -8.03 5.80 -0.04 -9.92 -3.13 4.51 18.17 -6.09 11.71 7.23 -2.92 3.48 -0.00 -0.00 0.00 -78.12 -25.34 65.92 141.75 -47.00 -102.86 -0.00 0.00 -6.74 -3.65 14.90 -0.94 -7.12 0.00 -0.00 -27.91 42.98 1.52 -0.00 -0.00 0.00 -1.93 53.21 -20.48 -30.14 41.01 -11.50 0.00 0.00 16.31 -12.07 14.00 -2.96 7.12 -0.00 -0.00 10.49 -15.84 7.35
-3.74 16.90 4.20 528.17 -141.62 -521.59 0.00 0.00 0.00 8.13 -24.10 -55.72 8.21 16.27 53.32 -0.05 -4.21 -0.03 0.25 -3.20 -8.82 0.00 0.00 0.00 28.54 4.00 10.67 -3.86 -11.97 35.62 -0.15 -1.07 7.00 -0.00 0.01 -0.02 -3.90 9.23 8.24 -7.59 11.66 3.88 -6.64 5.80 0.35 -9.71 -2.44 4.77 17.83 -5.05 11.05 7.10 -2.44 3.08 -0.00 -0.00 0.00 -77.58 -24.25 63.01 144.80 -44.95 -105.05 -0.00 0.00 -6.40 -4.62 15.47 -1.23 -7.12 0.00 -0.00 -28.95 43.37 1.28 -0.00 -0.00 0.00 20.44 55.71 -7.44 -42.01 49.22 -19.95 0.00 0.00 11.40 -12.48 11.11 -2.44 7.12 -0.00 -0.00 10.27 -18.71 6.54
-3.68 16.93 4.29 523.60 -137.95 -521.00 0.00 0.00 0.00 8.43 -20.03 -51.00 8.05 16.16 52.76 0.01 -4.02 -3.03 0.30 -3.52 -9.72 0.00 0.00 0.00 26.31 6.20 11.54 -3.75 -11.82 35.08 -0.71 5.87 19.14 -0.11 2.16 -5.95 -3.81 9.32 8.75 -5.54 11.80 4.39 -4.62 5.82 0.19 -10.06 -1.52 5.32 18.57 -3.89 10.71 7.44 -1.92 2.72 0.00 -0.00 0.00 -77.47 -24.28 62.56 147.27 -43.12 -106.76 -0.00 0.00 -6.80 -4.79 16.39 -1.35 -7.12 0.00 -0.00 -29.51 44.16 0.67 0.00 -0.00 0.00 41.37 51.53 8.32 -57.52 55.61 -32.28 0.00 0.00 10.82 -13.74 9.76 -2.37 7.12 -0.00 -0.00 9.43 -20.00 5.71
-3.64 17.14 4.32 521.88 -134.72 -521.15 0.00 0.00 0.00 7.21 -16.40 -46.74 7.24 15.53 49.79 0.01 -2.91 -2.60 0.30 -3.50 -9.68 0.00 0.00 0.00 23.67 8.09 10.33 -3.62 -11.64 34.46 -4.18 -0.78 38.67 -0.01 -0.60 1.64 -5.60 8.65 8.74 -4.76 10.78 4.57 -2.81 5.25 -0.15 -8.46 -0.29 6.15 18.32 -2.19 10.49 7.09 -1.09 2.24 0.00 0.00 0.00 -75.10 -23.47 61.68 149.82 -41.05 -108.47 -0.00 0.00 -7.53 -4.86 16.38 -1.37 -7.12 0.00 -0.00 -29.57 44.15 0.69 0.00 0.00 0.00 58.01 42.58 21.55 -77.21 59.37 -48.95 0.00 0.00 10.52 -13.90 9.75 -2.40 7.12 -0.00 -0.00 9.32 -20.01 5.64
-3.57 17.51 4.28 519.67 -131.85 -520.26 0.00 0.00 0.00 6.68 -13.01 -42.27 5.92 14.35 44.66 0.00 -0.86 -0.92 0.21 -2.98 -8.23 0.00 0.00 0.00 24.06 12.10 9.27 -3.71 -11.77 34.92 -5.93 -7.16 45.14 -0.53 -4.67 12.98 -6.19 7.83 8.69 -4.40 9.66 4.73 -2.01 4.67 -0.12 -8.27 0.99 7.33 18.88 -0.61 10.80 7.24 -0.36 1.90 -0.00 0.00 0.00 -72.77 -23.08 60.04 151.52 -39.56 -109.57 -0.00 0.00 -9.02 -5.09 16.28 -1.43 -7.12 0.00 -0.00 -29.71 44.03 0.78 -0.00 0.00 0.00 69.17 30.72 30.23 -95.71 59.88 -64.94 0.00 0.00 6.74 -13.72 9.20 -2.23 7.12 -0.00 -0.00 9.46 -20.58 5.61
-3.47 17.98 4.22 518.14 -130.51 -518.47 0.00 0.00 0.00 6.82 -11.74 -38.35 4.24 12.48 37.45 0.00 2.88 2.09 0.23 -3.08 -8.50 0.00 0.00 0.00 24.62 14.35 8.53 -3.42 -11.34 33.44 -5.63 -8.30 43.78 -1.10 -6.67 18.75 -5.00 6.36 7.59 -4.73 7.92 4.83 -2.66 3.83 0.80 -8.06 2.02 7.72 18.77 0.65 11.54 7.16 0.25 1.87 0.00 -0.00 0.00 -70.59 -22.94 56.55 152.75 -38.42 -110.34 -0.00 0.00 -10.10 -5.59 16.53 -1.60 -7.12 0.00 -0.00 -30.24 44.19 0.67 0.00 -0.00 0.00 76.67 18.09 35.42 -110.53 58.35 -77.68 0.00 0.00 5.39 -13.19 10.06 -2.34 7.12 -0.00 -0.00 9.81 -19.73 6.01
