HIERARCHY
ROOT Hips
{
	OFFSET 0.00000 0.00000 0.00000
	CHANNELS 6 Xposition Yposition Zposition Zrotation Yrotation Xrotation 
	JOINT LHipJoint
	{
		OFFSET 0 0 0
		CHANNELS 3 Zrotation Yrotation Xrotation
		JOINT LeftUpLeg
		{
			OFFSET 1.64549 -1.70879 0.84566
			CHANNELS 3 Zrotation Yrotation Xrotation
			JOINT LeftLeg
			{
				OFFSET 2.24963 -6.18082 0.00000
				CHANNELS 3 Zrotation Yrotation Xrotation
				JOINT LeftFoot
				{
					OFFSET 2.71775 -7.46697 0.00000
					CHANNELS 3 Zrotation Yrotation Xrotation
					JOINT LeftToeBase
					{
						OFFSET 0.18768 -0.51564 2.24737
						CHANNELS 3 Zrotation Yrotation Xrotation
						End Site
						{
							OFFSET 0.00000 -0.00000 1.15935
						}
					}
				}
			}
		}
	}
	JOINT RHipJoint
	{
		OFFSET 0 0 0
		CHANNELS 3 Zrotation Yrotation Xrotation
		JOINT RightUpLeg
		{
			OFFSET -1.58830 -1.70879 0.84566
			CHANNELS 3 Zrotation Yrotation Xrotation
			JOINT RightLeg
			{
				OFFSET -2.25006 -6.18201 0.00000
				CHANNELS 3 Zrotation Yrotation Xrotation
				JOINT RightFoot
				{
					OFFSET -2.72829 -7.49593 0.00000
					CHANNELS 3 Zrotation Yrotation Xrotation
					JOINT RightToeBase
					{
						OFFSET -0.21541 -0.59185 2.10643
						CHANNELS 3 Zrotation Yrotation Xrotation
						End Site
						{
							OFFSET -0.00000 -0.00000 1.09838
						}
					}
				}
			}
		}
	}
	JOINT LowerBack
	{
		OFFSET 0 0 0
		CHANNELS 3 Zrotation Yrotation Xrotation
		JOINT Spine
		{
			OFFSET 0.03142 2.10496 -0.11038
			CHANNELS 3 Zrotation Yrotation Xrotation
			JOINT Spine1
			{
				OFFSET -0.01863 2.10897 -0.06956
				CHANNELS 3 Zrotation Yrotation Xrotation
				JOINT Neck
				{
					OFFSET 0 0 0
					CHANNELS 3 Zrotation Yrotation Xrotation
					JOINT Neck1
					{
						OFFSET -0.02267 1.73238 0.00451
						CHANNELS 3 Zrotation Yrotation Xrotation
						JOINT Head
						{
							OFFSET -0.05808 1.54724 -0.61749
							CHANNELS 3 Zrotation Yrotation Xrotation
							End Site
							{
								OFFSET -0.01396 1.71468 -0.21082
							}
						}
					}
				}
				JOINT LeftShoulder
				{
					OFFSET 0 0 0
					CHANNELS 3 Zrotation Yrotation Xrotation
					JOINT LeftArm
					{
						OFFSET 3.44898 0.50298 0.21920
						CHANNELS 3 Zrotation Yrotation Xrotation
						JOINT LeftForeArm
						{
							OFFSET 5.41917 -0.00000 -0.00000
							CHANNELS 3 Zrotation Yrotation Xrotation
							JOINT LeftHand
							{
								OFFSET 2.44373 -0.00000 0.00000
								CHANNELS 3 Zrotation Yrotation Xrotation
								JOINT LeftFingerBase
								{
									OFFSET 0 0 0
									CHANNELS 3 Zrotation Yrotation Xrotation
									JOINT LeftHandIndex1
									{
										OFFSET 0.72750 -0.00000 0.00000
										CHANNELS 3 Zrotation Yrotation Xrotation
										End Site
										{
											OFFSET 0.58653 -0.00000 0.00000
										}
									}
								}
								JOINT LThumb
								{
									OFFSET 0 0 0
									CHANNELS 3 Zrotation Yrotation Xrotation
									End Site
									{
										OFFSET 0.59549 -0.00000 0.59549
									}
								}
							}
						}
					}
				}
				JOINT RightShoulder
				{
					OFFSET 0 0 0
					CHANNELS 3 Zrotation Yrotation Xrotation
					JOINT RightArm
					{
						OFFSET -3.23015 0.55830 0.31051
						CHANNELS 3 Zrotation Yrotation Xrotation
						JOINT RightForeArm
						{
							OFFSET -5.58976 -0.00010 0.00014
							CHANNELS 3 Zrotation Yrotation Xrotation
							JOINT RightHand
							{
								OFFSET -2.48060 -0.00000 0.00000
								CHANNELS 3 Zrotation Yrotation Xrotation
								JOINT RightFingerBase
								{
									OFFSET 0 0 0
									CHANNELS 3 Zrotation Yrotation Xrotation
									JOINT RightHandIndex1
									{
										OFFSET -0.81601 -0.00000 0.00000
										CHANNELS 3 Zrotation Yrotation Xrotation
										End Site
										{
											OFFSET -0.65789 -0.00000 0.00000
										}
									}
								}
								JOINT RThumb
								{
									OFFSET 0 0 0
									CHANNELS 3 Zrotation Yrotation Xrotation
									End Site
									{
										OFFSET -0.66793 -0.00000 0.66793
									}
								}
							}
						}
					}
				}
			}
		}
	}
}
MOTION
Frames: 240
Frame Time: 0.033333
4.50 16.54 -15.15 -3.92 7.94 28.82 0.00 0.00 0.00 -26.58 12.41 -25.40 4.24 12.47 37.43 -6.45 49.12 12.50 1.59 7.96 22.59 0.00 0.00 0.00 29.54 17.16 -39.38 -2.50 -9.84 28.47 -1.62 -20.13 -38.13 -0.91 -6.07 16.99 5.10 -0.35 -18.07 4.93 -1.18 -11.21 2.16 -0.67 -1.95 -0.55 -2.71 -14.17 -2.17 -3.22 43.39 -1.56 -1.64 18.84 -0.00 0.00 0.00 -87.21 26.78 35.75 15.69 -25.09 -3.51 -0.00 -0.00 0.66 -7.22 13.48 -1.69 -7.12 0.00 -0.00 -30.21 41.35 3.04 -0.00 0.00 0.00 75.05 -20.53 32.20 -13.23 21.62 -2.54 0.00 -0.00 -23.01 -8.76 17.99 -2.72 7.12 -0.00 -0.00 12.63 -12.11 9.95
4.51 16.54 -15.13 -4.07 7.49 28.16 0.00 0.00 0.00 -26.61 13.43 -24.68 4.16 12.37 37.06 -7.20 48.51 8.13 2.55 9.93 28.75 0.00 0.00 0.00 30.07 16.26 -38.75 -2.51 -9.86 28.53 -1.65 -19.39 -37.57 -0.89 -6.03 16.87 5.25 -0.23 -17.88 4.92 -1.04 -10.97 2.09 -0.60 -1.79 -0.40 -2.62 -14.22 -2.07 -3.18 43.58 -1.54 -1.58 18.97 -0.00 0.00 0.00 -87.36 26.70 35.93 15.72 -25.14 -3.53 -0.00 0.00 -0.04 -6.76 13.47 -1.58 -7.12 0.00 -0.00 -29.84 41.39 2.96 -0.00 0.00 0.00 76.49 -20.34 28.92 -12.99 21.27 -2.45 0.00 -0.00 -23.28 -12.81 16.82 -3.76 7.12 -0.00 -0.00 9.97 -12.95 7.60
4.50 16.54 -15.13 -3.92 7.69 28.13 0.00 0.00 0.00 -26.63 13.23 -24.59 4.18 12.39 37.13 -8.57 49.08 2.64 3.41 11.33 33.41 0.00 0.00 0.00 29.73 16.81 -38.61 -2.53 -9.89 28.61 -1.61 -19.99 -37.96 -0.90 -6.04 16.89 5.04 -0.43 -17.32 5.06 -1.19 -11.48 2.35 -0.68 -2.62 -0.32 -2.54 -13.59 -2.23 -3.02 43.64 -1.59 -1.53 18.83 -0.00 0.00 0.00 -87.83 27.64 35.76 15.90 -25.38 -3.60 -0.00 0.00 -0.50 -6.32 13.92 -1.53 -7.12 0.00 -0.00 -29.67 41.83 2.58 -0.00 0.00 0.00 77.36 -20.98 26.13 -12.55 20.63 -2.29 0.00 -0.00 -21.65 -14.60 16.69 -4.28 7.12 -0.00 -0.00 8.79 -12.92 6.68
4.50 16.54 -15.13 -3.94 7.67 28.17 0.00 0.00 0.00 -26.65 13.22 -24.73 4.21 12.43 37.27 -8.42 48.99 3.23 3.27 11.12 32.70 0.00 0.00 0.00 29.85 16.59 -38.70 -2.52 -9.87 28.57 -1.60 -19.85 -37.79 -0.83 -5.81 16.24 5.04 -0.46 -17.47 5.12 -1.24 -11.54 2.40 -0.70 -2.62 -0.57 -2.66 -12.98 -2.08 -3.21 43.37 -1.48 -1.64 18.50 -0.00 0.00 0.00 -88.11 27.84 35.46 16.10 -25.65 -3.69 -0.00 0.00 -0.43 -5.61 13.66 -1.33 -7.12 0.00 -0.00 -28.99 41.67 2.63 -0.00 0.00 0.00 78.64 -20.49 21.24 -11.37 18.85 -1.89 0.00 -0.00 -20.10 -14.18 19.31 -4.78 7.12 -0.00 -0.00 9.12 -10.30 7.44
4.50 16.54 -15.13 -4.18 7.72 28.11 0.00 0.00 0.00 -26.38 13.19 -24.74 4.22 12.45 37.33 -9.05 49.16 0.26 3.74 11.81 35.06 0.00 0.00 0.00 30.28 16.22 -38.74 -2.51 -9.86 28.52 -1.63 -19.38 -37.47 -0.93 -6.13 17.16 5.43 -0.38 -17.94 5.11 -1.25 -11.22 2.16 -0.72 -2.03 -0.60 -2.70 -13.21 -1.75 -3.40 43.18 -1.35 -1.68 18.45 0.00 -0.00 0.00 -88.19 27.10 35.10 16.08 -25.63 -3.68 -0.00 -0.00 0.06 -6.20 15.14 -1.63 -7.12 0.00 -0.00 -30.11 42.91 1.72 0.00 -0.00 0.00 79.85 -19.90 18.20 -10.80 17.97 -1.71 0.00 -0.00 -19.23 -15.21 18.94 -5.04 7.12 -0.00 -0.00 8.44 -10.57 6.82
4.50 16.54 -15.13 -4.34 7.90 28.00 0.00 0.00 0.00 -26.09 13.05 -24.67 4.23 12.46 37.37 -4.54 48.35 19.05 0.66 5.18 14.43 0.00 0.00 0.00 30.66 15.81 -38.72 -2.49 -9.82 28.38 -1.46 -19.70 -36.89 -0.74 -5.49 15.31 5.72 -0.46 -18.05 5.20 -1.42 -11.12 2.07 -0.81 -1.88 -0.41 -2.63 -13.71 -2.00 -3.25 43.52 -1.50 -1.61 18.79 0.00 -0.00 0.00 -88.48 26.87 34.83 15.98 -25.49 -3.64 -0.00 -0.00 0.49 -5.88 15.42 -1.57 -7.12 0.00 -0.00 -29.97 43.19 1.49 0.00 -0.00 0.00 80.70 -19.62 15.20 -10.19 17.04 -1.53 0.00 -0.00 -17.54 -15.42 18.82 -5.08 7.12 -0.00 -0.00 8.30 -10.67 6.69
4.49 16.54 -15.13 -4.30 7.73 28.03 0.00 0.00 0.00 -26.21 13.07 -24.74 4.22 12.45 37.33 -2.66 47.14 24.73 0.20 2.91 8.02 0.00 0.00 0.00 30.53 16.04 -38.59 -2.47 -9.79 28.30 -1.48 -19.66 -36.98 -0.86 -5.92 16.55 5.74 -0.42 -18.26 5.08 -1.38 -11.12 1.93 -0.80 -1.77 -0.48 -2.68 -13.17 -1.84 -3.37 43.35 -1.42 -1.66 18.54 0.00 -0.00 0.00 -88.40 26.86 34.90 16.06 -25.60 -3.67 -0.00 -0.00 0.40 -5.47 16.01 -1.51 -7.12 0.00 -0.00 -29.90 43.75 1.02 0.00 -0.00 0.00 81.86 -19.10 10.10 -9.03 15.20 -1.21 0.00 -0.00 -13.75 -15.52 19.87 -5.39 7.12 -0.00 -0.00 8.27 -9.59 6.85
4.49 16.55 -15.14 -4.49 7.85 28.18 0.00 0.00 0.00 -25.96 13.15 -25.23 4.27 12.51 37.54 -1.56 45.64 27.30 0.05 1.48 4.08 0.00 0.00 0.00 30.77 16.07 -38.72 -2.44 -9.74 28.13 -1.40 -19.90 -36.79 -0.80 -5.71 15.96 6.01 -0.36 -18.48 5.07 -1.36 -11.18 1.77 -0.80 -1.74 -0.45 -2.79 -12.96 -1.87 -3.55 43.25 -1.46 -1.73 18.41 0.00 0.00 0.00 -88.31 26.80 35.65 15.83 -25.29 -3.57 -0.00 0.00 -1.24 -3.27 15.25 -0.86 -7.12 0.00 -0.00 -27.74 43.33 1.25 0.00 0.00 0.00 82.75 -19.33 8.07 -8.74 14.75 -1.13 0.00 -0.00 -12.98 -16.34 20.23 -5.79 7.12 -0.00 -0.00 7.76 -9.13 6.49
4.49 16.54 -15.13 -4.58 7.55 28.18 0.00 0.00 0.00 -25.99 13.43 -25.28 4.26 12.50 37.53 -1.90 46.29 26.65 0.13 2.31 6.35 0.00 0.00 0.00 31.05 15.60 -38.72 -2.42 -9.70 28.01 -1.40 -19.30 -36.23 -0.72 -5.41 15.07 6.05 -0.34 -18.67 5.14 -1.36 -11.15 1.82 -0.80 -1.61 -0.50 -2.70 -12.85 -1.83 -3.41 43.24 -1.41 -1.68 18.38 0.00 -0.00 0.00 -88.61 26.86 35.34 15.76 -25.19 -3.54 -0.00 0.00 -1.95 -2.56 15.65 -0.69 -7.12 0.00 -0.00 -27.32 43.76 0.91 0.00 -0.00 0.00 83.30 -18.94 4.92 -8.14 13.77 -0.98 0.00 -0.00 -11.43 -16.96 20.22 -6.02 7.12 -0.00 -0.00 7.36 -9.06 6.16
4.49 16.53 -15.15 -5.03 6.51 28.34 0.00 0.00 0.00 -26.17 13.96 -25.71 4.24 12.48 37.44 -1.21 45.41 28.36 0.05 1.47 4.05 0.00 0.00 0.00 31.64 15.18 -38.93 -2.39 -9.64 27.81 -1.26 -18.55 -34.67 -0.53 -4.67 12.96 6.36 0.05 -18.80 5.15 -0.92 -11.07 1.73 -0.59 -1.46 -0.58 -2.64 -12.77 -1.77 -3.31 43.05 -1.33 -1.65 18.25 -0.00 0.00 0.00 -88.77 26.67 34.97 15.61 -24.99 -3.48 -0.00 0.00 -1.96 -2.49 16.06 -0.69 -7.12 0.00 -0.00 -27.43 44.14 0.63 -0.00 0.00 0.00 83.75 -18.31 1.72 -7.38 12.55 -0.81 0.00 -0.00 -9.59 -17.59 20.92 -6.46 7.12 -0.00 -0.00 7.00 -8.26 5.97
4.48 16.55 -15.16 -4.94 6.47 28.13 0.00 0.00 0.00 -26.06 13.81 -25.19 4.17 12.38 37.10 1.50 40.61 34.73 0.11 -2.12 -5.82 0.00 0.00 0.00 31.22 15.85 -38.89 -2.44 -9.73 28.10 -1.56 -18.59 -36.36 -0.92 -6.10 17.07 6.23 -0.08 -18.86 5.12 -1.11 -10.81 1.73 -0.67 -1.14 -0.46 -2.59 -12.84 -1.76 -3.27 42.94 -1.34 -1.62 18.20 -0.00 0.00 0.00 -88.71 26.52 35.01 15.66 -25.05 -3.50 -0.00 0.00 -2.37 -1.72 15.88 -0.47 -7.12 0.00 -0.00 -26.70 44.06 0.67 -0.00 0.00 0.00 84.22 -17.73 0.17 -7.11 12.09 -0.75 0.00 -0.00 -8.59 -18.43 20.40 -6.63 7.12 -0.00 -0.00 6.43 -8.69 5.42
4.48 16.53 -15.18 -4.78 6.39 28.17 0.00 0.00 0.00 -26.15 13.62 -25.17 4.17 12.38 37.11 1.49 40.45 34.59 0.02 -0.87 -2.39 0.00 0.00 0.00 31.07 15.96 -38.71 -2.44 -9.74 28.13 -1.96 -17.27 -37.26 -1.16 -6.85 19.26 6.05 -0.12 -18.98 5.08 -1.16 -10.71 1.77 -0.68 -0.96 -0.49 -2.61 -12.87 -1.81 -3.28 42.90 -1.36 -1.63 18.18 -0.00 0.00 0.00 -88.70 26.33 35.10 15.55 -24.91 -3.45 -0.00 0.00 -2.40 -1.76 16.08 -0.49 -7.12 0.00 -0.00 -26.82 44.24 0.55 -0.00 0.00 0.00 84.54 -17.27 -2.62 -6.73 11.47 -0.68 0.00 -0.00 -6.63 -18.62 19.87 -6.53 7.12 -0.00 -0.00 6.28 -9.21 5.22
4.48 16.54 -15.18 -4.92 6.42 28.00 0.00 0.00 0.00 -25.95 13.72 -25.13 4.20 12.42 37.24 2.13 38.52 35.84 0.07 -1.70 -4.68 0.00 0.00 0.00 31.21 16.06 -38.34 -2.41 -9.67 27.91 -1.93 -17.49 -37.30 -1.13 -6.74 18.95 6.26 -0.22 -18.76 5.16 -1.31 -10.66 1.72 -0.77 -1.03 -0.63 -2.59 -12.64 -1.88 -3.17 42.77 -1.34 -1.63 18.04 0.00 -0.00 0.00 -88.77 26.51 34.99 15.69 -25.09 -3.51 -0.00 0.00 -2.50 -1.73 16.19 -0.48 -7.12 0.00 -0.00 -26.85 44.34 0.47 0.00 -0.00 0.00 84.48 -17.16 -4.40 -6.37 10.88 -0.61 0.00 -0.00 -5.40 -17.79 20.59 -6.44 7.12 -0.00 -0.00 6.85 -8.57 5.80
4.48 16.56 -15.19 -5.02 6.21 28.19 0.00 0.00 0.00 -26.06 13.73 -25.37 4.17 12.38 37.10 1.85 39.26 35.21 0.05 -1.38 -3.80 0.00 0.00 0.00 31.26 15.86 -39.10 -2.44 -9.72 28.08 -1.26 -19.22 -35.38 -0.71 -5.39 15.03 6.43 -0.12 -19.07 5.08 -1.24 -10.51 1.54 -0.74 -0.72 -0.66 -2.61 -12.54 -1.78 -3.23 42.52 -1.29 -1.65 17.87 0.00 -0.00 0.00 -88.59 26.29 34.96 15.72 -25.15 -3.53 -0.00 0.00 -2.45 -1.17 15.88 -0.32 -7.12 0.00 -0.00 -26.24 44.13 0.61 0.00 -0.00 0.00 84.61 -16.88 -4.09 -6.53 11.14 -0.64 0.00 -0.00 -6.13 -15.87 19.57 -5.44 7.12 -0.00 -0.00 8.04 -9.85 6.61
4.48 16.54 -15.21 -5.10 6.13 28.21 0.00 0.00 0.00 -26.02 13.72 -25.61 4.22 12.44 37.32 1.88 39.16 35.28 0.06 -1.62 -4.45 0.00 0.00 0.00 31.46 15.76 -38.94 -2.41 -9.67 27.93 -1.80 -17.41 -36.54 -1.19 -6.91 19.44 6.45 -0.16 -18.81 5.10 -1.26 -10.66 1.55 -0.76 -1.01 -0.56 -2.54 -12.40 -1.79 -3.16 42.70 -1.31 -1.60 17.94 -0.00 0.00 0.00 -88.68 26.52 34.23 15.62 -25.00 -3.48 -0.00 0.00 -1.73 -1.30 16.03 -0.36 -7.12 0.00 -0.00 -26.41 44.25 0.53 -0.00 0.00 0.00 84.34 -17.14 -3.13 -6.64 11.33 -0.66 0.00 -0.00 -6.90 -12.39 16.83 -3.64 7.12 -0.00 -0.00 10.26 -12.97 7.82
4.48 16.55 -15.22 -5.08 6.11 28.16 0.00 0.00 0.00 -26.04 13.73 -25.63 4.23 12.46 37.37 1.51 40.57 34.74 0.06 -1.60 -4.39 0.00 0.00 0.00 31.36 15.91 -39.09 -2.43 -9.72 28.06 -1.15 -19.36 -34.90 -0.60 -4.96 13.80 6.39 -0.15 -18.87 5.05 -1.25 -10.60 1.53 -0.75 -0.92 -0.67 -2.60 -12.18 -1.67 -3.27 42.54 -1.24 -1.65 17.79 0.00 0.00 0.00 -88.50 26.49 34.37 15.51 -24.85 -3.44 -0.00 0.00 -1.86 -0.98 15.23 -0.26 -7.12 0.00 -0.00 -25.81 43.56 0.99 0.00 0.00 0.00 84.09 -17.04 -3.98 -6.54 11.17 -0.64 0.00 -0.00 -5.69 -7.28 15.56 -1.96 7.12 -0.00 -0.00 13.66 -14.60 10.07
4.47 16.55 -15.22 -4.86 5.69 28.08 0.00 0.00 0.00 -26.48 14.06 -25.52 4.18 12.39 37.14 -1.00 44.61 28.44 0.22 3.02 8.34 0.00 0.00 0.00 30.60 16.98 -38.89 -2.49 -9.83 28.41 -1.30 -19.45 -35.83 -0.80 -5.72 15.99 5.94 -0.21 -18.80 5.02 -1.26 -10.43 1.75 -0.73 -0.75 -0.70 -2.55 -12.51 -1.65 -3.19 42.54 -1.22 -1.62 17.88 -0.00 0.00 0.00 -88.62 26.32 34.03 15.62 -25.00 -3.48 -0.00 0.00 -2.02 -1.00 15.01 -0.26 -7.12 0.00 -0.00 -25.74 43.36 1.12 -0.00 0.00 0.00 83.64 -17.12 -0.61 -6.67 11.38 -0.67 0.00 -0.00 -5.79 -4.13 14.14 -1.01 7.12 -0.00 -0.00 15.83 -16.14 11.25
4.47 16.53 -15.23 -4.59 6.40 27.32 0.00 0.00 0.00 -26.12 13.81 -24.53 4.21 12.44 37.30 -1.57 45.34 26.98 0.36 3.86 10.68 0.00 0.00 0.00 30.79 16.23 -37.92 -2.47 -9.78 28.25 -1.98 -17.73 -37.73 -1.32 -7.28 20.54 5.81 -0.61 -18.05 5.09 -1.72 -10.24 1.83 -0.96 -0.93 -0.81 -2.48 -12.75 -1.59 -3.07 42.65 -1.16 -1.58 18.01 0.00 -0.00 0.00 -88.73 26.25 34.14 15.72 -25.14 -3.53 -0.00 0.00 -2.01 -1.58 15.57 -0.42 -7.12 0.00 -0.00 -26.45 43.80 0.85 0.00 -0.00 0.00 82.81 -17.69 5.35 -7.22 12.28 -0.78 0.00 -0.00 -6.86 -2.14 12.98 -0.48 7.12 -0.00 -0.00 17.24 -17.32 11.88
4.47 16.53 -15.23 -4.63 6.31 27.17 0.00 0.00 0.00 -26.12 13.90 -24.47 4.24 12.47 37.42 0.92 41.34 33.06 0.01 -0.51 -1.39 0.00 0.00 0.00 30.90 16.09 -37.74 -2.45 -9.75 28.16 -1.82 -18.12 -37.28 -1.16 -6.82 19.19 5.75 -0.66 -17.81 5.11 -1.75 -10.18 1.88 -0.97 -0.98 -0.66 -2.41 -13.00 -1.56 -3.03 42.69 -1.17 -1.54 18.10 0.00 -0.00 0.00 -88.68 26.16 34.42 15.71 -25.13 -3.52 -0.00 0.00 -2.46 -1.72 15.73 -0.47 -7.12 0.00 -0.00 -26.64 43.93 0.76 0.00 -0.00 0.00 81.97 -18.19 10.72 -7.83 13.28 -0.91 0.00 -0.00 -6.96 -1.39 12.56 -0.30 7.12 -0.00 -0.00 17.78 -17.74 12.12
4.48 16.53 -15.24 -4.69 6.68 27.37 0.00 0.00 0.00 -25.93 13.50 -24.65 4.27 12.51 37.56 0.19 42.42 31.13 0.03 1.11 3.05 0.00 0.00 0.00 31.09 15.71 -38.18 -2.46 -9.76 28.22 -1.80 -17.87 -36.96 -1.20 -6.96 19.59 5.72 -0.72 -18.07 5.16 -1.84 -10.28 1.92 -1.01 -0.95 -0.61 -2.42 -12.64 -1.36 -3.14 42.59 -1.09 -1.55 17.95 0.00 -0.00 0.00 -88.56 26.38 35.05 15.81 -25.26 -3.56 -0.00 0.00 -2.57 -1.58 15.65 -0.43 -7.12 0.00 -0.00 -26.49 43.88 0.79 0.00 -0.00 0.00 80.99 -18.54 14.94 -8.09 13.70 -0.97 0.00 -0.00 -5.60 0.31 14.13 0.08 7.12 -0.00 -0.00 18.76 -16.29 13.49
4.48 16.53 -15.26 -4.65 6.41 27.43 0.00 0.00 0.00 -26.19 13.44 -24.83 4.31 12.56 37.73 -2.40 46.04 24.59 0.50 4.54 12.59 0.00 0.00 0.00 31.01 15.59 -38.41 -2.48 -9.79 28.31 -1.94 -17.14 -37.05 -1.34 -7.34 20.73 5.59 -0.61 -17.81 5.07 -1.66 -10.22 1.94 -0.92 -1.02 -0.59 -2.46 -13.05 -1.17 -3.29 42.62 -1.05 -1.57 18.09 0.00 -0.00 0.00 -88.43 25.97 35.32 15.77 -25.21 -3.55 -0.00 0.00 -2.26 -1.69 14.87 -0.43 -7.12 0.00 -0.00 -26.26 43.16 1.29 0.00 -0.00 0.00 79.91 -18.60 18.91 -8.33 14.09 -1.03 0.00 -0.00 -3.25 1.33 13.89 0.32 7.12 -0.00 -0.00 19.44 -16.54 13.94
4.50 16.53 -15.25 -4.95 6.66 27.18 0.00 0.00 0.00 -25.82 13.59 -24.59 4.31 12.56 37.76 -1.60 44.90 26.46 0.28 3.39 9.36 0.00 0.00 0.00 31.54 14.98 -38.25 -2.45 -9.75 28.18 -1.58 -17.78 -35.73 -1.07 -6.58 18.49 6.06 -0.63 -17.42 5.14 -1.71 -10.30 1.75 -0.97 -1.33 -0.58 -2.38 -13.03 -1.04 -3.23 42.78 -0.98 -1.53 18.18 -0.00 0.00 0.00 -88.48 26.18 35.32 15.59 -24.96 -3.47 -0.00 0.00 -1.96 -1.80 14.16 -0.44 -7.12 0.00 -0.00 -26.06 42.52 1.73 -0.00 0.00 0.00 78.37 -19.22 24.56 -8.81 14.86 -1.15 0.00 -0.00 -3.95 2.65 13.14 0.60 7.12 -0.00 -0.00 20.38 -17.26 14.36
4.50 16.53 -15.26 -5.01 6.67 27.08 0.00 0.00 0.00 -25.79 13.77 -24.47 4.30 12.55 37.72 -5.00 48.49 17.46 1.24 7.07 19.92 0.00 0.00 0.00 31.70 14.70 -38.23 -2.45 -9.74 28.14 -1.49 -17.90 -35.31 -0.99 -6.32 17.72 6.08 -0.61 -17.51 5.06 -1.71 -10.12 1.65 -0.96 -1.09 -0.58 -2.44 -12.83 -0.76 -3.44 42.48 -0.88 -1.58 17.95 0.00 -0.00 0.00 -88.42 26.19 34.72 15.68 -25.09 -3.51 -0.00 0.00 -1.29 -2.18 13.87 -0.52 -7.12 0.00 -0.00 -26.26 42.21 1.96 0.00 -0.00 0.00 77.05 -19.61 29.32 -9.54 16.02 -1.35 0.00 -0.00 -3.94 5.07 13.25 1.16 7.12 -0.00 -0.00 21.93 -17.18 15.67
4.50 16.53 -15.27 -4.83 6.62 27.20 0.00 0.00 0.00 -26.00 13.69 -24.73 4.35 12.61 37.93 -4.67 47.66 17.65 1.33 7.30 20.61 0.00 0.00 0.00 31.38 15.10 -38.42 -2.47 -9.79 28.29 -1.32 -18.62 -35.09 -0.93 -6.14 17.18 5.85 -0.64 -17.46 4.93 -1.72 -10.03 1.63 -0.96 -1.00 -0.43 -2.42 -13.14 -0.62 -3.51 42.30 -0.86 -1.57 17.93 0.00 -0.00 0.00 -88.21 25.95 34.62 15.67 -25.08 -3.51 -0.00 0.00 -0.84 -2.62 14.03 -0.63 -7.12 0.00 -0.00 -26.69 42.31 1.92 0.00 -0.00 0.00 75.83 -19.45 31.71 -9.87 16.53 -1.44 0.00 -0.00 -2.64 7.14 13.99 1.74 7.12 -0.00 -0.00 23.15 -16.48 17.10
4.51 16.53 -15.27 -4.88 6.44 27.06 0.00 0.00 0.00 -26.10 14.13 -24.80 4.40 12.68 38.17 -4.81 47.95 17.49 1.16 6.84 19.25 0.00 0.00 0.00 31.53 14.69 -38.43 -2.49 -9.82 28.39 -1.50 -17.77 -35.27 -1.06 -6.55 18.40 5.95 -0.57 -17.25 4.82 -1.63 -9.89 1.47 -0.92 -0.96 -0.34 -2.44 -13.24 -0.59 -3.58 42.06 -0.87 -1.58 17.81 0.00 -0.00 0.00 -87.89 25.72 35.14 15.67 -25.07 -3.50 -0.00 0.00 -1.09 -3.00 14.47 -0.75 -7.12 0.00 -0.00 -27.19 42.66 1.71 0.00 -0.00 0.00 74.57 -19.15 33.80 -10.03 16.78 -1.48 0.00 -0.00 -3.46 8.91 12.70 1.97 7.12 -0.00 -0.00 24.44 -17.65 17.56
4.51 16.53 -15.28 -5.05 6.36 26.99 0.00 0.00 0.00 -26.02 14.28 -24.82 4.40 12.67 38.15 -4.21 47.07 18.74 1.13 6.75 18.98 0.00 0.00 0.00 31.72 14.61 -38.25 -2.45 -9.75 28.18 -1.55 -17.49 -35.29 -1.09 -6.63 18.63 6.20 -0.44 -17.21 4.74 -1.52 -9.62 1.27 -0.87 -0.70 -0.32 -2.53 -13.87 -0.61 -3.71 42.08 -0.92 -1.63 17.99 -0.00 0.00 0.00 -87.61 25.23 35.28 15.80 -25.25 -3.56 -0.00 0.00 -1.30 -3.31 14.76 -0.84 -7.12 0.00 -0.00 -27.56 42.89 1.56 -0.00 0.00 0.00 73.13 -19.00 36.87 -10.49 17.51 -1.62 0.00 -0.00 -4.53 9.45 12.41 2.05 7.12 -0.00 -0.00 24.82 -17.90 17.74
4.51 16.53 -15.27 -5.12 6.00 26.91 0.00 0.00 0.00 -26.11 14.58 -24.76 4.38 12.65 38.08 -6.47 48.57 11.54 2.41 9.68 27.95 0.00 0.00 0.00 31.84 14.54 -38.03 -2.44 -9.72 28.09 -1.42 -17.54 -34.61 -1.01 -6.40 17.95 6.17 -0.38 -17.18 4.75 -1.44 -9.55 1.30 -0.83 -0.64 -0.27 -2.47 -13.75 -0.71 -3.59 42.06 -0.95 -1.59 17.94 0.00 -0.00 0.00 -87.58 25.12 35.12 15.59 -24.96 -3.47 -0.00 0.00 -1.45 -3.66 14.72 -0.93 -7.12 0.00 -0.00 -27.83 42.81 1.64 0.00 -0.00 0.00 71.53 -19.16 38.92 -10.92 18.17 -1.75 0.00 -0.00 -3.51 11.12 12.09 2.36 7.12 -0.00 -0.00 25.91 -18.15 18.55
4.52 16.53 -15.28 -5.11 6.03 26.93 0.00 0.00 0.00 -26.10 14.31 -24.68 4.38 12.65 38.06 -5.99 48.27 13.12 2.20 9.28 26.67 0.00 0.00 0.00 31.87 14.35 -38.16 -2.43 -9.72 28.07 -1.40 -17.48 -34.41 -0.96 -6.25 17.50 6.30 -0.30 -16.84 4.62 -1.31 -9.70 1.12 -0.78 -0.99 -0.32 -2.52 -13.32 -0.59 -3.71 42.06 -0.90 -1.63 17.83 0.00 -0.00 0.00 -87.17 25.32 35.62 15.70 -25.12 -3.52 -0.00 0.00 -1.30 -4.49 15.44 -1.20 -7.12 0.00 -0.00 -28.83 43.36 1.28 0.00 -0.00 0.00 70.25 -19.57 40.19 -11.18 18.56 -1.83 0.00 -0.00 -3.39 12.42 11.38 2.49 7.12 -0.00 -0.00 26.83 -18.75 18.97
4.47 16.56 -15.35 -4.35 7.23 28.69 0.00 0.00 0.00 -26.44 12.10 -26.41 4.40 12.68 38.16 -2.12 44.95 24.56 0.55 4.76 13.24 0.00 0.00 0.00 29.71 17.49 -40.27 -2.54 -9.90 28.66 -1.27 -20.35 -36.56 -1.00 -6.35 17.80 5.37 -0.87 -17.34 4.70 -1.90 -10.54 1.65 -1.05 -1.61 -0.23 -2.52 -13.27 -0.70 -3.70 42.20 -0.96 -1.62 17.90 0.00 0.00 0.00 -87.07 25.77 35.62 15.87 -25.34 -3.59 -0.00 0.00 -0.86 -5.02 15.14 -1.31 -7.12 0.00 -0.00 -29.14 43.04 1.55 0.00 0.00 0.00 68.75 -19.91 42.04 -11.21 18.61 -1.84 0.00 -0.00 -2.97 11.42 12.30 2.46 7.12 -0.00 -0.00 26.06 -17.95 18.81
4.47 16.55 -15.36 -4.30 7.08 28.59 0.00 0.00 0.00 -26.45 12.26 -26.44 4.41 12.69 38.22 1.22 39.48 32.98 0.01 -0.74 -2.02 0.00 0.00 0.00 29.77 17.35 -40.15 -2.54 -9.90 28.66 -1.18 -20.48 -36.24 -0.90 -6.04 16.90 5.21 -0.88 -17.25 4.74 -1.89 -10.40 1.78 -1.04 -1.49 -0.19 -2.51 -13.25 -0.74 -3.67 42.07 -0.98 -1.61 17.81 0.00 0.00 0.00 -87.13 25.66 35.52 15.83 -25.29 -3.57 -0.00 0.00 -0.77 -5.11 14.66 -1.30 -7.12 0.00 -0.00 -29.01 42.61 1.89 0.00 0.00 0.00 67.38 -19.72 43.05 -10.76 17.92 -1.70 0.00 -0.00 -1.11 11.00 13.23 2.55 7.12 -0.00 -0.00 25.64 -17.11 18.98
4.48 16.57 -15.36 -4.32 7.26 28.60 0.00 0.00 0.00 -26.28 12.06 -26.42 4.42 12.70 38.25 1.63 38.65 34.04 0.04 -1.30 -3.58 0.00 0.00 0.00 29.88 16.95 -40.43 -2.55 -9.93 28.76 -1.18 -20.37 -36.12 -0.85 -5.88 16.45 5.57 -0.71 -16.65 4.58 -1.65 -10.60 1.47 -0.95 -2.04 -0.22 -2.60 -13.17 -0.65 -3.83 42.02 -0.96 -1.67 17.76 -0.00 -0.00 0.00 -86.71 26.04 36.25 15.98 -25.49 -3.64 -0.00 0.00 -1.34 -5.08 14.49 -1.27 -7.12 0.00 -0.00 -28.91 42.46 2.00 -0.00 -0.00 0.00 66.62 -20.34 42.67 -10.83 18.03 -1.72 0.00 0.00 0.63 10.80 13.02 2.46 7.12 -0.00 -0.00 25.55 -17.31 18.77
4.48 16.57 -15.38 -4.43 6.97 28.96 0.00 0.00 0.00 -26.40 12.18 -27.08 4.45 12.74 38.41 2.28 37.99 36.11 0.20 -2.85 -7.86 0.00 0.00 0.00 29.82 17.23 -40.85 -2.54 -9.91 28.69 -1.16 -20.32 -35.95 -0.83 -5.80 16.22 5.52 -0.60 -17.11 4.78 -1.56 -10.34 1.70 -0.89 -1.51 -0.51 -2.67 -13.39 -0.63 -3.85 41.66 -0.90 -1.72 17.62 0.00 -0.00 0.00 -87.23 25.21 35.52 15.43 -24.75 -3.41 -0.00 0.00 -0.97 -4.70 13.82 -1.13 -7.12 0.00 -0.00 -28.33 41.91 2.37 0.00 -0.00 0.00 65.91 -19.60 40.98 -10.34 17.27 -1.57 0.00 0.00 3.56 11.65 12.42 2.54 7.12 -0.00 -0.00 26.17 -17.83 19.00
4.49 16.57 -15.40 -3.90 6.41 29.19 0.00 0.00 0.00 -27.33 12.39 -27.49 4.48 12.77 38.51 2.08 38.35 35.55 0.16 -2.54 -7.00 0.00 0.00 0.00 28.73 18.03 -41.00 -2.57 -9.97 28.87 -1.32 -20.13 -36.63 -0.97 -6.26 17.54 4.94 -0.51 -17.03 4.59 -1.37 -10.27 1.85 -0.76 -1.45 -0.34 -2.60 -13.54 -0.68 -3.76 41.53 -0.94 -1.67 17.57 0.00 -0.00 0.00 -87.26 25.28 35.63 15.57 -24.94 -3.46 -0.00 0.00 -1.10 -4.84 14.51 -1.22 -7.12 0.00 -0.00 -28.72 42.50 1.95 0.00 -0.00 0.00 66.31 -19.11 37.51 -9.42 15.83 -1.31 0.00 0.00 8.32 6.95 15.07 1.81 7.12 -0.00 -0.00 22.88 -15.48 17.41
4.49 16.56 -15.44 -4.30 5.83 29.59 0.00 0.00 0.00 -27.48 12.75 -28.76 4.62 12.94 39.16 3.00 36.31 37.99 0.52 -4.64 -12.88 0.00 0.00 0.00 29.40 17.60 -41.35 -2.53 -9.90 28.64 -1.80 -17.72 -36.85 -1.42 -7.53 21.31 5.25 -0.15 -17.02 4.62 -0.93 -10.23 1.78 -0.56 -1.42 -0.37 -2.62 -13.82 -0.57 -3.83 41.41 -0.90 -1.68 17.58 0.00 -0.00 0.00 -87.27 25.04 35.85 15.59 -24.96 -3.47 -0.00 0.00 -1.79 -3.54 13.70 -0.84 -7.12 0.00 -0.00 -27.32 41.92 2.27 0.00 -0.00 0.00 67.37 -18.65 33.19 -8.36 14.13 -1.04 0.00 0.00 14.74 3.39 16.16 0.94 7.12 -0.00 -0.00 20.53 -14.44 15.83
4.49 16.55 -15.44 -4.35 6.54 28.85 0.00 0.00 0.00 -26.88 12.92 -28.09 4.68 13.02 39.43 3.17 35.41 38.19 0.49 -4.48 -12.43 0.00 0.00 0.00 29.49 17.82 -40.42 -2.52 -9.88 28.58 -1.92 -18.43 -38.04 -1.49 -7.71 21.83 5.70 -0.12 -16.31 4.54 -0.90 -10.13 1.45 -0.57 -1.70 -0.47 -2.83 -13.22 -0.43 -4.15 41.25 -0.86 -1.81 17.34 -0.00 0.00 0.00 -87.05 25.17 36.23 15.67 -25.08 -3.51 -0.00 0.00 -1.24 -3.35 15.00 -0.87 -7.12 0.00 -0.00 -27.70 43.10 1.42 -0.00 0.00 0.00 69.29 -19.01 27.70 -7.49 12.71 -0.84 0.00 0.00 20.69 -3.66 17.74 -1.12 7.12 -0.00 -0.00 15.93 -12.69 12.55
4.48 16.55 -15.46 -4.03 6.19 28.26 0.00 0.00 0.00 -27.24 13.43 -27.39 4.62 12.95 39.17 1.77 38.88 34.71 0.04 -1.28 -3.52 0.00 0.00 0.00 28.85 18.64 -39.65 -2.56 -9.95 28.82 -1.97 -19.00 -38.83 -1.57 -7.92 22.46 5.16 -0.04 -15.65 4.47 -0.69 -9.89 1.70 -0.44 -1.78 -0.61 -2.96 -12.78 -0.28 -4.37 40.93 -0.78 -1.91 17.06 0.00 0.00 0.00 -87.14 24.91 36.88 15.72 -25.14 -3.53 -0.00 0.00 -1.65 -1.91 16.58 -0.54 -7.12 0.00 -0.00 -27.17 44.67 0.24 0.00 0.00 0.00 72.02 -18.08 14.07 -5.65 9.68 -0.48 0.00 0.00 31.13 -12.27 20.62 -4.38 7.12 -0.00 -0.00 10.38 -9.19 8.73
4.49 16.55 -15.46 -4.06 6.45 27.94 0.00 0.00 0.00 -27.06 13.56 -27.15 4.68 13.01 39.42 0.96 40.44 32.62 0.00 0.19 0.52 0.00 0.00 0.00 29.14 18.06 -39.49 -2.56 -9.95 28.83 -1.57 -19.76 -37.53 -1.28 -7.17 20.23 5.53 0.16 -15.20 4.22 -0.40 -10.16 1.27 -0.33 -2.31 -0.69 -3.10 -11.90 0.08 -4.70 41.07 -0.64 -2.01 16.93 0.00 -0.00 0.00 -86.87 25.50 37.25 15.87 -25.35 -3.59 -0.00 0.00 -1.15 -0.93 16.79 -0.27 -7.12 0.00 -0.00 -26.43 44.97 0.02 0.00 -0.00 0.00 75.59 -18.01 7.50 -4.53 7.78 -0.31 0.00 0.00 29.63 -22.52 22.40 -8.98 7.12 -0.00 -0.00 3.99 -5.98 3.57
4.49 16.55 -15.47 -4.11 6.58 27.85 0.00 0.00 0.00 -26.98 13.44 -27.05 4.67 13.00 39.38 0.75 40.88 32.13 0.00 0.32 0.88 0.00 0.00 0.00 29.37 17.55 -39.76 -2.59 -10.00 28.97 -1.80 -19.09 -38.05 -1.44 -7.58 21.44 5.78 0.27 -15.01 4.09 -0.27 -10.19 1.02 -0.28 -2.45 -0.82 -3.26 -11.59 0.34 -5.00 40.93 -0.55 -2.12 16.79 -0.00 0.00 0.00 -86.77 25.32 37.84 15.92 -25.41 -3.61 -0.00 0.00 -2.23 -0.52 17.19 -0.15 -7.12 0.00 -0.00 -26.25 45.38 -0.26 -0.00 0.00 0.00 78.80 -16.55 6.34 -3.28 5.65 -0.16 0.00 0.00 19.85 -29.99 23.78 -13.10 7.12 -0.00 -0.00 -0.45 -3.02 -0.42
4.47 16.57 -15.51 -3.91 6.68 28.09 0.00 0.00 0.00 -27.19 13.05 -27.63 4.76 13.11 39.77 0.04 41.99 30.22 0.06 1.61 4.43 0.00 0.00 0.00 28.68 18.39 -40.42 -2.65 -10.11 29.35 -1.40 -20.68 -37.56 -1.22 -7.00 19.71 5.32 0.19 -15.30 4.16 -0.36 -10.01 1.33 -0.29 -2.09 -0.75 -3.31 -11.82 0.18 -5.04 40.87 -0.64 -2.15 16.81 -0.00 0.00 0.00 -87.14 24.55 38.00 15.77 -25.21 -3.55 -0.00 0.00 -2.68 0.97 16.21 0.27 -7.12 0.00 -0.00 -24.55 44.67 0.21 -0.00 0.00 0.00 81.37 -14.70 5.48 -2.98 5.15 -0.13 0.00 0.00 11.36 -30.88 23.98 -13.66 7.12 -0.00 -0.00 -0.95 -2.59 -0.91
4.46 16.55 -15.55 -3.89 6.75 28.04 0.00 0.00 0.00 -27.21 12.79 -27.95 4.88 13.25 40.30 2.06 39.25 35.98 0.07 -1.73 -4.77 0.00 0.00 0.00 29.18 17.46 -40.35 -2.61 -10.04 29.09 -1.51 -19.38 -36.87 -1.33 -7.30 20.61 5.05 0.14 -15.66 4.31 -0.45 -9.67 1.62 -0.31 -1.52 -0.56 -3.29 -12.01 0.00 -4.99 40.83 -0.75 -2.12 16.82 0.00 -0.00 0.00 -87.51 24.00 38.31 15.79 -25.24 -3.56 -0.00 0.00 -2.45 0.55 16.67 0.16 -7.12 0.00 -0.00 -25.10 45.04 -0.03 0.00 -0.00 0.00 83.13 -12.59 5.00 -2.23 3.85 -0.07 0.00 0.00 7.63 -28.27 22.82 -11.78 7.12 -0.00 -0.00 0.47 -4.44 0.43
4.49 16.56 -15.52 -4.38 6.24 26.64 0.00 0.00 0.00 -26.84 14.36 -26.56 4.82 13.18 40.04 -2.42 44.99 23.41 0.69 5.33 14.84 0.00 0.00 0.00 30.21 16.04 -39.23 -2.63 -10.07 29.21 -0.99 -20.05 -34.70 -0.75 -5.52 15.41 5.65 0.30 -14.81 4.36 -0.27 -9.27 1.36 -0.24 -1.55 -0.47 -3.26 -11.89 -0.10 -4.94 41.07 -0.80 -2.10 16.91 0.00 -0.00 0.00 -87.45 23.93 39.87 15.64 -25.03 -3.49 -0.00 0.00 -3.08 1.72 15.23 0.45 -7.12 0.00 -0.00 -23.51 43.86 0.70 0.00 -0.00 0.00 84.14 -12.73 5.00 -3.34 5.75 -0.17 0.00 0.00 10.96 -21.25 19.88 -7.53 7.12 -0.00 -0.00 4.58 -8.83 3.84
4.46 16.55 -15.59 -4.38 7.40 27.30 0.00 0.00 0.00 -26.42 12.88 -27.36 4.94 13.31 40.54 -4.94 49.08 18.48 1.22 7.01 19.74 0.00 0.00 0.00 30.25 16.38 -39.90 -2.58 -9.97 28.90 -1.42 -19.15 -36.13 -1.35 -7.35 20.76 5.54 -0.17 -14.89 4.70 -0.83 -9.77 1.72 -0.52 -2.05 -0.47 -3.36 -11.48 -0.33 -5.02 41.17 -0.91 -2.16 16.85 -0.00 -0.00 0.00 -87.51 24.05 41.23 15.84 -25.30 -3.58 -0.00 0.00 -2.61 0.89 16.15 0.25 -7.12 0.00 -0.00 -24.60 44.61 0.25 -0.00 -0.00 0.00 83.23 -13.66 5.44 -5.09 8.73 -0.39 0.00 0.00 19.53 -11.48 21.16 -4.19 7.12 -0.00 -0.00 10.89 -8.74 9.28
4.48 16.56 -15.56 -4.55 6.43 26.49 0.00 0.00 0.00 -26.77 14.19 -26.86 4.93 13.30 40.50 -1.93 45.60 25.90 0.32 3.65 10.10 0.00 0.00 0.00 30.41 16.10 -39.17 -2.60 -10.02 29.05 -0.98 -20.06 -34.70 -0.91 -6.09 17.04 5.42 -0.00 -14.56 4.71 -0.59 -9.48 1.82 -0.39 -1.90 0.03 -3.34 -10.95 -0.59 -5.02 41.05 -1.10 -2.13 16.62 -0.00 0.00 0.00 -86.95 23.81 44.20 15.56 -24.92 -3.46 -0.00 0.00 -2.82 0.19 17.17 0.05 -7.12 0.00 -0.00 -25.63 45.44 -0.30 -0.00 0.00 0.00 80.15 -15.18 29.11 -8.27 13.99 -1.02 0.00 0.00 6.48 -4.38 18.19 -1.37 7.12 -0.00 -0.00 15.44 -12.21 12.29
4.48 16.56 -15.63 -4.38 7.03 27.13 0.00 0.00 0.00 -26.92 13.14 -27.95 5.10 13.50 41.26 -9.02 51.61 6.29 2.46 9.76 28.19 0.00 0.00 0.00 30.04 16.26 -40.32 -2.63 -10.07 29.20 -0.93 -20.24 -34.57 -1.03 -6.45 18.10 5.07 -0.33 -15.38 4.89 -1.03 -9.85 2.15 -0.59 -1.86 0.33 -3.46 -8.95 -0.61 -5.23 40.42 -1.12 -2.21 15.78 -0.00 -0.00 0.00 -86.25 24.21 46.99 15.87 -25.34 -3.59 -0.00 0.00 -2.44 0.19 17.01 0.06 -7.12 0.00 -0.00 -25.56 45.30 -0.20 -0.00 -0.00 0.00 73.26 -17.39 51.06 -14.00 22.73 -2.83 0.00 -0.00 -2.76 -0.26 14.89 -0.07 7.12 -0.00 -0.00 18.31 -15.55 13.45
4.51 16.56 -15.65 -4.65 6.93 27.01 0.00 0.00 0.00 -26.96 13.53 -28.29 5.21 13.61 41.71 -7.31 49.95 10.33 2.15 9.18 26.36 0.00 0.00 0.00 30.52 15.65 -40.27 -2.59 -9.99 28.95 -0.86 -19.90 -33.79 -1.00 -6.38 17.89 5.29 -0.67 -15.54 5.27 -1.53 -9.90 2.37 -0.84 -1.84 0.90 -3.27 -8.23 -1.18 -4.89 40.66 -1.40 -2.07 15.68 -0.00 -0.00 0.00 -85.93 25.03 48.77 16.60 -26.33 -3.91 -0.00 0.00 -2.80 -0.54 17.01 -0.16 -7.12 0.00 -0.00 -26.19 45.21 -0.15 -0.00 -0.00 0.00 63.48 -18.04 67.04 -22.22 33.22 -6.71 0.00 -0.00 -5.55 1.49 12.99 0.34 7.12 -0.00 -0.00 19.64 -17.39 13.71
4.52 16.54 -15.67 -4.64 6.55 26.64 0.00 0.00 0.00 -27.35 14.32 -28.41 5.28 13.69 42.02 -4.78 46.62 15.78 1.56 7.88 22.34 0.00 0.00 0.00 30.36 16.11 -39.52 -2.56 -9.95 28.81 -0.98 -19.71 -34.30 -1.23 -7.02 19.78 5.12 -1.04 -15.91 5.58 -2.05 -9.73 2.70 -1.09 -1.43 1.44 -2.98 -6.88 -1.65 -4.39 40.46 -1.58 -1.86 15.23 0.00 0.00 0.00 -84.93 25.49 53.12 17.11 -27.00 -4.14 -0.00 0.00 -4.64 -1.24 17.43 -0.37 -7.12 0.00 -0.00 -26.99 45.51 -0.37 0.00 0.00 0.00 52.51 -16.72 79.09 -32.73 43.13 -13.24 0.00 0.00 3.29 8.93 11.86 1.85 7.12 -0.00 -0.00 24.58 -18.42 17.22
4.53 16.53 -15.67 -5.08 6.00 26.17 0.00 0.00 0.00 -27.28 15.17 -28.15 5.27 13.68 41.98 -2.58 43.35 21.03 0.62 5.05 14.04 0.00 0.00 0.00 30.64 16.31 -39.27 -2.63 -10.07 29.20 -0.89 -19.89 -33.98 -1.15 -6.82 19.19 5.30 -1.42 -16.65 6.18 -2.65 -9.61 3.13 -1.38 -0.90 1.75 -2.76 -5.15 -2.47 -3.80 40.66 -1.87 -1.68 14.91 0.00 -0.00 0.00 -84.03 26.47 57.19 18.27 -28.51 -4.68 -0.00 0.00 -6.37 -2.24 15.90 -0.61 -7.12 0.00 -0.00 -27.15 44.02 0.71 0.00 -0.00 0.00 41.69 -14.05 86.94 -48.43 52.34 -24.93 0.00 0.00 10.03 16.04 8.61 2.46 7.12 -0.00 -0.00 29.58 -21.06 19.74
4.53 16.53 -15.69 -5.57 5.75 26.10 0.00 0.00 0.00 -26.95 15.40 -28.26 5.28 13.69 42.00 -1.90 42.25 22.75 0.31 3.56 9.85 0.00 0.00 0.00 31.15 16.41 -39.27 -2.64 -10.08 29.24 -0.91 -19.60 -33.79 -1.17 -6.87 19.34 5.65 -1.73 -17.37 6.88 -3.18 -9.79 3.58 -1.64 -0.69 1.91 -2.52 -3.91 -3.43 -3.13 41.38 -2.20 -1.49 14.98 -0.00 0.00 0.00 -83.14 27.36 60.65 19.51 -30.04 -5.28 -0.00 0.00 -6.21 -4.02 16.02 -1.11 -7.12 0.00 -0.00 -28.70 43.92 0.84 -0.00 0.00 0.00 32.92 -10.62 89.01 -70.92 58.58 -43.56 0.00 0.00 7.32 29.45 1.21 0.68 7.12 -0.00 -0.00 39.02 -25.94 23.87
4.50 16.50 -15.71 -5.84 4.38 26.25 0.00 0.00 0.00 -27.22 15.52 -28.71 5.32 13.73 42.18 -2.84 44.61 21.33 0.64 5.10 14.21 0.00 0.00 0.00 31.61 16.36 -38.98 -2.57 -9.97 28.88 -1.17 -17.51 -33.12 -1.34 -7.33 20.68 5.43 -1.63 -18.65 7.23 -3.16 -9.67 4.05 -1.60 0.13 2.22 -2.51 -2.61 -4.15 -2.90 41.88 -2.53 -1.43 14.92 0.00 -0.00 0.00 -82.39 26.94 62.51 20.00 -30.64 -5.53 -0.00 0.00 -5.56 -6.24 15.27 -1.65 -7.12 0.00 -0.00 -30.20 43.01 1.64 0.00 -0.00 0.00 28.14 -7.87 82.37 -95.19 59.90 -64.49 0.00 -0.00 -4.09 42.25 -3.68 -3.34 7.12 -0.00 -0.00 45.18 -26.22 31.61
4.48 16.51 -15.70 -5.96 3.86 25.63 0.00 0.00 0.00 -26.79 15.26 -27.35 5.17 13.57 41.54 -9.35 49.90 0.63 3.53 11.51 34.00 0.00 0.00 0.00 31.98 15.99 -38.63 -2.61 -10.04 29.11 -0.93 -17.98 -32.15 -0.90 -6.06 16.96 5.40 -1.51 -19.09 7.18 -3.04 -9.74 4.02 -1.54 0.27 3.00 -2.67 -3.22 -4.45 -3.26 43.90 -2.96 -1.46 16.10 0.00 -0.00 0.00 -81.32 26.59 63.72 19.94 -30.57 -5.50 -0.00 0.00 -4.78 -8.94 14.30 -2.23 -7.12 0.00 -0.00 -31.94 41.88 2.78 0.00 -0.00 0.00 28.05 -6.77 69.88 -114.46 57.61 -81.01 0.00 -0.00 -22.57 47.38 -3.79 -4.11 7.12 -0.00 -0.00 45.45 -23.02 38.66
4.45 16.51 -15.69 -5.86 3.33 25.20 0.00 0.00 0.00 -26.64 14.76 -26.55 5.10 13.50 41.26 -2.16 44.81 24.24 0.45 4.31 11.94 0.00 0.00 0.00 32.55 14.68 -38.29 -2.57 -9.96 28.85 -0.94 -17.08 -31.27 -0.78 -5.65 15.76 5.05 -1.52 -19.03 7.09 -2.90 -10.84 4.19 -1.47 -0.95 2.56 -2.92 -0.10 -3.62 -3.81 43.74 -2.48 -1.68 15.30 -0.00 0.00 0.00 -81.09 28.29 63.13 20.15 -30.83 -5.61 -0.00 0.00 -4.66 -12.06 14.25 -3.01 -7.12 0.00 -0.00 -34.37 41.50 3.43 -0.00 0.00 0.00 31.96 -7.37 57.39 -130.84 52.65 -94.50 0.00 -0.00 -44.36 32.50 -2.37 -1.51 7.12 -0.00 -0.00 41.76 -28.45 23.21
4.40 16.51 -15.69 -5.99 2.93 25.14 0.00 0.00 0.00 -26.25 14.08 -26.35 5.11 13.50 41.28 4.40 30.91 41.19 1.50 -7.73 -21.91 0.00 0.00 0.00 33.11 14.15 -38.07 -2.51 -9.85 28.50 -1.07 -16.01 -31.00 -0.93 -6.14 17.19 4.62 -1.34 -19.54 7.12 -2.64 -10.88 4.50 -1.32 -0.72 3.03 -3.24 -1.62 -3.54 -4.45 43.24 -2.63 -1.87 15.34 -0.00 0.00 0.00 -81.02 27.58 63.02 20.50 -31.24 -5.79 -0.00 0.00 -5.68 -14.26 13.55 -3.41 -7.12 0.00 -0.00 -35.72 40.66 4.50 -0.00 0.00 0.00 40.11 -4.86 44.87 -140.60 47.71 -102.00 0.00 -0.00 -58.36 26.03 3.29 1.61 7.12 -0.00 -0.00 36.64 -24.70 22.92
4.35 16.52 -15.69 -5.97 3.00 25.32 0.00 0.00 0.00 -26.03 13.75 -26.60 5.14 13.54 41.44 3.96 33.35 40.35 0.89 -6.02 -16.85 0.00 0.00 0.00 33.64 13.15 -38.68 -2.52 -9.87 28.57 -0.90 -15.75 -29.66 -0.70 -5.35 14.91 4.41 -1.31 -19.45 7.22 -2.46 -11.89 4.81 -1.22 -1.87 2.86 -3.23 -0.98 -3.12 -4.43 40.07 -2.26 -1.92 13.62 -0.00 0.00 0.00 -81.56 28.83 62.01 20.75 -31.53 -5.92 -0.00 0.00 -6.08 -16.40 13.11 -3.82 -7.12 0.00 -0.00 -37.09 40.05 5.42 -0.00 0.00 0.00 50.53 -2.12 36.75 -147.79 42.72 -107.11 0.00 -0.00 -68.34 16.20 7.09 2.05 7.12 -0.00 -0.00 30.03 -22.42 19.02
4.29 16.50 -15.71 -5.61 2.33 25.35 0.00 0.00 0.00 -26.51 14.05 -27.25 5.27 13.69 41.99 2.36 39.17 37.02 0.14 -2.42 -6.67 0.00 0.00 0.00 33.32 13.60 -38.76 -2.56 -9.94 28.79 -1.09 -15.13 -30.30 -0.98 -6.29 17.64 3.44 -1.21 -18.20 7.54 -2.03 -12.64 5.83 -0.93 -3.32 2.23 -3.10 -2.64 -2.76 -4.20 35.94 -1.89 -1.93 12.14 0.00 -0.00 0.00 -82.72 28.96 61.33 20.11 -30.77 -5.59 -0.00 0.00 -6.10 -18.35 13.59 -4.46 -7.12 0.00 -0.00 -38.73 40.22 5.56 0.00 -0.00 0.00 58.63 2.01 33.01 -151.91 39.20 -109.82 0.00 -0.00 -79.30 6.20 11.03 1.19 7.12 -0.00 -0.00 22.97 -19.23 15.40
4.25 16.48 -15.72 -5.66 2.42 25.07 0.00 0.00 0.00 -26.22 14.42 -27.11 5.32 13.73 42.18 4.28 33.08 41.46 1.11 -6.68 -18.78 0.00 0.00 0.00 34.03 12.47 -38.46 -2.52 -9.87 28.55 -1.30 -13.49 -30.15 -1.14 -6.78 19.07 3.37 -1.03 -18.04 7.75 -1.69 -13.53 6.20 -0.73 -4.43 1.70 -3.14 0.38 -2.23 -4.14 28.80 -1.35 -2.00 8.83 -0.00 0.00 0.00 -83.34 30.26 61.15 19.11 -29.55 -5.08 -0.00 0.00 -4.88 -18.58 13.00 -4.33 -7.12 0.00 -0.00 -38.60 39.70 6.15 -0.00 0.00 0.00 65.25 8.66 31.41 -154.08 37.13 -111.16 0.00 -0.00 -87.27 -0.47 10.58 -0.09 7.12 -0.00 -0.00 18.60 -19.63 11.91
4.22 16.51 -15.74 -5.40 2.07 25.23 0.00 0.00 0.00 -26.57 14.94 -27.25 5.18 13.59 41.61 3.97 34.09 40.64 0.89 -6.01 -16.83 0.00 0.00 0.00 33.70 12.73 -38.72 -2.51 -9.85 28.50 -0.98 -14.56 -28.98 -0.77 -5.60 15.63 2.73 -1.10 -17.71 8.43 -1.61 -14.30 7.39 -0.59 -5.47 0.61 -2.82 3.18 -2.09 -3.59 20.78 -0.90 -1.85 5.71 0.00 -0.00 0.00 -84.89 31.09 60.71 18.35 -28.61 -4.72 -0.00 0.00 -2.50 -19.32 13.03 -4.52 -7.12 0.00 -0.00 -39.13 39.64 6.36 0.00 -0.00 0.00 69.24 17.26 30.92 -154.34 36.87 -111.32 0.00 -0.00 -90.54 -2.11 10.57 -0.39 7.12 -0.00 -0.00 17.50 -19.62 11.13
4.19 16.51 -15.75 -5.34 2.38 25.69 0.00 0.00 0.00 -26.45 14.59 -27.62 5.18 13.58 41.59 5.14 30.99 43.98 1.31 -7.25 -20.45 0.00 0.00 0.00 32.95 14.67 -38.66 -2.51 -9.86 28.53 -1.13 -15.29 -30.68 -1.08 -6.60 18.54 2.45 -1.12 -17.63 9.26 -1.53 -14.70 8.54 -0.46 -5.98 0.07 -2.94 2.06 -3.53 -3.59 15.15 -1.33 -1.94 4.57 -0.00 0.00 0.00 -85.94 30.89 62.93 18.61 -28.93 -4.84 -0.00 0.00 -1.84 -19.98 12.35 -4.45 -7.12 0.00 -0.00 -39.25 38.99 7.18 -0.00 0.00 0.00 70.82 27.70 31.39 -153.51 37.69 -110.81 0.00 -0.00 -91.47 -7.24 9.99 -1.26 7.12 -0.00 -0.00 14.00 -20.05 8.61
4.20 16.52 -15.75 -4.72 3.18 25.81 0.00 0.00 0.00 -26.72 14.41 -27.26 5.07 13.46 41.12 4.69 32.71 42.83 0.91 -6.08 -17.01 0.00 0.00 0.00 31.79 15.58 -38.61 -2.52 -9.88 28.58 -1.34 -15.67 -32.36 -1.50 -7.73 21.91 2.51 -0.84 -17.10 8.94 -1.02 -15.74 8.29 -0.16 -7.56 0.32 -3.48 3.74 -4.18 -4.37 10.21 -1.43 -2.28 2.49 0.00 -0.00 0.00 -84.82 32.57 65.42 19.43 -29.95 -5.24 -0.00 0.00 -0.25 -20.99 12.00 -4.56 -7.12 0.00 -0.00 -39.77 38.58 7.84 0.00 -0.00 0.00 72.30 37.21 31.29 -151.06 39.97 -109.28 0.00 -0.00 -95.09 -10.72 9.46 -1.78 7.12 -0.00 -0.00 11.59 -20.44 6.95
4.20 16.54 -15.76 -4.76 4.10 25.92 0.00 0.00 0.00 -26.36 14.38 -27.29 5.02 13.41 40.91 4.14 32.94 40.89 0.77 -5.62 -15.68 0.00 0.00 0.00 31.84 15.44 -38.74 -2.46 -9.76 28.20 -1.31 -16.31 -32.80 -1.43 -7.56 21.40 3.19 -0.46 -16.82 9.04 -0.54 -15.78 8.07 0.04 -7.83 0.73 -3.99 1.67 -5.65 -5.07 6.84 -1.95 -2.63 1.69 -0.00 -0.00 0.00 -84.31 32.06 67.57 19.85 -30.46 -5.45 -0.00 0.00 -0.21 -22.14 12.52 -5.04 -7.12 0.00 -0.00 -40.80 38.86 7.79 -0.00 -0.00 0.00 71.09 48.87 30.13 -147.25 43.13 -106.75 0.00 -0.00 -99.85 -12.87 9.14 -2.08 7.12 -0.00 -0.00 10.07 -20.67 5.96
4.20 16.56 -15.76 -3.92 5.27 25.93 0.00 0.00 0.00 -26.63 13.44 -26.54 4.90 13.27 40.39 4.17 32.86 40.95 0.75 -5.54 -15.45 0.00 0.00 0.00 30.56 16.02 -38.84 -2.50 -9.84 28.47 -1.61 -16.67 -34.87 -1.83 -8.51 24.27 3.07 -0.46 -15.84 8.99 -0.35 -16.58 8.18 0.19 -9.34 0.48 -4.30 1.81 -7.01 -5.59 3.78 -2.27 -2.85 0.64 0.00 -0.00 0.00 -84.12 33.34 68.72 20.03 -30.68 -5.55 -0.00 -0.00 0.69 -21.34 11.97 -4.63 -7.12 0.00 -0.00 -39.99 38.51 8.00 0.00 -0.00 0.00 69.18 58.99 29.56 -142.06 46.80 -103.08 0.00 -0.00 -100.70 -14.39 7.83 -2.00 7.12 -0.00 -0.00 9.03 -21.93 5.07
4.21 16.57 -15.79 -3.48 5.87 25.78 0.00 0.00 0.00 -26.79 12.94 -26.34 4.89 13.26 40.35 5.18 30.89 44.09 1.15 -6.80 -19.12 0.00 0.00 0.00 29.93 16.38 -38.60 -2.47 -9.78 28.26 -1.48 -17.86 -35.26 -1.78 -8.39 23.90 3.33 -0.04 -14.55 8.70 0.34 -16.84 7.80 0.52 -10.46 0.42 -4.71 1.01 -7.82 -6.30 0.90 -2.49 -3.16 -0.18 0.00 -0.00 0.00 -83.41 33.73 69.51 20.36 -31.08 -5.72 -0.00 -0.00 0.60 -21.21 11.69 -4.50 -7.12 0.00 -0.00 -39.76 38.29 8.21 0.00 -0.00 0.00 64.78 69.21 26.40 -134.66 50.93 -97.50 0.00 -0.00 -101.82 -12.50 7.92 -1.75 7.12 -0.00 -0.00 10.39 -21.91 5.86
4.21 16.59 -15.80 -3.31 7.02 25.89 0.00 0.00 0.00 -26.61 12.11 -26.17 4.89 13.26 40.37 5.17 30.51 43.93 1.28 -7.18 -20.26 0.00 0.00 0.00 29.72 16.31 -38.76 -2.43 -9.71 28.06 -1.57 -18.14 -35.99 -1.99 -8.84 25.29 3.95 0.34 -13.43 8.36 0.95 -17.11 7.12 0.76 -11.48 1.64 -5.14 -0.31 -9.66 -7.06 -1.76 -3.32 -3.49 -0.95 0.00 -0.00 0.00 -82.15 34.08 70.72 20.65 -31.41 -5.86 -0.00 -0.00 0.04 -21.04 11.44 -4.36 -7.12 0.00 -0.00 -39.53 38.10 8.37 0.00 -0.00 0.00 54.55 78.33 17.15 -125.76 54.57 -90.41 0.00 -0.00 -102.86 -11.44 8.08 -1.63 7.12 -0.00 -0.00 11.15 -21.79 6.33
4.22 16.61 -15.80 -2.95 7.35 26.39 0.00 0.00 0.00 -27.10 11.69 -26.30 4.78 13.13 39.86 5.05 30.54 43.51 1.32 -7.29 -20.58 0.00 0.00 0.00 29.36 15.84 -39.57 -2.43 -9.71 28.06 -1.47 -18.30 -35.60 -1.81 -8.46 24.12 4.23 0.69 -13.10 8.37 1.49 -17.45 7.02 1.02 -12.16 0.66 -5.19 -1.91 -10.49 -7.14 -2.22 -3.46 -3.55 -0.82 -0.00 0.00 0.00 -82.15 34.85 70.67 20.60 -31.36 -5.84 -0.00 0.00 -1.36 -23.58 13.49 -5.81 -7.12 0.00 -0.00 -42.25 39.47 7.38 -0.00 0.00 0.00 24.05 85.71 -11.46 -114.49 57.61 -81.03 0.00 -0.00 -101.25 -11.54 6.43 -1.31 7.12 -0.00 -0.00 11.18 -23.44 5.92
4.23 16.61 -15.75 -3.30 7.45 26.18 0.00 0.00 0.00 -26.79 12.29 -26.12 4.75 13.09 39.72 3.45 36.59 39.76 0.28 -3.43 -9.47 0.00 0.00 0.00 30.14 14.99 -39.10 -2.34 -9.55 27.52 -1.47 -17.65 -34.99 -1.97 -8.81 25.21 5.07 1.27 -12.68 8.44 2.29 -17.45 6.65 1.34 -12.49 0.52 -5.17 -2.36 -11.84 -7.31 -3.94 -3.91 -3.58 -1.37 -0.00 0.00 0.00 -81.65 35.50 71.05 20.57 -31.33 -5.83 -0.00 0.00 -1.50 -21.89 12.50 -4.97 -7.12 0.00 -0.00 -40.62 38.88 7.71 -0.00 0.00 0.00 -74.88 85.18 -109.12 -101.93 59.45 -70.32 0.00 -0.00 -99.96 -10.11 5.16 -0.92 7.12 -0.00 -0.00 12.33 -24.74 6.17
4.24 16.62 -15.72 -3.03 7.67 25.77 0.00 0.00 0.00 -26.95 12.73 -25.42 4.71 13.05 39.55 0.17 43.58 31.88 0.13 2.33 6.43 0.00 0.00 0.00 30.12 14.07 -39.07 -2.41 -9.68 27.95 -1.46 -17.57 -34.85 -1.95 -8.76 25.04 5.55 1.69 -11.56 8.12 2.98 -17.64 6.03 1.60 -13.40 0.93 -5.21 -3.67 -13.61 -7.38 -3.87 -4.67 -3.65 -1.22 -0.00 0.00 0.00 -80.46 36.12 72.23 20.56 -31.31 -5.82 -0.00 0.00 -2.26 -22.17 12.71 -5.12 -7.12 0.00 -0.00 -40.92 39.02 7.61 -0.00 0.00 0.00 -98.17 80.61 -131.89 -88.72 59.99 -58.90 0.00 -0.00 -96.99 -7.66 4.99 -0.67 7.12 -0.00 -0.00 14.15 -24.92 7.08
4.19 16.63 -15.77 -2.18 9.03 27.26 0.00 0.00 0.00 -27.23 10.83 -26.80 4.75 13.10 39.73 4.22 34.35 41.68 0.54 -4.69 -13.04 0.00 0.00 0.00 28.08 16.79 -40.48 -2.48 -9.80 28.32 -1.64 -19.37 -37.50 -2.33 -9.53 27.47 5.09 1.23 -11.63 8.38 2.50 -18.38 6.64 1.48 -14.34 -0.17 -4.71 -3.09 -14.17 -6.88 -5.15 -4.64 -3.30 -1.69 -0.00 0.00 0.00 -80.42 37.22 71.72 21.48 -32.39 -6.31 -0.00 0.00 -2.73 -21.35 12.48 -4.83 -7.12 0.00 -0.00 -40.25 38.94 7.53 -0.00 0.00 0.00 -113.25 76.39 -146.45 -75.10 59.14 -47.14 0.00 -0.00 -91.80 -5.40 5.78 -0.55 7.12 -0.00 -0.00 15.70 -24.18 8.19
4.17 16.62 -15.76 -2.00 9.21 27.58 0.00 0.00 0.00 -27.25 10.73 -27.27 4.85 13.21 40.15 4.38 33.11 41.81 0.62 -5.05 -14.06 0.00 0.00 0.00 27.93 17.01 -40.55 -2.43 -9.72 28.07 -1.70 -19.33 -37.79 -2.44 -9.72 28.09 5.27 1.83 -11.61 7.82 3.30 -18.45 5.90 1.80 -14.46 0.98 -4.95 -4.34 -16.66 -7.22 -4.65 -5.16 -3.53 -1.28 -0.00 -0.00 0.00 -77.67 37.07 74.95 22.62 -33.68 -6.93 -0.00 0.00 -4.15 -21.56 12.99 -5.08 -7.12 0.00 -0.00 -40.65 39.33 7.13 -0.00 -0.00 0.00 -115.94 73.57 -150.07 -62.75 57.00 -36.64 0.00 -0.00 -86.99 -4.42 6.28 -0.48 7.12 -0.00 -0.00 16.35 -23.70 8.75
4.17 16.61 -15.74 -1.98 8.98 27.69 0.00 0.00 0.00 -27.47 11.32 -27.44 4.85 13.22 40.18 0.35 43.01 32.13 0.18 2.70 7.46 0.00 0.00 0.00 27.56 17.62 -40.86 -2.54 -9.91 28.70 -1.77 -19.37 -38.18 -2.33 -9.52 27.45 5.94 2.18 -11.00 7.50 3.83 -18.71 5.15 1.94 -15.15 0.50 -4.82 -4.21 -16.77 -7.01 -4.48 -5.12 -3.42 -1.23 -0.00 0.00 0.00 -75.34 37.68 78.23 24.43 -35.62 -7.96 -0.00 0.00 -5.78 -21.59 13.65 -5.33 -7.12 0.00 -0.00 -41.01 39.87 6.52 -0.00 0.00 0.00 -125.00 72.44 -161.24 -54.36 54.61 -29.69 0.00 -0.00 -82.94 -4.30 6.96 -0.52 7.12 -0.00 -0.00 16.36 -23.05 9.01
4.16 16.60 -15.74 -2.14 8.77 27.61 0.00 0.00 0.00 -27.52 12.14 -27.82 4.89 13.26 40.34 2.04 39.47 36.03 0.00 -0.19 -0.51 0.00 0.00 0.00 27.56 18.12 -40.81 -2.60 -10.02 29.06 -1.68 -19.96 -38.29 -2.34 -9.53 27.48 6.66 2.42 -11.51 7.16 4.08 -19.06 4.39 1.92 -15.26 0.15 -5.00 -0.87 -16.53 -7.34 -4.02 -4.88 -3.46 -1.67 0.00 -0.00 0.00 -71.60 39.32 82.95 28.19 -39.29 -10.24 -0.00 0.00 -7.51 -21.90 15.04 -5.96 -7.12 0.00 -0.00 -41.97 40.97 5.27 0.00 -0.00 0.00 -137.67 73.50 -176.17 -48.91 52.55 -25.31 0.00 -0.00 -83.46 -7.03 8.44 -1.04 7.12 -0.00 -0.00 14.27 -21.57 8.28
4.14 16.59 -15.73 -1.98 8.71 27.80 0.00 0.00 0.00 -27.65 12.41 -28.24 4.97 13.35 40.70 1.54 40.27 34.66 0.02 0.89 2.44 0.00 0.00 0.00 27.67 17.76 -40.96 -2.59 -9.99 28.95 -1.69 -19.62 -38.00 -2.35 -9.57 27.59 7.17 2.13 -11.72 7.04 3.55 -18.59 3.95 1.56 -14.44 -1.03 -4.48 -4.09 -14.55 -5.91 -0.67 -4.69 -3.08 0.05 -0.00 0.00 0.00 -69.30 39.21 83.77 34.03 -44.11 -14.14 -0.00 0.00 -7.94 -23.35 16.90 -7.15 -7.12 0.00 -0.00 -44.03 42.28 3.81 -0.00 0.00 0.00 -153.58 74.67 167.96 -50.68 53.27 -26.72 0.00 -0.00 -95.42 -15.88 8.80 -2.49 7.12 -0.00 -0.00 7.93 -20.87 4.63
4.11 16.60 -15.74 -2.16 8.65 27.89 0.00 0.00 0.00 -27.44 12.56 -28.63 5.01 13.40 40.87 2.76 37.75 37.76 0.04 -1.35 -3.72 0.00 0.00 0.00 27.36 18.99 -40.95 -2.64 -10.10 29.29 -1.91 -19.79 -39.23 -2.66 -10.12 29.37 7.76 1.99 -13.04 6.46 3.11 -18.83 3.00 1.21 -13.88 -1.91 -4.65 -0.95 -11.39 -6.06 1.49 -3.34 -3.13 0.31 0.00 -0.00 0.00 -65.64 40.50 84.27 40.75 -48.51 -19.00 -0.00 0.00 -8.84 -24.77 18.54 -8.35 -7.12 0.00 -0.00 -46.01 43.38 2.41 0.00 -0.00 0.00 164.36 77.49 127.57 -61.30 56.65 -35.42 0.00 -0.00 -110.38 -22.77 10.32 -4.30 7.12 -0.00 -0.00 3.02 -18.82 1.89
4.08 16.60 -15.73 -2.38 8.38 27.90 0.00 0.00 0.00 -27.16 12.71 -28.93 5.08 13.47 41.15 2.03 39.76 36.15 0.00 0.34 0.94 0.00 0.00 0.00 27.39 20.01 -40.42 -2.60 -10.02 29.04 -1.96 -20.01 -39.69 -2.80 -10.37 30.18 8.04 1.54 -13.91 5.96 2.24 -18.29 2.24 0.69 -12.62 -2.02 -3.93 -4.77 -7.22 -4.56 7.55 -2.21 -2.60 3.15 -0.00 0.00 0.00 -64.44 41.39 78.33 48.95 -52.56 -25.33 -0.00 0.00 -9.34 -29.64 21.75 -11.91 -7.12 0.00 -0.00 -51.44 45.10 -0.19 -0.00 0.00 0.00 123.33 72.49 89.61 -76.75 59.33 -48.56 0.00 -0.00 -112.96 -17.22 9.29 -2.86 7.12 -0.00 -0.00 6.96 -20.30 4.14
4.05 16.60 -15.71 -1.79 7.28 27.37 0.00 0.00 0.00 -27.95 13.12 -27.86 4.90 13.28 40.41 -1.92 46.87 27.15 0.91 6.07 16.98 0.00 0.00 0.00 26.57 20.81 -39.65 -2.69 -10.18 29.55 -2.15 -19.48 -40.11 -2.72 -10.23 29.71 6.85 1.17 -14.67 5.08 1.63 -18.33 1.90 0.45 -12.16 -2.06 -4.13 -2.49 -3.43 -5.12 10.67 -0.99 -2.77 3.88 -0.00 -0.00 0.00 -64.41 43.78 70.57 56.90 -55.43 -31.78 -0.00 0.00 -11.07 -34.54 23.25 -15.20 -7.12 0.00 -0.00 -55.55 45.41 -0.83 -0.00 -0.00 0.00 100.60 59.10 71.61 -94.48 59.92 -63.88 0.00 -0.00 -105.87 -7.68 8.11 -1.09 7.12 -0.00 -0.00 13.83 -21.87 7.91
4.02 16.59 -15.73 -1.49 6.83 27.87 0.00 0.00 0.00 -28.38 12.23 -28.32 4.93 13.31 40.53 0.08 44.31 32.09 0.29 3.49 9.65 0.00 0.00 0.00 26.12 21.03 -40.38 -2.72 -10.23 29.73 -2.17 -19.20 -39.96 -2.96 -10.64 31.06 5.79 0.54 -14.69 4.71 0.79 -18.26 2.03 0.12 -12.03 -2.72 -3.99 -7.21 0.82 -5.28 17.99 0.29 -2.67 6.76 0.00 0.00 0.00 -68.93 44.14 57.88 60.79 -56.52 -35.00 -0.00 0.00 -14.98 -39.52 25.41 -19.49 -7.12 0.00 -0.00 -60.10 46.10 -2.64 0.00 0.00 0.00 91.68 43.19 67.34 -106.27 58.98 -74.04 0.00 -0.00 -100.08 7.31 5.15 0.66 7.12 -0.00 -0.00 24.74 -24.62 13.42
4.00 16.58 -15.70 -2.19 6.29 27.03 0.00 0.00 0.00 -27.67 13.12 -27.87 4.98 13.36 40.75 1.66 41.64 35.92 0.04 1.21 3.33 0.00 0.00 0.00 27.95 19.30 -39.47 -2.64 -10.09 29.26 -1.94 -18.36 -38.09 -2.52 -9.87 28.56 4.80 0.93 -14.47 4.15 1.33 -17.68 1.95 0.48 -11.38 -2.79 -5.11 -7.47 4.59 -7.62 19.82 1.29 -3.45 7.60 0.00 0.00 0.00 -72.11 42.90 48.53 59.30 -56.12 -33.76 -0.00 0.00 -16.97 -41.22 25.96 -20.98 -7.12 0.00 -0.00 -61.44 46.20 -3.01 0.00 0.00 0.00 85.27 24.88 61.71 -114.96 57.51 -81.44 0.00 -0.00 -91.97 19.92 2.99 1.08 7.12 -0.00 -0.00 33.34 -25.76 18.77
3.98 16.57 -15.71 -2.16 6.28 27.52 0.00 0.00 0.00 -27.66 12.73 -28.34 5.00 13.39 40.83 -1.64 47.14 28.39 0.68 5.29 14.73 0.00 0.00 0.00 28.72 17.36 -40.66 -2.62 -10.05 29.15 -1.64 -17.47 -35.73 -2.19 -9.25 26.57 2.70 0.86 -14.51 4.57 1.38 -17.37 3.57 0.80 -11.01 -4.37 -6.09 -7.42 7.62 -9.28 18.85 2.37 -4.11 7.57 0.00 0.00 0.00 -77.31 42.78 38.30 55.40 -54.95 -30.54 -0.00 0.00 -18.99 -42.12 26.68 -22.10 -7.12 0.00 -0.00 -62.59 46.55 -4.02 0.00 0.00 0.00 80.06 5.76 54.84 -116.07 57.27 -82.37 0.00 -0.00 -88.86 27.56 1.21 0.63 7.12 -0.00 -0.00 38.11 -26.30 22.47
3.98 16.53 -15.71 -3.00 6.28 27.73 0.00 0.00 0.00 -26.73 12.41 -29.09 5.23 13.64 41.82 5.58 28.01 44.84 1.68 -8.17 -23.22 0.00 0.00 0.00 30.90 14.83 -41.37 -2.50 -9.83 28.43 -1.33 -16.22 -32.84 -1.80 -8.44 24.06 2.42 1.34 -12.62 4.62 2.23 -17.93 3.80 1.28 -12.86 -3.55 -6.97 -7.21 8.19 -10.64 17.75 2.30 -4.68 7.26 0.00 0.00 0.00 -79.20 45.34 30.85 47.55 -51.96 -24.23 -0.00 0.00 -26.19 -41.73 24.90 -20.58 -7.12 0.00 -0.00 -60.57 45.33 -0.83 0.00 0.00 0.00 77.54 -14.23 45.90 -110.75 58.31 -77.87 0.00 -0.00 -91.93 24.27 2.72 1.23 7.12 -0.00 -0.00 35.89 -25.47 21.31
4.01 16.54 -15.75 -3.76 5.78 29.32 0.00 0.00 0.00 -26.79 12.00 -31.67 5.46 13.89 42.78 5.00 28.74 42.86 1.41 -7.52 -21.26 0.00 0.00 0.00 32.20 13.66 -43.79 -2.46 -9.77 28.25 -1.12 -14.70 -30.10 -1.52 -7.79 22.07 2.32 1.52 -12.91 5.51 2.48 -17.43 4.85 1.50 -12.15 -1.99 -7.11 -8.83 7.28 -10.63 14.96 1.73 -4.69 6.51 -0.00 -0.00 0.00 -81.64 47.44 24.33 38.89 -47.40 -17.62 -0.00 0.00 -34.45 -42.94 23.05 -20.02 -7.12 0.00 -0.00 -59.18 43.70 3.18 -0.00 -0.00 0.00 75.66 -27.30 34.49 -100.04 59.62 -68.68 0.00 -0.00 -92.02 24.50 -0.34 -0.15 7.12 -0.00 -0.00 37.04 -28.14 19.23
4.03 16.54 -15.77 -3.88 6.05 29.77 0.00 0.00 0.00 -27.20 12.42 -32.34 5.40 13.82 42.53 -1.96 45.38 25.57 0.88 5.97 16.69 0.00 0.00 0.00 31.84 14.55 -44.37 -2.54 -9.92 28.70 -1.08 -15.60 -30.70 -1.55 -7.85 22.27 2.78 0.78 -11.19 6.22 1.61 -17.33 5.37 1.05 -12.98 0.58 -6.24 -9.67 6.13 -9.44 12.56 1.08 -4.13 5.66 -0.00 -0.00 0.00 -82.61 51.07 19.27 29.64 -40.58 -11.17 -0.00 0.00 -39.71 -44.39 21.98 -20.12 -7.12 0.00 -0.00 -58.56 42.54 6.06 -0.00 -0.00 0.00 73.60 -38.36 25.98 -81.05 59.70 -52.26 0.00 -0.00 -85.41 22.35 -0.46 -0.19 7.12 -0.00 -0.00 35.87 -28.53 17.85
4.05 16.55 -15.79 -3.23 6.05 29.64 0.00 0.00 0.00 -28.39 13.10 -32.06 5.31 13.72 42.14 1.18 38.22 32.07 0.00 -0.18 -0.49 0.00 0.00 0.00 30.04 16.36 -43.76 -2.54 -9.91 28.69 -0.92 -18.06 -32.19 -1.57 -7.91 22.45 2.47 -0.20 -9.16 6.77 0.43 -17.06 6.19 0.55 -13.77 1.25 -5.18 -10.72 7.27 -8.21 11.52 1.41 -3.43 5.51 -0.00 -0.00 0.00 -81.56 54.54 14.45 23.05 -34.15 -7.17 -0.00 0.00 -25.40 -44.10 21.63 -19.66 -7.12 0.00 -0.00 -58.14 42.31 6.54 -0.00 -0.00 0.00 68.07 -46.46 23.23 -65.44 57.59 -38.90 0.00 -0.00 -81.91 29.27 2.53 1.42 7.12 -0.00 -0.00 38.48 -24.80 24.76
4.08 16.59 -15.88 -2.57 5.77 30.26 0.00 0.00 0.00 -29.84 12.84 -32.91 5.25 13.66 41.90 2.81 34.08 36.25 0.42 -4.16 -11.54 0.00 0.00 0.00 28.14 18.01 -44.36 -2.54 -9.92 28.71 -0.81 -19.36 -32.89 -1.72 -8.26 23.51 2.28 -1.01 -5.81 7.39 -0.38 -17.64 7.25 0.31 -16.58 2.83 -4.38 -9.71 6.06 -6.92 8.55 0.95 -2.96 4.28 0.00 -0.00 0.00 -77.45 58.80 11.56 17.65 -27.71 -4.38 -0.00 0.00 -3.20 -42.62 19.53 -17.10 -7.12 0.00 -0.00 -55.79 40.91 9.26 0.00 -0.00 0.00 57.91 -51.89 25.60 -51.37 53.53 -27.27 0.00 -0.00 -75.45 31.07 1.93 1.16 7.12 -0.00 -0.00 39.50 -24.95 25.74
4.13 16.61 -15.99 -2.18 6.16 30.81 0.00 0.00 0.00 -30.68 12.23 -33.81 5.31 13.72 42.13 4.86 30.05 42.68 1.23 -7.03 -19.81 0.00 0.00 0.00 27.03 18.55 -45.51 -2.58 -9.99 28.94 -0.78 -19.99 -33.43 -1.86 -8.58 24.49 2.29 -1.73 -4.99 8.38 -1.30 -16.69 8.42 -0.09 -15.74 3.54 -3.47 -10.28 5.00 -5.49 5.02 0.69 -2.41 3.51 0.00 -0.00 0.00 -70.92 58.93 9.25 12.94 -21.20 -2.43 -0.00 -0.00 15.10 -39.48 17.82 -14.15 -7.12 0.00 -0.00 -53.38 40.22 9.88 0.00 -0.00 0.00 47.25 -52.02 28.12 -37.82 46.72 -16.83 0.00 -0.00 -71.22 32.92 1.31 0.85 7.12 -0.00 -0.00 40.49 -25.05 26.80
4.17 16.61 -16.06 -1.58 6.51 29.61 0.00 0.00 0.00 -31.21 12.67 -32.68 5.30 13.72 42.11 3.39 33.17 38.13 0.71 -5.40 -15.04 0.00 0.00 0.00 25.41 19.95 -44.29 -2.67 -10.14 29.42 -0.83 -21.75 -35.69 -1.99 -8.84 25.29 2.13 -2.35 -1.58 9.18 -1.89 -16.11 9.73 -0.21 -17.11 3.68 -2.56 -10.77 3.50 -4.14 3.71 0.25 -1.84 3.09 -0.00 0.00 0.00 -59.86 59.84 9.67 9.97 -16.70 -1.47 -0.00 -0.00 29.50 -38.57 17.32 -13.35 -7.12 0.00 -0.00 -52.66 40.00 10.04 -0.00 0.00 0.00 35.73 -51.40 30.91 -27.07 38.25 -9.54 0.00 -0.00 -61.02 32.89 1.42 0.92 7.12 -0.00 -0.00 40.44 -24.96 26.86
4.23 16.62 -16.17 -1.35 7.01 29.38 0.00 0.00 0.00 -31.53 12.32 -33.14 5.49 13.91 42.88 3.53 33.71 38.87 0.67 -5.22 -14.53 0.00 0.00 0.00 25.39 18.70 -45.23 -2.76 -10.30 29.95 -0.65 -21.73 -34.71 -1.81 -8.47 24.14 2.57 -2.59 1.16 9.99 -1.89 -15.70 10.71 -0.09 -18.45 3.75 -1.88 -12.47 1.34 -3.17 3.30 -0.43 -1.45 3.24 0.00 -0.00 0.00 -46.51 58.46 15.08 8.82 -14.87 -1.15 -0.00 -0.00 37.86 -37.84 18.68 -13.97 -7.12 0.00 -0.00 -53.43 41.28 7.55 0.00 -0.00 0.00 26.03 -48.93 29.76 -19.00 29.42 -5.03 0.00 -0.00 -47.25 33.25 1.61 1.06 7.12 -0.00 -0.00 40.51 -24.69 27.35
4.30 16.59 -16.32 -1.68 7.35 29.42 0.00 0.00 0.00 -31.57 11.80 -34.69 5.91 14.34 44.62 3.97 32.75 40.16 0.94 -6.19 -17.34 0.00 0.00 0.00 25.79 18.05 -46.13 -2.78 -10.33 30.06 -0.49 -21.78 -33.82 -1.65 -8.10 23.01 3.09 -2.63 3.59 11.25 -1.48 -15.37 11.57 0.12 -19.23 3.07 -1.31 -13.28 0.05 -2.24 1.89 -0.67 -1.08 2.90 0.00 -0.00 0.00 -34.77 54.27 20.82 8.27 -14.00 -1.02 -0.00 -0.00 42.56 -36.78 18.62 -13.42 -7.12 0.00 -0.00 -52.92 41.44 7.06 0.00 -0.00 0.00 18.07 -44.73 24.70 -13.85 22.52 -2.77 0.00 -0.00 -28.07 34.16 1.70 1.15 7.12 -0.00 -0.00 40.83 -24.35 28.25
4.38 16.60 -16.46 -2.05 7.55 29.21 0.00 0.00 0.00 -31.69 11.53 -35.52 6.15 14.58 45.60 2.87 35.63 37.17 0.52 -4.64 -12.88 0.00 0.00 0.00 25.58 18.21 -46.71 -2.83 -10.41 30.31 -0.38 -22.25 -33.74 -1.65 -8.09 22.99 4.10 -2.64 5.78 12.07 -1.04 -14.56 11.98 0.29 -19.84 2.97 -0.43 -15.57 -1.52 -1.05 1.72 -1.12 -0.56 3.31 0.00 -0.00 0.00 -25.72 48.03 25.41 8.14 -13.78 -0.98 -0.00 -0.00 44.47 -36.14 19.18 -13.49 -7.12 0.00 -0.00 -53.06 42.01 5.91 0.00 -0.00 0.00 11.71 -39.81 17.76 -10.99 18.27 -1.77 0.00 -0.00 -12.22 34.66 1.12 0.77 7.12 -0.00 -0.00 41.22 -24.73 28.22
4.46 16.59 -16.61 -2.38 8.11 29.33 0.00 0.00 0.00 -31.77 10.86 -36.47 6.45 14.85 46.78 1.09 38.54 31.91 0.19 -2.81 -7.74 0.00 0.00 0.00 25.71 17.73 -47.88 -2.89 -10.51 30.65 -0.52 -21.39 -33.50 -1.37 -7.42 20.95 5.26 -2.81 7.01 12.78 -0.87 -13.88 12.13 0.27 -19.90 3.23 0.27 -16.04 -3.25 -0.08 0.78 -1.67 -0.17 3.10 0.00 -0.00 0.00 -18.73 40.50 28.53 8.14 -13.78 -0.98 -0.00 -0.00 45.48 -36.28 19.71 -13.91 -7.12 0.00 -0.00 -53.54 42.40 5.19 0.00 -0.00 0.00 6.24 -34.52 14.00 -9.75 16.35 -1.40 0.00 -0.00 -1.73 34.39 0.41 0.28 7.12 -0.00 -0.00 41.39 -25.45 27.35
4.52 16.56 -16.76 -2.07 7.65 29.71 0.00 0.00 0.00 -33.03 10.72 -37.67 6.66 15.04 47.59 0.25 38.65 28.63 0.08 -1.85 -5.08 0.00 0.00 0.00 24.88 18.03 -48.97 -2.96 -10.62 31.02 -0.48 -21.28 -33.15 -1.34 -7.32 20.67 5.12 -2.85 8.94 13.21 -0.58 -14.02 12.93 0.60 -21.55 2.62 0.96 -13.98 -4.08 0.99 -0.73 -1.73 0.35 2.24 0.00 0.00 0.00 -13.00 32.94 31.16 8.10 -13.71 -0.98 -0.00 -0.00 47.11 -34.85 20.52 -13.72 -7.12 0.00 -0.00 -53.48 43.30 3.35 0.00 0.00 0.00 0.44 -28.73 15.80 -9.58 16.08 -1.36 0.00 0.00 3.27 33.32 0.26 0.17 7.12 -0.00 -0.00 41.04 -25.89 26.25
4.59 16.56 -16.88 -2.39 7.62 29.97 0.00 0.00 0.00 -33.45 10.72 -38.53 6.75 15.12 47.93 -0.15 38.36 26.75 0.08 -1.81 -4.98 0.00 0.00 0.00 24.73 18.02 -49.97 -3.00 -10.69 31.24 -0.46 -21.01 -32.68 -1.38 -7.43 20.98 5.95 -2.82 9.51 13.56 -0.34 -13.22 12.71 0.56 -20.94 3.45 1.46 -14.51 -5.92 1.52 -1.81 -2.46 0.55 2.04 -0.00 -0.00 0.00 -9.10 24.27 33.95 8.45 -14.29 -1.06 -0.00 -0.00 45.82 -35.29 21.10 -14.30 -7.12 0.00 -0.00 -54.17 43.66 2.68 -0.00 -0.00 0.00 -2.21 -21.95 12.42 -9.29 15.62 -1.28 0.00 0.00 6.24 32.00 0.04 0.02 7.12 -0.00 -0.00 40.59 -26.42 24.94
4.66 16.54 -17.04 -2.59 7.41 30.07 0.00 0.00 0.00 -34.01 10.49 -39.66 6.98 15.32 48.82 -0.27 38.45 26.30 0.09 -1.95 -5.38 0.00 0.00 0.00 24.83 17.56 -51.15 -3.04 -10.76 31.47 -0.19 -21.15 -31.13 -1.15 -6.81 19.14 6.41 -2.76 11.23 13.99 0.16 -12.87 12.95 0.82 -21.83 2.90 1.87 -14.69 -6.77 2.18 -1.95 -2.60 0.84 2.07 0.00 -0.00 0.00 -6.54 15.31 36.53 8.78 -14.80 -1.14 -0.00 -0.00 42.93 -36.82 21.69 -15.47 -7.12 0.00 -0.00 -55.41 43.83 2.45 0.00 -0.00 0.00 -5.31 -14.98 11.75 -9.33 15.68 -1.29 0.00 0.00 6.41 31.24 -0.50 -0.30 7.12 -0.00 -0.00 40.47 -27.08 23.86
4.74 16.52 -17.17 -2.98 6.93 29.71 0.00 0.00 0.00 -34.30 10.91 -40.34 7.18 15.49 49.57 -1.05 39.31 23.65 0.01 -0.73 -2.01 0.00 0.00 0.00 25.25 17.17 -51.45 -3.06 -10.80 31.61 -0.06 -20.95 -29.99 -1.02 -6.44 18.07 7.01 -2.58 12.59 14.16 0.70 -12.11 12.61 0.97 -21.84 2.59 2.18 -15.28 -7.29 2.63 -2.18 -2.69 1.05 2.13 0.00 -0.00 0.00 -4.37 5.70 37.14 9.35 -15.72 -1.29 -0.00 -0.00 39.26 -38.20 22.48 -16.75 -7.12 0.00 -0.00 -56.75 44.19 1.79 0.00 -0.00 0.00 -6.72 -7.29 7.94 -9.48 15.92 -1.33 0.00 0.00 9.45 31.72 -3.93 -2.43 7.12 -0.00 -0.00 42.10 -30.02 21.15
4.78 16.51 -17.29 -2.76 6.69 29.74 0.00 0.00 0.00 -34.79 10.61 -40.96 7.36 15.63 50.24 -0.94 38.34 23.28 0.01 -0.77 -2.12 0.00 0.00 0.00 24.52 17.46 -52.11 -3.14 -10.92 32.02 0.04 -21.24 -29.69 -1.05 -6.51 18.28 6.92 -2.46 13.45 14.22 0.93 -11.59 12.65 1.08 -21.78 2.31 2.14 -15.08 -7.96 2.60 -3.00 -2.87 1.03 1.82 -0.00 0.00 0.00 -2.90 -4.43 36.51 9.97 -16.69 -1.47 -0.00 -0.00 34.07 -35.23 24.88 -16.54 -7.12 0.00 -0.00 -57.36 46.47 -3.15 -0.00 0.00 0.00 -7.57 0.37 3.97 -9.32 15.67 -1.29 0.00 0.00 13.24 30.76 -4.64 -2.75 7.12 -0.00 -0.00 41.97 -30.84 19.78
4.83 16.48 -17.39 -2.81 6.41 29.86 0.00 0.00 0.00 -35.13 10.68 -42.07 7.61 15.83 51.15 0.14 37.15 27.08 0.30 -3.55 -9.80 0.00 0.00 0.00 24.54 17.27 -52.86 -3.18 -10.98 32.21 0.20 -21.43 -28.79 -0.76 -5.57 15.55 7.18 -2.35 13.96 14.19 1.14 -11.07 12.32 1.10 -21.45 2.09 2.42 -15.19 -8.13 2.98 -3.42 -2.85 1.22 1.72 0.00 -0.00 0.00 -1.77 -14.51 34.28 10.55 -17.59 -1.64 -0.00 -0.00 32.02 -33.24 25.50 -15.76 -7.12 0.00 -0.00 -56.75 47.25 -4.65 0.00 -0.00 0.00 -6.70 11.23 -15.95 -7.52 12.78 -0.84 0.00 0.00 32.71 30.88 -2.91 -1.74 7.12 -0.00 -0.00 41.28 -29.29 21.46
4.87 16.47 -17.49 -2.99 5.95 30.00 0.00 0.00 0.00 -35.32 10.45 -43.00 7.81 15.98 51.87 -0.66 38.39 24.57 0.09 -1.90 -5.24 0.00 0.00 0.00 24.37 17.45 -53.92 -3.22 -11.04 32.42 0.66 -22.71 -27.24 -0.43 -4.21 11.68 7.19 -2.30 14.57 14.27 1.29 -10.77 12.37 1.16 -21.48 2.61 2.75 -15.10 -9.39 3.41 -2.92 -3.37 1.38 1.96 0.00 -0.00 0.00 -1.31 -24.45 33.02 10.93 -18.18 -1.75 -0.00 -0.00 30.90 -33.22 25.75 -15.88 -7.12 0.00 -0.00 -56.96 47.44 -5.05 0.00 -0.00 0.00 -5.31 22.61 -39.23 -6.38 10.89 -0.61 0.00 0.00 55.58 28.01 -0.20 -0.11 7.12 -0.00 -0.00 38.84 -27.47 21.68
4.90 16.47 -17.59 -2.91 5.06 30.36 0.00 0.00 0.00 -35.86 10.26 -43.99 7.93 16.07 52.31 -0.27 38.95 26.71 0.12 -2.23 -6.13 0.00 0.00 0.00 24.59 16.94 -54.57 -3.15 -10.93 32.05 0.72 -21.93 -25.39 -0.40 -4.05 11.22 6.62 -2.03 14.09 14.13 1.28 -10.02 12.35 1.14 -20.14 2.56 2.94 -15.07 -9.34 3.62 -3.63 -3.32 1.50 1.72 0.00 -0.00 0.00 -2.48 -35.49 22.15 10.95 -18.22 -1.76 -0.00 -0.00 34.32 -35.52 26.24 -17.51 -7.12 0.00 -0.00 -58.78 47.38 -5.27 0.00 -0.00 0.00 -3.42 34.21 -67.32 -6.01 10.29 -0.54 0.00 0.00 78.65 25.56 0.75 0.36 7.12 -0.00 -0.00 37.24 -27.03 20.74
4.91 16.42 -17.71 -3.99 2.19 32.20 0.00 0.00 0.00 -36.58 9.99 -47.77 8.25 16.30 53.47 -0.25 39.28 27.04 0.12 -2.23 -6.13 0.00 0.00 0.00 26.05 17.54 -56.71 -3.06 -10.79 31.57 0.87 -20.48 -21.07 -0.31 -3.60 9.96 5.66 -0.95 12.75 13.72 2.21 -9.75 12.00 1.59 -19.04 2.69 3.16 -14.67 -8.36 3.86 -3.83 -2.99 1.67 1.57 0.00 -0.00 0.00 -6.17 -48.15 6.90 10.30 -17.20 -1.56 -0.00 -0.00 40.47 -32.87 25.93 -15.78 -7.12 0.00 -0.00 -56.91 47.62 -5.40 0.00 -0.00 0.00 0.61 44.80 -86.46 -5.65 9.68 -0.48 0.00 0.00 93.61 21.92 3.70 1.49 7.12 -0.00 -0.00 34.29 -24.91 20.45
4.90 16.40 -17.71 -3.92 1.30 31.76 0.00 0.00 0.00 -36.71 10.25 -47.60 8.31 16.34 53.68 -0.75 40.61 26.05 0.04 -1.36 -3.73 0.00 0.00 0.00 26.79 16.80 -56.18 -3.08 -10.82 31.67 0.49 -18.17 -20.94 -0.28 -3.39 9.37 4.66 -0.74 13.16 13.51 2.30 -9.71 12.34 1.76 -19.30 2.10 3.13 -14.89 -7.61 4.07 -1.41 -2.61 1.75 2.39 -0.00 0.00 0.00 -17.78 -62.57 -8.71 8.69 -14.67 -1.12 -0.00 -0.00 51.33 -28.28 25.73 -13.15 -7.12 0.00 -0.00 -53.74 48.25 -5.96 -0.00 0.00 0.00 8.28 54.86 -103.40 -5.53 9.47 -0.46 0.00 0.00 108.81 17.29 6.09 1.89 7.12 -0.00 -0.00 30.93 -23.24 19.10
4.88 16.40 -17.71 -4.06 -0.17 31.85 0.00 0.00 0.00 -37.05 10.51 -48.27 8.37 16.38 53.87 -0.48 40.78 27.28 0.06 -1.54 -4.23 0.00 0.00 0.00 27.16 16.93 -56.50 -3.12 -10.88 31.87 0.55 -17.81 -19.60 -0.11 -2.14 5.89 3.22 -0.18 12.81 13.15 2.63 -9.49 12.63 2.05 -18.90 1.89 3.11 -14.60 -6.70 4.09 -0.55 -2.27 1.79 2.60 0.00 0.00 0.00 -43.62 -75.64 -11.20 7.15 -12.17 -0.76 -0.00 -0.00 61.88 -23.69 23.38 -9.88 -7.12 0.00 -0.00 -48.62 47.26 -3.54 0.00 0.00 0.00 20.63 63.07 -116.86 -5.31 9.11 -0.42 0.00 0.00 121.51 13.61 9.08 2.19 7.12 -0.00 -0.00 28.01 -20.78 18.56
4.87 16.39 -17.65 -4.83 -1.29 30.91 0.00 0.00 0.00 -36.41 11.38 -47.54 8.38 16.39 53.92 -2.34 43.13 21.79 0.05 1.41 3.88 0.00 0.00 0.00 29.41 15.52 -55.35 -3.13 -10.90 31.96 0.32 -15.65 -18.54 -0.03 -1.07 2.95 2.80 0.10 12.43 12.85 2.70 -8.62 12.37 2.02 -17.54 2.23 3.05 -14.05 -6.10 3.93 -0.57 -2.14 1.74 2.47 -0.00 0.00 0.00 -105.37 -78.27 32.74 6.94 -11.82 -0.72 -0.00 -0.00 62.66 -19.43 23.42 -7.98 -7.12 0.00 -0.00 -45.45 47.95 -4.13 -0.00 0.00 0.00 39.59 68.53 -128.46 -3.85 6.64 -0.22 0.00 0.00 136.86 6.98 9.58 1.17 7.12 -0.00 -0.00 23.70 -20.56 15.21
4.86 16.38 -17.56 -4.83 -0.76 30.97 0.00 0.00 0.00 -35.80 9.98 -46.74 8.46 16.45 54.21 -6.22 46.60 9.23 1.32 7.29 20.57 0.00 0.00 0.00 30.57 13.69 -55.94 -3.29 -11.15 32.80 0.05 -13.80 -19.07 -0.04 -1.28 3.52 3.03 -0.19 11.36 12.36 2.16 -9.00 12.49 1.83 -17.45 1.57 2.85 -12.50 -5.24 3.80 0.63 -1.75 1.71 2.54 -0.00 -0.00 0.00 -133.48 -68.66 59.96 7.40 -12.58 -0.82 -0.00 -0.00 51.69 -13.87 25.80 -6.13 -7.12 0.00 -0.00 -42.74 50.68 -7.11 -0.00 -0.00 0.00 70.54 69.28 -128.65 -4.92 8.45 -0.36 0.00 0.00 147.36 -2.67 16.67 -0.77 7.12 -0.00 -0.00 16.62 -13.77 12.75
4.80 16.33 -17.51 -4.56 -1.37 30.14 0.00 0.00 0.00 -35.89 9.41 -46.62 8.95 16.77 55.90 -5.29 47.23 14.49 0.49 4.49 12.47 0.00 0.00 0.00 29.27 15.35 -55.27 -3.65 -11.68 34.62 -0.08 -14.64 -21.62 -0.13 -2.35 6.47 1.44 -0.24 10.98 12.00 1.62 -8.41 13.00 1.66 -16.35 1.99 2.90 -12.40 -4.62 3.80 1.35 -1.63 1.73 2.76 -0.00 0.00 0.00 -142.81 -60.50 76.04 7.50 -12.74 -0.84 -0.00 -0.00 44.21 -13.30 27.96 -6.32 -7.12 0.00 -0.00 -43.96 52.44 -9.55 -0.00 0.00 0.00 96.96 66.34 -120.85 -5.52 9.46 -0.46 0.00 0.00 144.77 -10.76 21.35 -3.96 7.12 -0.00 -0.00 11.35 -8.63 9.72
4.71 16.22 -17.46 -4.64 -2.22 28.97 0.00 0.00 0.00 -36.24 9.49 -47.65 10.04 17.43 59.62 -6.99 44.69 0.83 2.10 9.07 26.03 0.00 0.00 0.00 29.19 16.48 -54.35 -4.01 -12.17 36.33 -0.01 -15.85 -22.58 -0.04 -1.28 3.52 -0.07 -0.25 10.78 11.67 1.22 -8.07 13.52 1.56 -15.71 1.89 2.89 -9.77 -3.48 3.78 1.68 -1.26 1.79 2.34 0.00 -0.00 0.00 -144.73 -52.26 88.98 8.40 -14.21 -1.05 -0.00 -0.00 33.83 -8.39 28.42 -4.02 -7.12 0.00 -0.00 -40.09 53.69 -9.79 0.00 -0.00 0.00 115.17 57.56 -60.04 -3.21 5.54 -0.16 0.00 0.00 78.54 -7.89 15.32 -2.10 7.12 -0.00 -0.00 13.26 -14.79 9.71
4.64 16.11 -17.35 -4.49 -1.95 27.28 0.00 0.00 0.00 -36.92 10.10 -47.85 11.20 18.03 63.42 -4.72 36.55 -3.90 1.03 6.46 18.13 0.00 0.00 0.00 30.09 14.73 -54.53 -4.75 -13.09 39.71 -0.43 -14.21 -24.34 -0.08 -1.82 5.00 -0.58 -0.55 9.53 11.33 0.50 -7.24 13.34 1.08 -13.71 1.12 2.79 -8.23 -1.72 3.69 2.60 -0.57 1.80 2.30 -0.00 0.00 0.00 -146.19 -46.15 99.40 9.32 -15.66 -1.28 -0.00 -0.00 21.93 -14.54 27.74 -6.88 -7.12 0.00 -0.00 -44.83 52.05 -9.33 -0.00 0.00 0.00 125.98 48.55 -6.73 -3.48 6.01 -0.18 0.00 0.00 9.93 -10.50 8.66 -1.60 7.12 -0.00 -0.00 11.79 -21.24 6.86
4.56 15.96 -17.26 -4.97 -1.51 24.83 0.00 0.00 0.00 -36.69 10.87 -48.08 12.29 18.51 66.91 -3.02 29.28 -7.35 0.02 0.98 2.68 0.00 0.00 0.00 31.44 13.57 -53.94 -5.53 -13.96 43.06 -0.60 -14.65 -26.26 -0.05 -1.44 3.95 0.31 -0.91 8.97 10.63 -0.11 -5.86 11.82 0.48 -11.53 1.97 2.66 -8.10 -1.54 3.43 3.94 -0.67 1.69 2.74 0.00 0.00 0.00 -145.62 -44.05 113.10 11.32 -18.78 -1.88 -0.00 -0.00 8.67 -25.53 28.08 -12.67 -7.12 0.00 -0.00 -53.81 50.38 -9.58 0.00 0.00 0.00 129.79 35.56 35.64 -10.29 17.19 -1.56 0.00 -0.00 -45.47 -16.83 -1.12 0.34 7.12 -0.00 -0.00 7.75 -31.09 2.66
4.48 15.75 -17.16 -5.26 -0.46 22.02 0.00 0.00 0.00 -36.52 11.82 -47.81 13.20 18.85 69.75 -1.08 19.17 -14.36 0.45 -4.31 -11.95 0.00 0.00 0.00 32.22 12.66 -52.98 -6.50 -14.89 46.95 -0.64 -15.68 -27.72 -0.01 -0.59 1.62 0.38 -0.79 9.08 10.57 -0.01 -4.83 11.58 0.45 -10.43 1.41 1.94 -5.64 -1.54 2.55 3.55 -0.64 1.25 2.12 -0.00 0.00 0.00 -144.16 -43.54 124.00 16.43 -26.10 -3.83 -0.00 -0.00 7.60 -34.72 25.30 -16.50 -7.12 0.00 -0.00 -57.45 46.86 -3.97 -0.00 0.00 0.00 130.69 32.43 53.28 -12.37 20.35 -2.23 0.00 -0.00 -49.29 -17.43 -5.28 1.65 7.12 -0.00 -0.00 7.71 -35.42 1.83
4.38 15.51 -17.10 -5.57 1.28 19.58 0.00 0.00 0.00 -36.18 12.28 -47.72 13.66 19.01 71.18 0.97 7.21 -22.55 0.44 -4.24 -11.76 0.00 0.00 0.00 32.85 12.09 -52.96 -7.65 -15.85 51.28 -0.99 -16.20 -30.69 -0.08 -1.78 4.91 1.43 -0.56 9.84 10.04 0.45 -4.73 10.27 0.59 -10.85 -0.24 1.03 -1.92 0.85 1.35 3.12 0.32 0.69 1.27 0.00 -0.00 0.00 -138.79 -47.74 137.41 28.89 -39.93 -10.69 -0.00 -0.00 13.46 -39.36 16.38 -13.02 -7.12 0.00 -0.00 -52.23 39.03 11.97 0.00 -0.00 0.00 124.71 31.24 80.28 -18.61 28.93 -4.84 0.00 -0.00 -43.75 -9.60 -5.74 0.97 7.12 -0.00 -0.00 14.21 -35.49 3.41
4.27 15.35 -17.01 -5.85 4.06 16.70 0.00 0.00 0.00 -35.88 13.91 -47.19 13.72 19.03 71.36 0.59 12.68 -24.08 3.14 -10.91 -31.98 0.00 0.00 0.00 33.96 10.15 -51.69 -8.37 -16.39 53.89 -1.56 -16.34 -34.27 -0.27 -3.35 9.26 3.42 -0.55 10.23 9.40 0.67 -4.12 8.27 0.50 -10.38 -1.53 0.37 0.84 2.63 0.43 2.59 1.06 0.22 0.64 0.00 0.00 0.00 -132.67 -55.27 144.42 52.77 -54.05 -28.40 -0.00 -0.00 35.98 -33.02 1.70 -1.10 -7.12 0.00 -0.00 -41.70 27.73 24.25 0.00 0.00 0.00 115.77 34.76 100.31 -30.18 41.05 -11.53 0.00 -0.00 -19.34 -1.24 -1.16 0.03 7.12 -0.00 -0.00 19.87 -30.73 7.32
4.14 15.23 -16.96 -5.65 7.46 15.57 0.00 0.00 0.00 -35.96 13.95 -47.01 13.26 18.87 69.92 0.97 12.27 -26.72 4.53 -12.83 -38.74 0.00 0.00 0.00 34.28 8.62 -52.66 -9.02 -16.82 56.16 -1.81 -17.08 -36.31 -0.35 -3.80 10.51 4.51 -0.30 9.06 9.32 0.97 -3.46 7.39 0.55 -8.96 -3.48 -0.49 1.16 3.84 -0.74 2.22 1.78 -0.38 0.52 0.00 -0.00 0.00 -117.46 -65.17 138.37 94.38 -59.93 -63.79 -0.00 -0.00 53.69 -19.78 -3.92 1.41 -7.12 0.00 -0.00 -32.99 24.95 19.28 0.00 -0.00 0.00 104.24 41.24 109.17 -46.95 51.69 -23.76 0.00 0.00 10.06 -2.90 7.82 -0.39 7.12 -0.00 -0.00 17.25 -22.24 9.88
3.96 15.22 -16.89 -5.13 11.92 15.69 0.00 0.00 0.00 -36.07 13.09 -46.69 12.79 18.70 68.46 1.36 13.64 -30.66 3.97 -12.11 -36.14 0.00 0.00 0.00 34.78 6.80 -54.01 -9.05 -16.84 56.25 -1.72 -19.04 -37.61 -0.30 -3.52 9.73 5.54 0.31 8.49 8.81 1.95 -4.43 6.10 0.96 -9.74 -5.34 -2.10 2.58 5.71 -2.98 2.04 2.75 -1.52 0.38 -0.00 0.00 0.00 -79.56 -68.98 108.81 122.67 -55.55 -87.87 -0.00 -0.00 48.63 3.40 5.31 0.32 -7.12 0.00 -0.00 -19.10 34.75 5.04 -0.00 0.00 0.00 88.30 45.56 105.98 -70.53 58.52 -43.22 0.00 0.00 24.35 -6.67 10.11 -1.18 7.12 -0.00 -0.00 14.39 -19.95 8.90
3.77 15.43 -16.76 -5.14 16.28 15.51 0.00 0.00 0.00 -34.67 12.82 -44.16 11.60 18.22 64.71 1.37 13.27 -30.40 2.71 -10.21 -29.68 0.00 0.00 0.00 35.92 5.08 -52.48 -8.08 -16.18 52.87 -1.98 -19.40 -39.21 -0.58 -4.89 13.59 5.80 1.10 7.71 9.10 3.00 -4.34 6.09 1.48 -9.26 -6.73 -3.84 1.60 7.04 -5.28 1.50 3.44 -2.66 0.60 -0.00 -0.00 0.00 -39.64 -63.27 76.44 131.64 -52.31 -95.13 -0.00 -0.00 43.79 23.95 8.85 3.91 -7.12 0.00 -0.00 -2.59 39.63 0.34 -0.00 -0.00 0.00 69.18 45.30 96.83 -95.06 59.90 -64.38 0.00 0.00 19.77 -14.99 13.47 -3.57 7.12 -0.00 -0.00 8.50 -16.15 5.87
3.59 15.78 -16.63 -3.65 21.89 17.27 0.00 0.00 0.00 -34.27 9.33 -40.64 9.87 17.34 59.05 1.12 13.06 -28.55 1.87 -8.58 -24.50 0.00 0.00 0.00 35.38 3.63 -51.63 -6.60 -14.99 47.35 -1.71 -21.20 -39.62 -0.87 -5.96 16.68 5.37 1.93 6.55 8.55 4.06 -5.51 5.61 2.02 -9.94 -6.65 -6.18 2.90 8.44 -8.39 -0.22 3.94 -4.25 0.12 0.00 -0.00 0.00 -21.66 -51.25 64.32 134.79 -50.87 -97.60 -0.00 -0.00 45.56 32.87 5.53 3.57 -7.12 0.00 -0.00 5.21 36.52 -1.09 0.00 -0.00 0.00 53.02 36.96 86.25 -105.55 59.07 -73.43 0.00 0.00 15.54 -26.62 29.29 -13.78 7.12 -0.00 -0.00 2.43 2.10 2.52
3.41 16.20 -16.50 -2.93 27.39 19.67 0.00 0.00 0.00 -32.45 4.67 -37.59 8.07 16.17 52.81 0.59 13.48 -24.90 1.96 -8.78 -25.12 0.00 0.00 0.00 34.17 5.97 -49.19 -4.92 -13.29 40.47 -1.07 -24.50 -40.01 -1.07 -6.58 18.46 5.02 2.25 5.77 8.75 4.58 -6.70 6.01 2.34 -10.89 -7.72 -7.97 0.95 9.96 -10.75 0.22 4.51 -5.38 0.97 -0.00 0.00 0.00 -14.84 -35.60 57.44 135.30 -50.62 -98.00 -0.00 -0.00 47.25 35.97 -2.68 -1.95 -7.12 0.00 -0.00 7.14 26.65 -3.20 -0.00 0.00 0.00 42.29 26.73 80.04 -103.99 59.25 -72.08 0.00 0.00 22.04 -42.02 44.11 -32.10 7.12 -0.00 -0.00 -1.60 22.54 -2.09
3.29 16.65 -16.30 0.02 34.38 22.91 0.00 0.00 0.00 -31.90 0.27 -32.14 5.85 14.28 44.36 -0.19 14.48 -18.29 3.50 -11.47 -33.87 0.00 0.00 0.00 28.42 8.91 -46.56 -4.10 -12.29 36.75 0.17 -26.23 -35.90 -0.49 -4.50 12.48 3.29 2.09 4.14 8.74 4.21 -7.89 7.11 2.35 -11.36 -9.04 -10.44 -3.31 10.99 -14.08 4.15 4.07 -6.84 3.20 0.00 -0.00 0.00 -12.06 -21.50 53.47 132.76 -51.82 -96.02 -0.00 -0.00 48.36 38.17 -3.65 -2.86 -7.12 0.00 -0.00 8.68 25.34 -4.17 0.00 -0.00 0.00 33.72 14.97 75.94 -100.17 59.61 -68.80 0.00 0.00 26.23 -44.05 42.32 -33.07 7.12 -0.00 -0.00 -3.21 21.67 -4.17
3.21 17.09 -16.14 3.53 41.54 27.03 0.00 0.00 0.00 -31.35 -4.17 -27.38 3.91 12.04 35.86 -0.65 14.62 -9.72 4.38 -12.65 -38.08 0.00 0.00 0.00 21.91 12.55 -43.51 -3.41 -11.33 33.41 1.44 -27.98 -30.88 -0.44 -4.25 11.79 2.21 2.00 3.12 8.44 4.13 -9.48 7.49 2.48 -12.63 -9.46 -12.60 -2.99 11.61 -16.94 3.01 4.12 -8.27 3.18 0.00 -0.00 0.00 -11.03 -9.13 51.65 128.97 -53.40 -93.00 -0.00 -0.00 48.56 38.95 -2.62 -2.12 -7.12 0.00 -0.00 9.39 26.58 -4.25 0.00 -0.00 0.00 27.79 3.71 70.99 -91.16 59.99 -61.00 0.00 0.00 21.87 -43.92 40.27 -31.90 7.12 -0.00 -0.00 -3.90 19.55 -4.99
3.16 17.53 -16.03 5.16 48.06 30.98 0.00 0.00 0.00 -29.58 -7.99 -26.48 2.83 10.41 30.31 -0.73 15.17 -2.72 3.07 -10.81 -31.63 0.00 0.00 0.00 16.40 17.03 -42.58 -2.89 -10.51 30.64 1.90 -28.16 -27.64 -0.48 -4.46 12.37 2.51 1.47 2.20 9.27 3.82 -11.35 8.44 2.51 -14.37 -9.65 -13.74 -3.97 10.81 -18.34 2.92 3.72 -8.96 3.39 -0.00 0.00 0.00 -11.91 6.58 50.81 126.46 -54.33 -90.98 -0.00 -0.00 48.50 40.77 -2.50 -2.15 -7.12 0.00 -0.00 10.77 26.64 -4.88 -0.00 0.00 0.00 23.20 -3.41 66.36 -77.13 59.36 -48.88 0.00 0.00 19.91 -49.27 44.87 -39.33 7.12 -0.00 -0.00 -4.52 26.64 -6.08
3.14 17.85 -16.01 4.94 55.14 32.93 0.00 0.00 0.00 -27.25 -11.20 -27.96 2.53 9.89 28.61 -1.35 21.32 -0.28 1.86 -8.58 -24.48 0.00 0.00 0.00 13.32 20.69 -41.33 -2.50 -9.83 28.43 2.23 -28.94 -26.65 -1.15 -6.80 19.13 5.09 1.54 1.81 9.94 4.64 -12.90 7.74 2.80 -16.15 -9.66 -15.60 -5.02 10.54 -20.75 2.81 3.32 -10.11 3.73 -0.00 -0.00 0.00 -12.00 19.16 47.79 124.29 -55.05 -89.20 -0.00 -0.00 50.49 41.98 -1.59 -1.43 -7.12 0.00 -0.00 11.82 27.77 -5.05 -0.00 -0.00 0.00 18.55 -10.18 61.84 -66.52 57.81 -39.81 0.00 0.00 19.83 -47.08 47.57 -38.44 7.12 -0.00 -0.00 -2.36 28.08 -3.19
3.10 18.07 -16.00 7.90 61.88 36.87 0.00 0.00 0.00 -27.72 -11.57 -29.68 2.24 9.35 26.89 -2.30 26.86 -1.84 0.91 -6.07 -17.00 0.00 0.00 0.00 10.42 21.83 -40.55 -2.34 -9.55 27.53 2.67 -30.23 -25.88 -1.05 -6.51 18.29 5.12 0.69 -0.37 11.48 3.49 -12.59 9.71 2.44 -14.41 -9.83 -16.44 -7.17 10.83 -21.54 0.76 3.25 -10.47 3.56 -0.00 0.00 0.00 -15.49 30.94 41.36 116.12 -57.26 -82.41 -0.00 -0.00 51.21 43.77 -2.65 -2.54 -7.12 0.00 -0.00 12.98 26.26 -6.04 -0.00 0.00 0.00 13.39 -11.60 57.42 -55.50 54.99 -30.62 0.00 0.00 18.31 -47.65 47.82 -39.10 7.12 -0.00 -0.00 -2.48 28.57 -3.36
3.01 18.19 -15.99 14.47 68.39 42.75 0.00 0.00 0.00 -29.75 -10.28 -30.64 2.04 8.95 25.62 -3.31 31.85 -1.48 0.19 -2.79 -7.70 0.00 0.00 0.00 8.55 20.37 -39.59 -2.36 -9.59 27.64 1.75 -28.24 -29.08 -1.91 -8.68 24.79 4.34 0.81 -0.10 11.04 3.89 -13.51 9.65 2.81 -15.82 -7.34 -18.13 -5.43 10.09 -23.88 -1.60 3.11 -11.76 2.67 0.00 -0.00 0.00 -14.68 37.74 37.84 109.16 -58.57 -76.51 -0.00 -0.00 50.47 60.37 2.16 3.78 -7.12 0.00 -0.00 26.96 33.22 -8.63 0.00 -0.00 0.00 11.42 -17.43 53.08 -46.06 51.28 -23.06 0.00 0.00 19.54 -47.87 48.82 -39.76 7.12 -0.00 -0.00 -2.09 29.59 -2.85
2.92 18.25 -15.90 20.30 77.05 48.02 0.00 0.00 0.00 -28.11 -9.92 -32.06 2.15 9.16 26.30 -4.10 35.15 -1.13 0.05 -1.48 -4.06 0.00 0.00 0.00 10.81 18.23 -38.16 -2.33 -9.53 27.47 1.30 -27.37 -30.73 -2.87 -10.48 30.54 5.83 0.29 0.00 11.80 3.77 -14.12 9.81 2.79 -16.73 -5.97 -19.14 -6.16 9.69 -25.22 -1.89 2.63 -12.41 2.54 -0.00 -0.00 0.00 -14.93 43.92 33.07 101.47 -59.50 -69.92 -0.00 -0.00 50.11 43.60 -3.48 -3.30 -7.12 0.00 -0.00 12.70 25.17 -6.24 -0.00 -0.00 0.00 9.68 -20.34 49.13 -36.85 46.09 -16.13 0.00 0.00 19.33 -47.53 49.24 -39.61 7.12 -0.00 -0.00 -1.75 29.80 -2.39
2.81 18.28 -15.82 50.20 87.78 77.71 0.00 0.00 0.00 -22.81 -12.01 -33.64 2.41 9.67 27.93 -4.68 36.22 -4.63 0.41 4.10 11.35 0.00 0.00 0.00 13.92 19.93 -35.07 -2.11 -9.10 26.11 -1.35 -22.47 -39.17 -4.01 -12.17 36.35 9.35 -0.13 -0.90 13.03 4.03 -14.55 9.31 2.77 -16.88 -3.89 -19.65 -7.55 9.58 -25.86 -3.29 2.24 -12.74 2.02 -0.00 0.00 0.00 -15.53 47.28 28.18 91.59 -59.99 -61.38 -0.00 -0.00 48.44 44.33 -3.77 -3.67 -7.12 0.00 -0.00 13.17 24.71 -6.63 -0.00 0.00 0.00 10.43 -22.48 40.10 -27.72 38.86 -9.95 0.00 0.00 22.47 -48.32 49.48 -40.49 7.12 -0.00 -0.00 -1.95 30.38 -2.67
2.72 18.28 -15.77 163.09 82.90 189.53 0.00 0.00 0.00 -22.54 -12.36 -33.46 2.48 9.81 28.35 -3.94 35.24 0.84 0.39 4.03 11.16 0.00 0.00 0.00 15.19 15.09 -33.48 -2.01 -8.90 25.47 1.56 -26.98 -27.96 -2.41 -9.67 27.91 9.82 -0.49 -1.21 13.09 3.81 -14.80 9.15 2.71 -16.99 -3.44 -19.41 -8.96 10.58 -25.44 -4.11 2.41 -12.48 2.05 0.00 -0.00 0.00 -17.48 48.97 21.29 80.66 -59.67 -51.92 -0.00 -0.00 47.27 42.53 -4.02 -3.68 -7.12 0.00 -0.00 11.82 24.54 -5.97 0.00 -0.00 0.00 10.83 -22.97 32.58 -21.88 32.84 -6.52 0.00 0.00 24.43 -46.78 45.66 -37.27 7.12 -0.00 -0.00 -3.08 26.17 -4.13
2.60 18.32 -15.70 174.89 73.20 201.32 0.00 0.00 0.00 -20.29 -13.66 -34.91 2.49 9.83 28.42 -4.16 35.06 -2.06 2.29 9.44 27.19 0.00 0.00 0.00 15.76 15.11 -31.94 -1.97 -8.81 25.21 1.30 -25.23 -26.50 -3.67 -11.71 34.72 11.19 -0.38 -2.00 12.66 4.47 -15.74 7.83 2.98 -17.79 -1.56 -19.88 -10.56 10.81 -26.04 -5.37 2.13 -12.77 1.69 -0.00 -0.00 0.00 -18.36 47.38 15.93 69.54 -58.36 -42.38 -0.00 -0.00 46.15 43.82 -2.18 -2.09 -7.12 0.00 -0.00 13.10 26.90 -5.90 -0.00 -0.00 0.00 10.05 -25.43 26.35 -17.25 27.19 -4.20 0.00 0.00 24.86 -47.50 47.37 -38.77 7.12 -0.00 -0.00 -2.62 28.10 -3.55
2.48 18.35 -15.61 176.98 64.19 202.49 0.00 0.00 0.00 -20.20 -13.02 -35.57 2.49 9.82 28.38 -3.81 34.30 -0.39 2.77 10.30 29.97 0.00 0.00 0.00 15.92 14.38 -29.12 -1.88 -8.61 24.58 -0.53 -18.33 -29.97 -5.16 -13.56 41.52 10.82 -1.13 -1.92 14.05 4.17 -16.20 9.02 3.07 -17.89 -3.74 -19.57 -10.68 12.32 -25.29 -6.72 2.92 -12.37 1.75 0.00 -0.00 0.00 -22.20 49.77 11.18 60.90 -56.55 -35.09 -0.00 -0.00 45.24 41.81 -2.69 -2.40 -7.12 0.00 -0.00 11.51 26.34 -5.31 0.00 -0.00 0.00 8.99 -24.38 17.30 -13.72 22.33 -2.72 0.00 0.00 29.32 -44.45 47.43 -35.84 7.12 -0.00 -0.00 -1.31 26.75 -1.76
2.35 18.32 -15.47 177.82 54.51 203.21 0.00 0.00 0.00 -20.34 -12.46 -37.92 2.58 9.98 28.91 -3.64 33.41 -0.93 2.09 9.05 25.94 0.00 0.00 0.00 17.69 11.65 -29.52 -1.78 -8.40 23.94 3.24 -30.09 -15.72 -1.23 -7.03 19.79 10.60 -1.21 -2.66 13.73 4.39 -16.75 8.73 3.36 -18.14 -1.69 -19.46 -11.26 10.82 -25.12 -8.39 2.34 -12.39 0.77 -0.00 -0.00 0.00 -24.30 48.10 5.31 52.51 -53.96 -28.19 -0.00 -0.00 48.16 44.98 1.61 1.61 -7.12 0.00 -0.00 14.72 32.02 -4.82 -0.00 -0.00 0.00 9.56 -25.81 10.12 -11.47 19.01 -1.93 0.00 0.00 34.28 -42.76 44.66 -33.02 7.12 -0.00 -0.00 -1.72 23.39 -2.26
2.21 18.32 -15.30 179.44 45.57 203.85 0.00 0.00 0.00 -20.35 -11.74 -38.95 2.57 9.97 28.88 -3.86 33.22 -4.71 2.46 9.76 28.20 0.00 0.00 0.00 19.06 11.28 -28.08 -1.80 -8.43 24.03 1.45 -24.06 -22.40 -2.29 -9.45 27.21 10.84 -0.54 -3.37 13.00 5.22 -15.99 8.25 3.92 -17.50 -2.54 -19.26 -11.91 11.20 -24.64 -9.12 2.56 -12.10 0.77 -0.00 -0.00 0.00 -25.75 47.32 3.47 48.64 -52.43 -25.09 -0.00 -0.00 45.14 39.48 -4.41 -3.62 -7.12 0.00 -0.00 9.53 24.29 -4.83 -0.00 -0.00 0.00 12.06 -27.22 -1.23 -9.81 16.44 -1.42 0.00 0.00 39.51 -37.80 38.59 -25.81 7.12 -0.00 -0.00 -1.46 15.29 -1.79
2.07 18.26 -15.11 182.84 35.63 204.60 0.00 0.00 0.00 -18.41 -10.79 -40.32 2.82 10.40 30.30 -3.38 31.43 -4.10 1.41 7.52 21.26 0.00 0.00 0.00 22.83 11.45 -25.56 -1.60 -7.98 22.64 2.72 -27.74 -9.26 -0.78 -5.65 15.79 12.38 -0.80 -1.51 13.86 6.50 -16.79 7.41 4.49 -19.28 -0.68 -17.33 -12.46 5.82 -22.57 -7.16 0.88 -11.14 0.45 0.00 0.00 0.00 -25.88 49.58 3.24 46.98 -51.70 -23.78 -0.00 -0.00 44.80 40.14 -3.27 -2.75 -7.12 0.00 -0.00 10.19 25.69 -4.84 0.00 0.00 0.00 13.27 -28.09 -9.21 -9.07 15.27 -1.22 0.00 0.00 41.93 -32.23 30.82 -17.90 7.12 -0.00 -0.00 -0.47 5.21 -0.52
1.97 18.19 -14.88 183.06 25.14 203.08 0.00 0.00 0.00 -18.93 -10.67 -40.89 2.86 10.46 30.47 -2.99 29.50 -4.99 1.57 7.91 22.43 0.00 0.00 0.00 23.33 13.92 -23.38 -1.66 -8.13 23.09 1.66 -23.04 -1.56 -0.00 -0.16 0.45 12.75 -0.15 -3.00 12.56 6.58 -15.40 6.32 4.53 -16.97 0.61 -15.04 -15.60 1.55 -19.80 -4.50 -0.71 -9.78 1.17 0.00 0.00 0.00 -29.05 45.87 -3.75 42.05 -49.24 -19.98 -0.00 -0.00 45.58 39.06 -3.85 -3.11 -7.12 0.00 -0.00 9.30 25.03 -4.55 0.00 0.00 0.00 17.82 -28.64 -21.57 -8.63 14.56 -1.10 0.00 0.00 40.37 -31.18 24.92 -14.30 7.12 -0.00 -0.00 -0.98 -1.48 -0.95
1.90 18.13 -14.54 183.07 14.96 201.50 0.00 0.00 0.00 -19.96 -10.27 -42.09 2.90 10.54 30.74 -2.46 28.32 0.00 2.57 9.96 28.84 0.00 0.00 0.00 22.83 18.51 -21.50 -1.85 -8.55 24.40 1.18 -20.44 1.01 -0.02 -0.89 2.45 11.16 -0.23 -0.99 12.37 7.41 -16.11 6.04 5.09 -18.57 1.43 -11.11 -17.03 -3.75 -14.68 0.16 -2.52 -7.41 2.56 -0.00 -0.00 0.00 -30.84 45.78 -7.25 39.21 -47.59 -17.85 -0.00 -0.00 45.54 39.92 -2.68 -2.24 -7.12 0.00 -0.00 10.11 26.45 -4.61 -0.00 -0.00 0.00 20.81 -28.24 -36.97 -8.14 13.78 -0.99 0.00 0.00 42.99 -30.35 22.02 -12.38 7.12 -0.00 -0.00 -0.93 -4.88 -0.85
1.84 18.07 -14.27 185.48 1.89 200.34 0.00 0.00 0.00 -17.52 -11.57 -43.64 3.22 11.04 32.43 -1.05 25.47 10.27 1.49 7.70 21.82 0.00 0.00 0.00 25.79 18.96 -20.16 -1.75 -8.31 23.67 0.34 -16.38 7.64 -0.05 1.38 -3.79 14.40 -0.39 -2.21 11.88 7.35 -14.95 4.33 4.95 -16.79 2.69 -6.57 -20.01 -8.25 -8.39 3.13 -3.69 -4.52 3.62 0.00 -0.00 0.00 -35.21 43.83 -14.28 35.17 -44.93 -14.93 -0.00 -0.00 45.20 38.21 -4.83 -3.79 -7.12 0.00 -0.00 8.55 23.85 -4.41 0.00 -0.00 0.00 24.50 -29.26 -36.92 -8.54 14.42 -1.08 0.00 0.00 28.71 -25.96 17.00 -8.10 7.12 -0.00 -0.00 1.26 -11.20 0.99
1.91 17.99 -13.94 185.58 -10.06 198.08 0.00 0.00 0.00 -18.60 -10.63 -43.69 3.07 10.81 31.64 0.22 20.08 15.92 0.60 4.96 13.79 0.00 0.00 0.00 26.59 20.17 -19.92 -2.01 -8.88 25.43 0.42 -16.62 6.80 -0.42 4.17 -11.57 13.39 5.77 -1.09 9.43 5.72 -16.64 3.61 -0.06 -18.22 4.22 -1.34 -18.11 -11.80 -1.94 5.38 -4.59 -1.79 4.40 -0.00 0.00 0.00 -35.72 44.41 -14.36 33.47 -43.69 -13.75 -0.00 -0.00 45.23 37.17 -4.71 -3.56 -7.12 0.00 -0.00 7.81 24.09 -3.98 -0.00 0.00 0.00 27.23 -30.53 -38.27 -8.66 14.62 -1.11 0.00 0.00 22.98 -23.44 12.52 -5.37 7.12 -0.00 -0.00 2.64 -16.38 1.79
2.00 17.87 -13.66 186.14 -22.01 196.52 0.00 0.00 0.00 -19.27 -9.50 -43.26 2.84 10.43 30.38 -0.63 19.93 7.99 1.92 8.70 24.85 0.00 0.00 0.00 27.65 18.13 -22.49 -2.49 -9.82 28.41 0.55 -16.71 5.16 -0.62 5.06 -14.07 12.05 5.44 -1.93 9.16 5.86 -15.25 3.64 0.67 -15.89 3.82 3.33 -24.30 -13.47 5.39 12.52 -4.50 1.12 8.41 -0.00 0.00 0.00 -39.42 40.64 -19.84 30.11 -40.99 -11.48 -0.00 -0.00 47.10 37.61 -5.19 -3.99 -7.12 0.00 -0.00 8.07 23.45 -4.23 -0.00 0.00 0.00 30.16 -30.01 -41.33 -8.89 14.98 -1.17 0.00 0.00 19.93 -22.05 9.40 -3.78 7.12 -0.00 -0.00 3.50 -19.86 2.11
2.14 17.69 -13.45 187.63 -34.31 194.64 0.00 0.00 0.00 -19.99 -7.64 -43.33 2.78 10.34 30.07 0.11 4.72 6.38 0.24 -3.15 -8.71 0.00 0.00 0.00 29.12 16.00 -25.19 -2.99 -10.68 31.22 0.84 -17.23 0.49 -0.69 5.30 -14.77 11.21 4.82 -2.47 8.51 5.38 -15.20 3.29 0.74 -15.48 6.21 8.36 -24.41 -14.56 12.56 17.22 -4.17 4.22 11.02 0.00 -0.00 0.00 -38.84 40.17 -19.14 29.25 -40.25 -10.92 -0.00 -0.00 44.96 36.40 -3.11 -2.29 -7.12 0.00 -0.00 7.42 26.11 -3.42 0.00 -0.00 0.00 32.19 -30.64 -44.08 -9.23 15.53 -1.26 0.00 0.00 23.53 -20.61 12.04 -4.49 7.12 -0.00 -0.00 4.59 -17.16 3.04
2.32 17.52 -13.25 189.96 -44.41 191.56 0.00 0.00 0.00 -19.80 -5.46 -44.15 3.11 10.87 31.86 0.10 3.71 -8.61 3.39 -11.30 -33.31 0.00 0.00 0.00 30.27 16.94 -26.34 -3.47 -11.41 33.69 1.14 -18.99 -2.53 -0.48 4.47 -12.39 10.01 4.73 -1.28 7.98 5.84 -15.07 3.18 1.26 -16.12 10.19 12.86 -19.18 -18.06 18.86 16.82 -4.97 7.17 11.51 -0.00 -0.00 0.00 -38.98 38.90 -21.66 26.98 -38.16 -9.49 -0.00 -0.00 46.45 38.64 -6.08 -4.84 -7.12 0.00 -0.00 8.69 22.24 -4.81 -0.00 -0.00 0.00 32.80 -31.22 -44.68 -9.26 15.57 -1.27 0.00 0.00 24.76 -20.61 13.94 -5.17 7.12 -0.00 -0.00 4.66 -15.17 3.29
2.34 17.43 -13.08 190.86 -56.41 189.65 0.00 0.00 0.00 -22.71 -2.59 -44.98 3.47 11.41 33.69 0.08 11.61 -17.54 2.71 -10.22 -29.68 0.00 0.00 0.00 29.30 13.89 -28.75 -3.96 -12.11 36.12 1.16 -18.84 -3.94 -1.45 7.60 -21.51 6.82 3.30 -3.68 8.96 3.75 -13.44 6.05 1.00 -12.83 11.13 16.99 -15.39 -21.91 25.53 14.97 -5.12 10.07 12.00 -0.00 0.00 0.00 -43.91 38.10 -26.72 25.72 -36.93 -8.72 -0.00 -0.00 46.88 39.30 -6.79 -5.53 -7.12 0.00 -0.00 9.06 21.27 -5.22 -0.00 0.00 0.00 30.60 -27.90 -47.58 -9.12 15.35 -1.23 0.00 0.00 26.30 -21.24 13.41 -5.15 7.12 -0.00 -0.00 4.20 -15.66 2.92
2.38 17.34 -12.94 196.28 -66.54 184.26 0.00 0.00 0.00 -25.58 6.20 -51.33 4.50 12.80 38.63 0.89 12.71 -26.52 0.30 -3.51 -9.70 0.00 0.00 0.00 29.65 13.57 -29.11 -3.97 -12.12 36.14 1.34 -20.00 -7.16 -0.92 6.11 -17.09 7.03 3.52 -3.49 7.90 4.30 -13.68 4.67 1.27 -13.14 13.58 18.97 -10.54 -24.34 29.02 14.82 -5.74 11.92 12.59 -0.00 -0.00 0.00 -43.49 36.75 -26.67 24.87 -36.07 -8.21 -0.00 -0.00 46.58 39.12 -4.98 -4.04 -7.12 0.00 -0.00 9.19 23.58 -4.81 -0.00 -0.00 0.00 32.50 -31.14 -41.84 -10.22 17.08 -1.54 0.00 0.00 17.92 -23.64 15.08 -6.50 7.12 -0.00 -0.00 2.66 -13.60 1.96
2.42 17.28 -12.91 217.01 -76.31 162.32 0.00 0.00 0.00 -20.16 2.45 -49.57 4.94 13.31 40.54 2.48 15.81 -38.66 0.29 3.49 9.65 0.00 0.00 0.00 32.67 12.44 -27.55 -3.93 -12.06 35.96 1.82 -23.13 -10.81 -1.18 6.88 -19.37 9.10 3.79 -2.02 6.33 5.14 -13.62 1.64 1.43 -13.68 15.01 19.37 -8.60 -23.62 29.97 16.87 -5.61 12.56 13.32 0.00 0.00 0.00 -40.00 34.32 -22.85 23.55 -34.69 -7.45 -0.00 -0.00 44.46 38.65 -3.58 -2.86 -7.12 0.00 -0.00 9.04 25.39 -4.34 0.00 0.00 0.00 36.65 -34.65 -45.38 -10.49 17.50 -1.62 0.00 0.00 17.75 -25.88 17.81 -8.44 7.12 -0.00 -0.00 1.40 -10.33 1.13
2.40 17.23 -12.82 269.00 -82.90 108.94 0.00 0.00 0.00 -21.67 5.65 -50.77 4.72 13.06 39.58 1.41 18.26 -35.22 0.07 1.73 4.76 0.00 0.00 0.00 32.45 8.67 -28.23 -4.17 -12.38 37.10 1.98 -24.76 -16.47 -0.57 4.83 -13.43 7.98 3.42 -1.83 5.11 4.75 -12.53 0.84 1.47 -12.39 15.28 19.49 -7.77 -23.78 30.49 17.58 -5.65 12.87 13.66 -0.00 -0.00 0.00 -39.18 31.18 -22.75 21.68 -32.62 -6.41 -0.00 -0.00 44.16 38.56 -2.24 -1.79 -7.12 0.00 -0.00 9.14 27.08 -4.03 -0.00 -0.00 0.00 39.44 -35.77 -47.91 -10.53 17.56 -1.63 0.00 0.00 17.60 -27.61 18.86 -9.59 7.12 -0.00 -0.00 0.38 -8.90 0.32
2.33 17.28 -12.60 321.18 -77.31 55.39 0.00 0.00 0.00 -18.95 3.00 -48.86 4.24 12.48 37.44 2.46 17.47 -39.86 0.52 4.62 12.82 0.00 0.00 0.00 34.00 4.30 -27.10 -3.79 -11.87 35.29 2.26 -26.33 -17.65 -0.65 5.16 -14.37 9.23 3.01 -1.06 5.35 4.45 -11.75 0.38 1.31 -11.91 13.80 19.39 -7.68 -22.79 30.91 19.94 -5.08 12.90 14.23 -0.00 0.00 0.00 -41.94 30.49 -25.83 20.90 -31.71 -6.00 -0.00 -0.00 45.61 35.57 -2.47 -1.77 -7.12 0.00 -0.00 6.86 26.93 -3.03 -0.00 0.00 0.00 38.43 -35.28 -49.25 -10.10 16.90 -1.50 0.00 0.00 18.12 -28.46 20.04 -10.52 7.12 -0.00 -0.00 -0.02 -7.45 -0.02
2.25 17.31 -12.39 335.60 -68.82 41.38 0.00 0.00 0.00 -18.22 2.33 -50.11 3.74 11.81 35.05 1.61 18.98 -36.98 0.22 2.99 8.24 0.00 0.00 0.00 35.46 1.87 -27.33 -3.50 -11.47 33.88 2.84 -28.93 -18.54 -0.95 6.20 -17.37 9.96 2.78 -2.39 5.37 4.03 -11.61 0.08 1.10 -10.94 13.29 18.63 -7.35 -21.54 30.17 22.60 -4.89 12.54 14.77 0.00 -0.00 0.00 -43.24 28.99 -29.94 18.23 -28.45 -4.66 -0.00 -0.00 48.34 36.27 -3.09 -2.26 -7.12 0.00 -0.00 7.32 26.14 -3.37 0.00 -0.00 0.00 38.95 -34.19 -53.42 -9.97 16.70 -1.47 0.00 0.00 19.68 -31.37 20.63 -12.12 7.12 -0.00 -0.00 -1.78 -6.20 -1.58
2.16 17.28 -12.24 342.12 -59.97 33.28 0.00 0.00 0.00 -18.15 1.68 -49.89 3.61 11.62 34.39 2.41 19.70 -41.49 1.23 7.04 19.82 0.00 0.00 0.00 36.75 1.53 -25.41 -3.39 -11.30 33.31 3.44 -32.82 -26.20 -0.48 4.44 -12.31 9.70 2.23 -1.31 5.56 3.53 -11.24 0.40 0.94 -11.23 11.48 17.13 -8.01 -18.93 28.20 26.46 -4.27 11.53 15.29 0.00 0.00 0.00 -45.38 28.34 -31.14 17.42 -27.41 -4.28 -0.00 -0.00 45.33 34.93 -3.28 -2.29 -7.12 0.00 -0.00 6.30 25.97 -2.92 0.00 0.00 0.00 39.54 -33.37 -53.97 -9.74 16.33 -1.40 0.00 0.00 14.36 -32.04 21.03 -12.66 7.12 -0.00 -0.00 -2.14 -5.60 -1.92
2.01 17.27 -11.98 346.61 -52.07 28.72 0.00 0.00 0.00 -19.77 1.12 -49.23 3.43 11.36 33.50 4.08 19.50 -48.10 2.27 9.41 27.10 0.00 0.00 0.00 36.96 -1.08 -26.05 -3.51 -11.47 33.89 3.27 -33.68 -30.42 -0.35 3.79 -10.48 8.70 2.27 -2.44 5.21 3.43 -11.20 0.60 1.02 -10.50 10.03 14.96 -8.95 -16.47 25.22 30.68 -3.91 10.09 16.15 0.00 0.00 0.00 -47.33 27.50 -31.69 16.89 -26.71 -4.04 -0.00 -0.00 44.12 34.48 -1.05 -0.72 -7.12 0.00 -0.00 6.15 28.68 -2.46 0.00 0.00 0.00 40.90 -32.14 -61.62 -9.55 16.03 -1.35 0.00 0.00 16.02 -32.89 20.10 -12.53 7.12 -0.00 -0.00 -2.81 -6.46 -2.48
1.82 17.23 -11.64 349.67 -44.66 25.57 0.00 0.00 0.00 -22.72 3.37 -49.33 3.52 11.49 33.94 0.98 21.47 -36.21 0.66 5.19 14.45 0.00 0.00 0.00 36.19 -1.91 -26.20 -3.91 -12.04 35.87 3.86 -35.65 -31.47 -0.47 4.39 -12.18 7.47 2.07 -4.41 4.92 2.89 -10.86 1.02 0.93 -8.99 8.19 12.72 -9.97 -13.62 21.86 34.62 -3.30 8.53 16.91 -0.00 -0.00 0.00 -49.73 26.60 -34.58 16.20 -25.80 -3.73 -0.00 -0.00 43.99 34.11 1.16 0.79 -7.12 0.00 -0.00 6.02 31.35 -2.02 -0.00 -0.00 0.00 42.87 -30.06 -66.63 -9.57 16.07 -1.35 0.00 0.00 14.54 -32.92 20.09 -12.54 7.12 -0.00 -0.00 -2.83 -6.46 -2.50
1.63 17.21 -11.26 350.37 -37.18 23.93 0.00 0.00 0.00 -22.35 2.40 -47.15 3.77 11.85 35.21 0.22 19.49 -29.18 0.02 -0.98 -2.70 0.00 0.00 0.00 36.63 -3.32 -25.20 -4.10 -12.29 36.76 4.23 -36.37 -30.75 -0.43 4.23 -11.71 7.93 2.29 -5.83 4.43 3.01 -10.34 0.27 1.00 -7.53 8.86 10.77 -10.53 -13.07 18.93 37.10 -3.90 7.38 17.91 -0.00 0.00 0.00 -52.02 25.27 -35.30 15.80 -25.25 -3.56 -0.00 -0.00 41.57 32.90 5.15 3.32 -7.12 0.00 -0.00 5.23 36.06 -1.15 -0.00 0.00 0.00 46.57 -28.38 -72.01 -9.57 16.07 -1.35 0.00 0.00 12.21 -33.55 20.16 -12.87 7.12 -0.00 -0.00 -3.22 -6.24 -2.86
1.49 17.12 -10.89 351.50 -31.12 22.41 0.00 0.00 0.00 -22.78 0.52 -45.30 3.98 12.14 36.23 0.18 18.18 -27.23 0.22 -3.01 -8.30 0.00 0.00 0.00 35.49 -3.95 -25.47 -4.94 -13.32 40.57 4.24 -35.58 -27.91 -0.36 3.88 -10.73 7.28 2.67 -6.86 3.89 3.39 -9.79 0.09 1.29 -6.30 6.76 8.50 -10.83 -10.65 15.20 38.78 -3.27 5.82 17.64 0.00 0.00 0.00 -54.66 23.96 -38.54 14.41 -23.31 -2.99 -0.00 -0.00 44.42 34.21 0.99 0.67 -7.12 0.00 -0.00 6.09 31.14 -2.07 0.00 0.00 0.00 50.43 -26.44 -74.86 -9.61 16.12 -1.36 0.00 0.00 8.61 -33.46 19.37 -12.36 7.12 -0.00 -0.00 -3.29 -7.16 -2.86
1.38 16.93 -10.51 351.51 -25.65 21.07 0.00 0.00 0.00 -22.82 -0.61 -43.76 4.42 12.70 38.27 0.95 15.32 -29.57 0.02 -0.98 -2.70 0.00 0.00 0.00 33.96 -4.15 -27.10 -6.81 -15.17 48.16 5.03 -36.30 -10.76 -2.16 9.19 -26.38 7.63 2.85 -7.20 3.83 3.56 -8.81 -0.14 1.42 -5.00 4.58 6.72 -12.06 -8.51 12.40 40.50 -2.48 4.55 18.07 -0.00 -0.00 0.00 -58.33 23.88 -40.51 13.30 -21.73 -2.56 -0.00 -0.00 45.70 33.59 3.23 2.14 -7.12 0.00 -0.00 5.72 33.81 -1.58 -0.00 -0.00 0.00 53.54 -22.94 -76.66 -9.65 16.19 -1.37 0.00 0.00 5.22 -33.39 18.49 -11.81 7.12 -0.00 -0.00 -3.37 -8.18 -2.87
1.30 16.78 -10.20 351.77 -21.27 19.67 0.00 0.00 0.00 -23.95 -0.25 -42.04 4.53 12.84 38.77 1.52 13.58 -31.63 0.02 -0.92 -2.53 0.00 0.00 0.00 30.45 -2.96 -30.33 -9.32 -17.01 57.19 3.50 -33.03 -0.38 -0.02 -0.97 2.68 7.70 2.87 -6.25 3.73 3.69 -8.34 -0.32 1.50 -5.02 3.27 5.09 -11.42 -7.42 9.82 40.90 -2.26 3.47 17.62 -0.00 -0.00 0.00 -62.53 25.33 -41.79 12.27 -20.22 -2.20 -0.00 -0.00 47.37 34.00 4.64 3.12 -7.12 0.00 -0.00 6.13 35.51 -1.44 -0.00 -0.00 0.00 55.91 -18.81 -79.44 -9.72 16.31 -1.40 0.00 0.00 4.30 -34.09 18.72 -12.26 7.12 -0.00 -0.00 -3.79 -7.77 -3.25
1.25 16.61 -9.93 351.04 -17.71 18.27 0.00 0.00 0.00 -23.37 -0.44 -40.17 4.84 13.20 40.11 2.31 11.89 -34.92 0.00 0.22 0.61 0.00 0.00 0.00 28.18 -2.26 -35.01 -11.54 -18.19 64.52 1.14 -25.74 9.77 -1.36 7.37 -20.82 8.73 2.74 -4.19 4.02 3.73 -7.81 -0.67 1.47 -5.58 2.75 3.96 -10.20 -6.68 7.90 40.84 -2.19 2.76 17.00 -0.00 -0.00 0.00 -67.58 27.82 -39.67 11.18 -18.56 -1.83 -0.00 -0.00 46.89 33.11 7.29 4.73 -7.12 0.00 -0.00 5.45 38.61 -0.86 -0.00 -0.00 0.00 58.54 -14.39 -76.47 -9.89 16.57 -1.44 0.00 -0.00 -0.98 -34.69 19.81 -13.20 7.12 -0.00 -0.00 -3.99 -6.37 -3.53
1.19 16.36 -9.75 351.13 -15.35 18.01 0.00 0.00 0.00 -22.95 -1.61 -41.22 5.83 14.26 44.29 2.87 9.70 -36.50 0.05 1.38 3.79 0.00 0.00 0.00 23.92 2.15 -41.55 -13.24 -18.87 69.85 2.58 -27.50 -5.34 -0.67 5.22 -14.54 8.42 2.62 -2.54 4.11 3.77 -7.42 -0.48 1.51 -6.12 2.78 3.11 -11.04 -6.30 6.51 41.78 -2.28 2.21 17.62 0.00 0.00 0.00 -72.81 29.68 -34.11 9.56 -16.04 -1.35 -0.00 -0.00 43.96 28.84 12.24 6.66 -7.12 0.00 -0.00 1.48 43.89 -0.04 0.00 0.00 0.00 61.91 -9.48 -72.68 -10.23 17.10 -1.54 0.00 -0.00 -5.36 -34.77 20.31 -13.55 7.12 -0.00 -0.00 -3.95 -5.77 -3.55
1.04 16.08 -9.59 352.63 -13.21 17.68 0.00 0.00 0.00 -23.73 -2.92 -43.12 7.10 15.42 49.27 3.18 9.01 -37.71 0.01 0.63 1.73 0.00 0.00 0.00 17.42 7.08 -48.37 -13.46 -18.94 70.54 2.67 -28.30 -18.80 -0.01 0.52 -1.43 6.85 2.28 -1.61 3.45 3.34 -6.96 -0.34 1.37 -6.20 2.56 2.22 -10.81 -5.16 4.69 41.71 -2.03 1.60 17.30 0.00 0.00 0.00 -76.53 30.33 -28.60 7.44 -12.65 -0.83 -0.00 -0.00 43.34 23.92 15.29 6.67 -7.12 0.00 -0.00 -3.52 46.60 -0.14 0.00 0.00 0.00 66.95 -5.89 -60.42 -11.37 18.85 -1.89 0.00 -0.00 -17.69 -35.00 19.95 -13.44 7.12 -0.00 -0.00 -4.16 -6.13 -3.70
0.90 15.93 -9.38 353.87 -10.78 17.11 0.00 0.00 0.00 -24.25 -4.17 -42.52 7.68 15.88 51.39 3.68 6.68 -38.96 0.07 1.70 4.68 0.00 0.00 0.00 11.81 9.77 -53.00 -11.65 -18.24 64.89 1.06 -25.88 -29.71 -0.00 0.21 -0.58 5.64 1.66 -0.24 3.04 2.57 -6.34 -0.11 1.05 -6.38 2.51 1.71 -11.24 -4.30 3.52 41.12 -1.80 1.22 16.96 0.00 0.00 0.00 -80.07 31.30 -10.22 6.90 -11.75 -0.71 -0.00 -0.00 33.53 15.06 22.71 5.93 -7.12 0.00 -0.00 -14.39 52.83 -2.82 0.00 0.00 0.00 70.70 -2.19 -52.41 -11.37 18.85 -1.89 0.00 -0.00 -21.11 -33.61 20.67 -13.20 7.12 -0.00 -0.00 -3.18 -5.64 -2.85
0.78 15.91 -9.16 355.08 -9.23 15.98 0.00 0.00 0.00 -25.12 -4.65 -39.97 7.52 15.76 50.83 3.67 6.94 -39.04 0.00 0.37 1.02 0.00 0.00 0.00 7.74 11.95 -55.33 -8.55 -16.51 54.53 1.35 -28.57 -32.57 -0.13 2.33 -6.41 4.18 1.11 2.02 2.76 1.88 -5.59 0.40 0.78 -6.93 2.22 1.51 -12.02 -3.66 3.01 40.51 -1.53 1.05 16.77 -0.00 0.00 0.00 -81.54 32.69 22.23 8.65 -14.60 -1.11 -0.00 -0.00 13.42 6.26 26.00 2.75 -7.12 0.00 -0.00 -24.76 54.35 -5.96 -0.00 0.00 0.00 74.28 -1.46 -34.33 -13.14 21.49 -2.50 0.00 -0.00 -31.43 -34.20 18.01 -11.86 7.12 -0.00 -0.00 -3.96 -8.56 -3.34
0.66 15.90 -8.90 356.29 -8.97 14.54 0.00 0.00 0.00 -26.26 -5.29 -36.38 7.28 15.56 49.91 3.84 7.93 -40.30 0.00 0.44 1.21 0.00 0.00 0.00 5.53 13.48 -56.54 -5.77 -14.20 44.05 2.93 -30.45 -23.61 -0.32 3.62 -10.02 2.44 1.04 3.62 2.37 1.70 -4.45 0.95 0.78 -6.67 2.22 1.25 -12.57 -3.35 2.45 39.59 -1.46 0.86 16.37 -0.00 0.00 0.00 -77.97 34.39 57.16 15.63 -25.02 -3.49 -0.00 0.00 -9.76 -0.02 29.31 -0.01 -7.12 0.00 -0.00 -33.15 56.02 -9.72 -0.00 0.00 0.00 76.61 -2.90 -15.98 -17.00 26.86 -4.09 0.00 -0.00 -45.23 -33.83 15.35 -10.06 7.12 -0.00 -0.00 -4.11 -11.73 -3.20
0.49 15.85 -8.62 358.25 -8.51 13.42 0.00 0.00 0.00 -28.01 -5.04 -33.77 7.07 15.39 49.15 3.79 9.25 -40.70 0.05 -1.43 -3.93 0.00 0.00 0.00 5.37 12.40 -59.02 -4.13 -12.33 36.91 3.60 -31.32 -12.96 -0.70 5.34 -14.89 -0.14 0.76 3.73 1.87 1.10 -2.97 1.93 0.59 -5.20 2.14 1.32 -13.44 -2.93 2.39 38.39 -1.25 0.88 15.95 -0.00 -0.00 0.00 -72.79 33.28 76.97 25.78 -36.99 -8.75 -0.00 0.00 -19.23 -1.62 29.41 -0.79 -7.12 0.00 -0.00 -34.73 55.79 -10.06 -0.00 -0.00 0.00 77.22 -4.14 -1.34 -21.50 32.40 -6.31 0.00 -0.00 -53.26 -31.08 12.93 -7.68 7.12 -0.00 -0.00 -2.57 -14.99 -1.82
0.31 15.85 -8.25 359.76 -7.22 12.15 0.00 0.00 0.00 -29.22 -3.91 -30.23 6.65 15.03 47.52 3.78 8.70 -40.40 0.11 -2.14 -5.89 0.00 0.00 0.00 6.05 11.50 -59.36 -3.18 -10.98 32.22 4.87 -36.41 -6.60 -0.41 4.10 -11.37 -1.99 0.16 4.54 1.53 0.15 -2.32 2.69 0.17 -4.96 2.02 1.45 -13.69 -2.44 2.40 37.93 -1.01 0.93 15.76 -0.00 0.00 0.00 -67.08 32.25 88.27 39.03 -47.48 -17.72 -0.00 0.00 -19.83 -8.10 28.71 -3.91 -7.12 0.00 -0.00 -40.07 53.97 -10.08 -0.00 0.00 0.00 76.04 -7.73 12.14 -27.44 38.60 -9.77 0.00 -0.00 -61.57 -30.94 10.58 -6.28 7.12 -0.00 -0.00 -2.72 -17.70 -1.76
0.11 15.85 -7.82 361.05 -5.57 10.64 0.00 0.00 0.00 -30.01 -2.80 -25.76 6.12 14.54 45.46 3.81 7.85 -40.11 0.27 -3.31 -9.15 0.00 0.00 0.00 6.19 11.57 -58.11 -2.76 -10.29 29.93 6.37 -39.69 -15.20 -0.28 -3.38 9.34 -3.41 -0.49 5.21 1.24 -0.84 -1.84 3.28 -0.29 -4.76 1.16 1.45 -12.33 -1.36 2.24 36.87 -0.43 0.90 14.88 0.00 -0.00 0.00 -61.04 30.01 97.72 54.03 -54.50 -29.43 -0.00 0.00 -20.20 -11.45 26.54 -5.17 -7.12 0.00 -0.00 -41.27 51.67 -7.91 0.00 -0.00 0.00 73.46 -11.67 21.59 -33.24 43.51 -13.59 0.00 -0.00 -68.83 -26.43 8.26 -4.08 7.12 -0.00 -0.00 0.31 -20.78 0.18
-0.10 15.87 -7.33 361.94 -3.61 9.81 0.00 0.00 0.00 -30.30 -1.82 -21.06 5.37 13.79 42.39 3.76 7.11 -39.55 0.48 -4.42 -12.27 0.00 0.00 0.00 4.61 14.12 -55.94 -2.51 -9.86 28.51 1.11 -30.51 -37.35 -4.60 -12.92 39.09 -4.25 -1.33 4.65 0.95 -2.01 -1.34 3.52 -0.89 -3.81 2.61 2.01 -12.63 -2.19 2.97 36.59 -0.91 1.30 14.88 0.00 0.00 0.00 -55.43 26.21 103.86 70.98 -58.59 -43.61 -0.00 0.00 -20.18 -15.30 22.96 -6.09 -7.12 0.00 -0.00 -41.88 48.23 -4.01 0.00 0.00 0.00 70.54 -14.01 28.05 -37.59 46.58 -16.67 0.00 -0.00 -72.77 -19.74 5.19 -1.86 7.12 -0.00 -0.00 5.18 -24.47 2.58
-0.30 15.93 -6.76 362.83 -1.73 10.16 0.00 0.00 0.00 -30.37 -1.13 -16.82 4.43 12.72 38.31 3.66 6.58 -38.82 0.47 -4.40 -12.20 0.00 0.00 0.00 1.11 19.23 -53.16 -2.20 -9.27 26.64 -4.75 -18.87 -50.12 -7.38 -15.64 50.29 -4.96 -2.14 2.37 0.78 -3.01 -1.05 3.69 -1.43 -2.11 2.52 2.29 -13.10 -2.00 3.33 36.30 -0.75 1.46 14.85 0.00 0.00 0.00 -50.96 21.15 106.90 86.89 -59.96 -57.30 -0.00 0.00 -22.22 -19.23 20.67 -7.02 -7.12 0.00 -0.00 -43.42 45.84 -1.12 0.00 0.00 0.00 66.90 -16.25 32.65 -41.00 48.65 -19.19 0.00 -0.00 -75.32 -12.26 3.57 -0.78 7.12 -0.00 -0.00 10.87 -26.30 5.01
-0.53 15.97 -6.11 364.01 0.53 11.73 0.00 0.00 0.00 -30.46 -1.42 -12.60 3.36 11.25 33.13 3.37 6.70 -37.47 0.94 -6.17 -17.28 0.00 0.00 0.00 -0.69 21.55 -52.23 -2.18 -9.23 26.52 -7.68 -10.37 -56.10 -9.40 -17.06 57.46 -5.84 -3.10 -1.10 0.54 -4.11 -1.36 3.78 -2.01 -0.34 1.64 2.42 -12.72 -0.96 3.38 35.00 -0.16 1.52 14.11 0.00 -0.00 0.00 -46.83 14.33 108.39 99.51 -59.66 -68.22 -0.00 0.00 -28.81 -24.96 19.42 -8.80 -7.12 0.00 -0.00 -46.71 44.04 1.46 0.00 -0.00 0.00 63.11 -18.70 36.02 -42.20 49.32 -20.09 0.00 -0.00 -74.23 -4.16 1.58 -0.11 7.12 -0.00 -0.00 17.18 -28.21 7.32
-0.75 16.01 -5.42 364.72 2.72 13.69 0.00 0.00 0.00 -29.90 -1.99 -8.08 2.28 9.43 27.14 2.89 7.68 -35.47 1.83 -8.49 -24.22 0.00 0.00 0.00 1.49 19.96 -52.51 -2.33 -9.53 27.46 -5.39 -20.95 -53.58 -8.64 -16.57 54.85 -5.85 -4.12 -1.96 0.64 -5.50 -4.51 3.94 -2.56 -2.97 0.99 2.72 -10.16 -0.61 3.92 35.64 0.14 1.73 13.82 0.00 -0.00 0.00 -43.18 10.80 109.27 108.82 -58.62 -76.23 -0.00 0.00 -36.92 -31.44 19.84 -11.72 -7.12 0.00 -0.00 -51.09 43.35 2.96 0.00 -0.00 0.00 57.67 -24.21 41.05 -41.86 49.13 -19.84 0.00 -0.00 -69.81 7.36 4.87 0.63 7.12 -0.00 -0.00 24.83 -24.88 13.32
-0.95 16.12 -4.74 364.40 4.36 15.81 0.00 0.00 0.00 -28.10 -2.74 -3.74 1.33 7.31 20.63 2.12 9.99 -32.54 2.86 -10.46 -30.48 0.00 0.00 0.00 2.56 21.20 -51.78 -2.30 -9.46 27.24 -6.56 -22.41 -58.02 -8.31 -16.34 53.66 -4.73 -4.73 -4.39 0.84 -6.22 -6.22 3.38 -2.92 -3.40 1.16 3.13 -9.95 -0.81 4.56 35.37 0.12 2.01 13.66 -0.00 -0.00 0.00 -39.49 4.04 106.55 114.07 -57.69 -80.68 -0.00 0.00 -44.57 -35.47 19.85 -13.60 -7.12 0.00 -0.00 -53.26 42.66 4.60 -0.00 -0.00 0.00 52.88 -26.29 44.82 -38.79 47.34 -17.55 0.00 -0.00 -67.71 12.97 5.92 1.36 7.12 -0.00 -0.00 28.29 -23.67 16.61
-1.12 16.22 -4.06 363.82 4.35 18.54 0.00 0.00 0.00 -26.52 -3.49 1.23 0.49 4.47 12.41 1.11 12.85 -28.29 2.90 -10.54 -30.74 0.00 0.00 0.00 4.51 21.43 -52.06 -2.23 -9.33 26.83 -5.22 -26.18 -56.39 -7.53 -15.76 50.85 -3.12 -4.84 -7.55 0.81 -6.32 -8.27 2.30 -3.00 -3.97 0.66 3.51 -7.78 0.26 4.83 33.13 0.58 2.25 12.18 -0.00 -0.00 0.00 -35.37 -2.10 101.44 115.59 -57.37 -81.97 -0.00 0.00 -47.79 -37.56 19.39 -14.32 -7.12 0.00 -0.00 -53.87 41.90 6.33 -0.00 -0.00 0.00 48.10 -28.34 48.47 -36.27 45.70 -15.71 0.00 -0.00 -66.39 16.50 5.86 1.73 7.12 -0.00 -0.00 30.51 -23.50 18.52
-1.29 16.34 -3.37 363.87 4.52 20.33 0.00 0.00 0.00 -25.05 -1.16 8.49 0.00 -0.00 -0.00 0.25 12.66 -20.89 3.52 -11.50 -33.98 0.00 0.00 0.00 7.03 19.99 -51.82 -2.26 -9.38 26.99 -3.30 -29.10 -52.85 -6.62 -15.00 47.41 -2.21 -4.85 -9.94 0.41 -6.34 -9.93 1.28 -3.05 -4.58 0.36 3.88 -6.15 1.31 5.10 30.54 0.96 2.50 10.78 -0.00 -0.00 0.00 -30.70 -9.09 95.23 113.74 -57.76 -80.40 -0.00 0.00 -48.46 -36.95 19.36 -14.00 -7.12 0.00 -0.00 -53.57 41.99 6.06 -0.00 -0.00 0.00 43.81 -29.98 50.79 -32.91 43.26 -13.36 0.00 -0.00 -63.43 21.26 7.13 2.76 7.12 -0.00 -0.00 32.96 -21.93 22.16
-1.43 16.52 -2.76 364.13 5.90 22.28 0.00 0.00 0.00 -23.90 -2.62 8.70 0.00 -0.00 -0.00 -0.03 12.57 -17.45 3.35 -11.25 -33.12 0.00 0.00 0.00 8.44 18.10 -52.03 -2.37 -9.59 27.66 -3.33 -27.95 -51.95 -6.34 -14.75 46.35 -1.10 -5.31 -11.75 0.17 -7.00 -11.64 0.32 -3.46 -5.60 -0.50 4.40 -5.03 2.80 5.55 27.83 1.57 2.82 9.47 0.00 0.00 0.00 -26.37 -15.86 88.75 107.07 -58.87 -74.72 -0.00 0.00 -47.38 -37.16 18.84 -13.75 -7.12 0.00 -0.00 -53.26 41.54 6.95 0.00 0.00 0.00 39.69 -30.63 51.76 -29.41 40.38 -11.02 0.00 -0.00 -59.39 24.02 3.76 1.67 7.12 -0.00 -0.00 35.44 -24.59 21.86
-1.60 16.68 -2.23 364.15 6.54 24.06 0.00 0.00 0.00 -22.63 -3.41 8.28 0.00 0.00 0.00 -0.33 13.45 -14.45 2.80 -10.36 -30.17 0.00 0.00 0.00 8.77 19.03 -51.44 -2.30 -9.47 27.27 -3.39 -29.12 -53.12 -5.93 -14.36 44.70 -0.84 -5.61 -12.73 0.18 -7.41 -13.37 0.19 -3.68 -7.04 -0.33 4.90 -4.32 3.45 6.10 25.48 1.73 3.18 8.49 0.00 0.00 0.00 -21.68 -21.66 82.19 98.00 -59.76 -66.92 -0.00 0.00 -45.06 -37.24 19.00 -13.90 -7.12 0.00 -0.00 -53.42 41.66 6.74 0.00 0.00 0.00 35.70 -30.75 51.96 -25.84 37.05 -8.79 0.00 -0.00 -54.88 25.62 4.17 2.00 7.12 -0.00 -0.00 36.16 -23.99 23.24
-1.73 16.81 -1.76 364.24 6.56 25.59 0.00 0.00 0.00 -21.98 -3.50 8.09 0.00 -0.00 -0.00 -0.92 17.66 -12.88 1.00 -6.37 -17.85 0.00 0.00 0.00 10.49 17.79 -51.32 -2.21 -9.30 26.73 -2.51 -29.80 -50.97 -5.44 -13.86 42.69 -0.55 -5.72 -13.88 -0.02 -7.59 -14.51 -0.23 -3.81 -7.80 -0.21 5.40 -3.96 4.24 6.64 22.37 1.90 3.53 7.34 0.00 0.00 0.00 -15.80 -27.48 75.42 87.14 -59.97 -57.52 -0.00 0.00 -41.26 -37.68 18.66 -13.88 -7.12 0.00 -0.00 -53.34 41.29 7.51 0.00 0.00 0.00 32.26 -30.01 50.54 -23.05 34.14 -7.16 0.00 -0.00 -49.67 26.55 3.83 1.91 7.12 -0.00 -0.00 36.73 -24.14 23.67
-1.86 16.90 -1.34 364.37 6.53 26.58 0.00 0.00 0.00 -21.49 -3.30 8.52 0.00 0.00 0.00 -1.53 22.44 -16.51 0.06 -1.54 -4.24 0.00 0.00 0.00 11.57 17.37 -50.67 -2.16 -9.18 26.37 -2.29 -29.81 -50.26 -5.04 -13.42 40.98 -0.79 -5.83 -13.98 0.04 -7.75 -15.94 0.05 -3.85 -9.39 -0.59 5.88 -2.69 5.03 7.25 19.59 2.12 3.85 6.16 0.00 0.00 0.00 -10.75 -32.71 70.05 74.81 -59.11 -46.88 -0.00 0.00 -36.78 -37.48 18.23 -13.49 -7.12 0.00 -0.00 -52.93 40.98 8.03 0.00 0.00 0.00 28.10 -29.75 49.26 -20.68 31.46 -5.88 0.00 -0.00 -43.51 27.53 4.43 2.31 7.12 -0.00 -0.00 37.03 -23.44 24.83
-2.00 16.98 -0.98 364.68 6.04 27.61 0.00 0.00 0.00 -21.39 -2.86 8.65 0.00 0.00 0.00 -1.63 25.82 -24.69 1.11 6.69 18.80 0.00 0.00 0.00 11.27 18.74 -49.66 -2.06 -8.99 25.76 -3.52 -28.26 -52.83 -5.28 -13.69 42.00 -1.46 -6.04 -14.18 0.03 -8.02 -17.03 0.44 -3.91 -10.52 -0.60 6.24 -2.92 5.63 7.69 17.93 2.29 4.11 5.63 0.00 0.00 0.00 -5.09 -36.51 63.10 62.11 -56.85 -36.10 -0.00 0.00 -30.96 -37.24 16.99 -12.52 -7.12 0.00 -0.00 -51.89 40.02 9.69 0.00 0.00 0.00 24.82 -28.74 46.96 -18.95 29.36 -5.01 0.00 -0.00 -37.38 27.20 3.73 1.91 7.12 -0.00 -0.00 37.09 -24.12 24.08
-2.09 17.05 -0.65 364.83 5.28 28.46 0.00 0.00 0.00 -21.52 -2.13 8.67 0.00 -0.00 -0.00 -1.06 28.39 -34.12 3.41 11.33 33.40 0.00 0.00 0.00 11.97 18.62 -48.87 -1.92 -8.70 24.86 -3.09 -28.53 -51.69 -4.98 -13.36 40.72 -1.67 -6.06 -14.85 -0.17 -8.04 -17.74 0.33 -3.91 -11.04 -0.19 6.67 -2.88 6.15 8.22 15.91 2.34 4.42 4.97 0.00 0.00 0.00 0.45 -40.64 55.34 51.27 -53.49 -27.19 -0.00 0.00 -23.63 -36.53 16.73 -12.04 -7.12 0.00 -0.00 -51.41 39.95 9.63 0.00 0.00 0.00 22.72 -27.10 42.81 -16.73 26.50 -3.97 0.00 -0.00 -30.69 26.29 4.21 2.08 7.12 -0.00 -0.00 36.48 -23.85 23.75
-2.17 17.10 -0.37 364.52 5.08 28.97 0.00 0.00 0.00 -20.98 -1.67 8.70 0.00 0.00 0.00 3.67 19.52 -46.56 6.14 14.56 45.54 0.00 0.00 0.00 13.13 18.49 -48.01 -1.82 -8.48 24.17 -2.79 -28.89 -51.04 -4.56 -12.87 38.87 -1.36 -6.09 -14.70 -0.11 -8.15 -18.63 0.31 -3.99 -12.29 -0.45 7.02 -2.65 7.05 8.67 14.12 2.60 4.65 4.32 -0.00 -0.00 0.00 4.51 -43.11 46.85 42.32 -49.38 -20.18 -0.00 0.00 -16.58 -34.71 15.85 -10.72 -7.12 0.00 -0.00 -49.99 39.60 9.76 -0.00 -0.00 0.00 20.44 -26.13 38.88 -15.04 24.20 -3.24 0.00 -0.00 -25.11 24.05 5.54 2.47 7.12 -0.00 -0.00 34.92 -23.00 23.06
-2.22 17.14 -0.15 364.56 4.40 29.45 0.00 0.00 0.00 -20.87 -1.13 8.12 0.00 -0.00 -0.00 6.01 13.19 -51.54 7.44 15.69 50.51 0.00 0.00 0.00 12.57 19.99 -47.06 -1.75 -8.34 23.74 -2.96 -29.36 -52.02 -4.48 -12.78 38.53 -1.36 -5.84 -14.60 -0.52 -7.88 -18.98 -0.08 -3.88 -12.88 -0.49 7.15 -4.22 8.18 8.75 12.97 2.98 4.76 4.17 0.00 0.00 0.00 9.69 -45.89 36.93 35.78 -45.36 -15.36 -0.00 0.00 -9.53 -31.89 15.49 -9.43 -7.12 0.00 -0.00 -48.35 39.82 8.73 0.00 0.00 0.00 19.28 -25.45 33.60 -13.40 21.87 -2.60 0.00 -0.00 -20.91 21.00 6.36 2.44 7.12 -0.00 -0.00 33.02 -22.64 21.54
-2.28 17.18 0.03 364.58 4.19 29.82 0.00 0.00 0.00 -20.47 -0.94 7.65 0.00 0.00 0.00 6.59 12.50 -53.26 7.55 15.78 50.94 0.00 0.00 0.00 12.10 21.32 -46.03 -1.69 -8.18 23.27 -4.44 -27.24 -54.82 -4.93 -13.30 40.50 -1.63 -5.77 -14.15 -0.93 -7.84 -19.18 -0.32 -3.85 -13.43 -0.52 7.07 -6.16 9.41 8.51 12.16 3.41 4.73 4.20 0.00 0.00 0.00 15.46 -48.38 26.53 30.97 -41.71 -12.05 -0.00 0.00 -3.75 -27.29 16.02 -8.11 -7.12 0.00 -0.00 -46.05 41.00 6.09 0.00 0.00 0.00 18.72 -25.19 28.05 -12.15 20.03 -2.15 0.00 -0.00 -17.12 17.97 7.28 2.35 7.12 -0.00 -0.00 31.04 -22.12 20.17
-2.32 17.19 0.17 364.95 4.03 30.47 0.00 0.00 0.00 -20.42 -1.12 6.81 0.00 0.00 0.00 6.11 16.15 -53.32 7.44 15.69 50.52 0.00 0.00 0.00 11.35 21.99 -46.00 -1.69 -8.20 23.31 -4.66 -27.17 -55.44 -4.74 -13.08 39.68 -2.18 -5.90 -13.95 -1.32 -8.08 -19.91 -0.39 -3.92 -14.54 0.05 7.30 -5.14 10.08 8.83 10.60 3.43 4.89 3.54 0.00 0.00 0.00 19.44 -50.81 17.93 27.18 -38.35 -9.61 -0.00 -0.00 0.41 -22.67 17.39 -7.12 -7.12 0.00 -0.00 -43.86 42.76 3.10 0.00 0.00 0.00 17.24 -25.59 25.13 -11.60 19.21 -1.97 0.00 -0.00 -14.36 15.99 6.78 1.94 7.12 -0.00 -0.00 29.97 -22.71 18.73
-2.31 17.18 0.26 365.00 4.08 30.57 0.00 0.00 0.00 -20.09 -1.17 6.38 0.00 -0.00 -0.00 6.41 17.25 -54.86 7.16 15.47 49.49 0.00 0.00 0.00 11.09 22.47 -45.76 -1.73 -8.28 23.58 -5.85 -25.59 -57.81 -5.10 -13.49 41.25 -1.91 -5.92 -13.08 -1.77 -8.25 -20.18 -0.91 -4.07 -15.55 -0.23 7.28 -5.52 11.27 8.82 9.03 3.79 4.90 3.06 -0.00 -0.00 0.00 24.15 -52.93 7.15 24.28 -35.46 -7.87 -0.00 -0.00 5.10 -19.44 18.07 -6.25 -7.12 0.00 -0.00 -41.96 43.75 1.61 -0.00 -0.00 0.00 16.27 -25.37 20.93 -10.86 18.07 -1.73 0.00 -0.00 -9.87 15.21 6.87 1.86 7.12 -0.00 -0.00 29.48 -22.69 18.33
-2.30 17.17 0.32 364.87 4.07 30.95 0.00 0.00 0.00 -19.69 -1.14 5.73 0.00 0.00 0.00 6.28 18.12 -54.88 7.51 15.75 50.78 0.00 0.00 0.00 10.82 23.21 -46.09 -1.78 -8.40 23.92 -5.94 -26.24 -58.48 -5.00 -13.38 40.82 -1.19 -5.85 -12.49 -2.35 -8.29 -20.18 -1.87 -4.26 -16.16 0.34 7.37 -5.73 11.12 9.13 6.15 3.95 4.95 2.46 -0.00 -0.00 0.00 30.66 -54.72 -5.51 21.76 -32.70 -6.45 -0.00 -0.00 9.84 -16.11 18.90 -5.35 -7.12 0.00 -0.00 -39.95 44.87 0.16 -0.00 -0.00 0.00 16.10 -24.79 14.71 -9.86 16.53 -1.44 0.00 -0.00 -5.34 15.22 7.56 2.05 7.12 -0.00 -0.00 29.32 -22.06 18.71
-2.31 17.15 0.32 365.24 3.61 31.38 0.00 0.00 0.00 -19.95 -0.96 5.14 0.00 -0.00 -0.00 6.85 17.58 -56.41 7.37 15.63 50.25 0.00 0.00 0.00 9.79 23.96 -46.77 -1.85 -8.55 24.41 -6.90 -24.65 -60.22 -5.36 -13.78 42.36 -1.55 -6.31 -11.68 -2.26 -8.99 -20.47 -1.45 -4.54 -17.02 -1.63 7.96 -6.50 13.69 10.03 5.30 4.67 5.45 1.84 0.00 0.00 0.00 35.23 -55.00 -16.43 19.95 -30.59 -5.51 -0.00 -0.00 13.45 -15.19 18.49 -4.92 -7.12 0.00 -0.00 -39.00 44.66 0.40 0.00 0.00 0.00 14.64 -23.23 12.49 -9.52 15.99 -1.34 0.00 -0.00 -3.14 14.91 6.45 1.71 7.12 -0.00 -0.00 29.39 -23.09 17.94
-2.29 17.14 0.37 365.06 3.40 32.11 0.00 0.00 0.00 -19.93 -0.82 4.30 0.00 0.00 0.00 6.60 19.72 -56.71 7.20 15.50 49.64 0.00 0.00 0.00 9.51 24.30 -47.45 -1.87 -8.58 24.50 -6.93 -24.64 -60.28 -5.25 -13.66 41.90 -1.25 -6.33 -11.96 -2.52 -9.08 -20.61 -1.91 -4.67 -17.17 -1.47 8.04 -6.45 13.87 10.27 3.68 4.65 5.51 1.33 0.00 0.00 0.00 40.15 -56.03 -26.14 18.50 -28.79 -4.79 -0.00 -0.00 13.45 -11.70 19.44 -3.94 -7.12 0.00 -0.00 -36.77 45.89 -0.94 0.00 0.00 0.00 14.33 -22.48 6.19 -8.87 14.95 -1.17 0.00 0.00 2.23 14.75 6.35 1.67 7.12 -0.00 -0.00 29.31 -23.19 17.80
-2.29 17.12 0.37 364.82 3.15 32.57 0.00 0.00 0.00 -19.82 -0.50 3.78 0.00 -0.00 -0.00 6.81 18.59 -56.79 6.97 15.31 48.76 0.00 0.00 0.00 9.45 24.68 -47.71 -1.79 -8.40 23.95 -6.35 -26.31 -59.65 -4.74 -13.09 39.70 -1.25 -6.34 -11.19 -2.73 -9.20 -20.76 -2.05 -4.74 -17.94 -1.88 8.10 -8.03 14.83 10.32 3.70 5.08 5.61 1.52 0.00 0.00 0.00 45.37 -56.53 -34.59 17.58 -27.62 -4.36 -0.00 -0.00 13.93 -13.50 18.90 -4.45 -7.12 0.00 -0.00 -37.90 45.21 -0.24 0.00 0.00 0.00 13.83 -22.41 3.98 -8.69 14.66 -1.12 0.00 0.00 3.57 14.70 6.03 1.58 7.12 -0.00 -0.00 29.36 -23.47 17.60
-2.28 17.11 0.38 364.98 2.88 32.75 0.00 0.00 0.00 -20.13 -0.25 3.70 0.00 -0.00 -0.00 7.26 16.21 -57.07 7.04 15.37 49.03 0.00 0.00 0.00 9.06 24.79 -47.99 -1.81 -8.45 24.10 -6.84 -25.00 -60.24 -5.00 -13.39 40.83 -1.63 -6.38 -10.63 -2.88 -9.33 -21.03 -1.93 -4.76 -18.68 -2.43 8.08 -6.66 14.92 10.55 2.24 5.08 5.61 0.81 0.00 0.00 0.00 48.29 -57.19 -39.48 17.01 -26.88 -4.09 -0.00 -0.00 14.34 -12.56 20.54 -4.47 -7.12 0.00 -0.00 -38.11 46.68 -1.85 0.00 0.00 0.00 12.50 -22.72 4.82 -8.88 14.97 -1.17 0.00 0.00 2.70 15.38 5.15 1.41 7.12 -0.00 -0.00 30.00 -24.22 17.49
-2.27 17.10 0.38 364.18 3.41 32.74 0.00 0.00 0.00 -19.07 -0.11 3.72 0.00 0.00 0.00 5.82 21.53 -55.27 6.61 14.99 47.37 0.00 0.00 0.00 10.13 24.74 -47.85 -1.78 -8.39 23.91 -6.69 -25.47 -60.08 -4.86 -13.23 40.22 -0.69 -6.41 -10.19 -2.95 -9.40 -20.70 -2.47 -4.94 -18.67 -2.25 7.97 -7.24 14.66 10.39 2.11 5.00 5.55 0.91 0.00 -0.00 0.00 52.39 -56.34 -42.98 16.68 -26.43 -3.94 -0.00 -0.00 14.40 -14.32 20.12 -5.02 -7.12 0.00 -0.00 -39.27 46.10 -1.27 0.00 -0.00 0.00 12.34 -22.31 4.34 -8.97 15.10 -1.19 0.00 0.00 2.39 16.35 4.27 1.25 7.12 -0.00 -0.00 30.82 -24.94 17.53
-2.26 17.09 0.36 364.06 3.55 33.57 0.00 0.00 0.00 -18.89 -0.28 2.94 0.00 -0.00 -0.00 6.69 16.94 -55.62 6.92 15.26 48.56 0.00 0.00 0.00 9.89 24.78 -48.84 -1.75 -8.32 23.68 -6.42 -26.08 -59.71 -4.73 -13.07 39.62 -0.58 -6.49 -10.43 -2.89 -9.52 -21.00 -2.45 -5.02 -18.99 -2.76 8.04 -7.00 14.80 10.50 2.40 5.11 5.61 0.91 -0.00 -0.00 0.00 53.52 -56.47 -44.87 16.58 -26.30 -3.90 -0.00 -0.00 14.91 -15.20 20.16 -5.35 -7.12 0.00 -0.00 -39.99 46.01 -1.19 -0.00 -0.00 0.00 11.64 -21.56 1.33 -8.71 14.69 -1.12 0.00 0.00 4.49 17.87 4.64 1.49 7.12 -0.00 -0.00 31.66 -24.48 18.60
-2.26 17.09 0.33 364.08 3.37 33.89 0.00 0.00 0.00 -18.90 -0.10 2.60 0.00 0.00 0.00 6.53 16.36 -54.82 7.08 15.40 49.19 0.00 0.00 0.00 9.61 24.94 -49.30 -1.73 -8.28 23.56 -6.42 -26.06 -59.68 -4.85 -13.21 40.15 -0.86 -6.47 -10.50 -3.13 -9.50 -20.71 -2.61 -5.00 -18.52 -2.62 7.93 -7.43 14.46 10.38 2.17 5.01 5.54 0.95 0.00 0.00 0.00 55.98 -56.49 -49.38 15.97 -25.48 -3.63 -0.00 -0.00 15.54 -16.02 20.00 -5.61 -7.12 0.00 -0.00 -40.54 45.76 -0.92 0.00 0.00 0.00 11.67 -21.37 1.63 -8.80 14.84 -1.15 0.00 0.00 3.23 18.01 3.64 1.18 7.12 -0.00 -0.00 32.01 -25.36 18.08
-2.26 17.08 0.31 364.43 3.50 34.33 0.00 0.00 0.00 -19.04 -0.34 2.35 0.00 0.00 0.00 6.91 13.78 -54.90 7.04 15.37 49.04 0.00 0.00 0.00 9.10 24.66 -50.01 -1.77 -8.37 23.84 -6.60 -25.09 -59.62 -5.07 -13.46 41.13 -1.20 -6.53 -10.52 -3.30 -9.61 -20.85 -2.61 -5.02 -18.70 -2.60 7.83 -6.38 13.95 10.29 1.95 4.79 5.44 0.75 -0.00 -0.00 0.00 55.97 -56.51 -48.31 15.85 -25.32 -3.58 -0.00 -0.00 13.47 -15.67 20.99 -5.74 -7.12 0.00 -0.00 -40.88 46.61 -1.95 -0.00 -0.00 0.00 11.02 -21.13 2.04 -8.79 14.83 -1.15 0.00 0.00 3.56 18.72 2.84 0.96 7.12 -0.00 -0.00 32.67 -26.01 17.99
-2.25 17.08 0.29 364.35 3.72 34.33 0.00 0.00 0.00 -18.59 -0.26 2.55 0.00 -0.00 -0.00 6.95 13.54 -54.93 6.71 15.08 47.77 0.00 0.00 0.00 9.23 24.46 -50.10 -1.79 -8.40 23.95 -6.78 -24.37 -59.71 -5.16 -13.56 41.51 -1.10 -6.52 -10.33 -3.35 -9.59 -20.64 -2.72 -5.02 -18.55 -2.95 7.72 -6.50 14.06 10.14 2.28 4.89 5.38 0.85 -0.00 -0.00 0.00 55.87 -56.21 -47.65 15.70 -25.11 -3.52 -0.00 -0.00 13.11 -16.63 20.79 -6.05 -7.12 0.00 -0.00 -41.50 46.31 -1.62 -0.00 -0.00 0.00 10.82 -20.12 -2.14 -8.33 14.08 -1.03 0.00 0.00 7.48 20.14 3.17 1.16 7.12 -0.00 -0.00 33.42 -25.57 19.02
-2.23 17.09 0.27 364.52 3.93 34.48 0.00 0.00 0.00 -18.49 -0.42 2.43 0.00 -0.00 -0.00 6.73 15.53 -55.07 6.37 14.78 46.45 0.00 0.00 0.00 9.02 24.13 -50.46 -1.81 -8.46 24.11 -6.74 -24.28 -59.55 -5.16 -13.56 41.52 -1.07 -6.56 -10.31 -3.38 -9.65 -20.55 -2.76 -5.06 -18.45 -3.22 7.60 -5.94 13.86 10.04 1.97 4.84 5.29 0.67 -0.00 -0.00 0.00 54.73 -55.54 -45.98 15.87 -25.34 -3.59 -0.00 -0.00 14.80 -18.22 20.43 -6.55 -7.12 0.00 -0.00 -42.50 45.81 -1.04 -0.00 -0.00 0.00 10.06 -19.97 0.16 -8.67 14.63 -1.11 0.00 0.00 5.00 20.34 2.43 0.90 7.12 -0.00 -0.00 33.76 -26.21 18.66
-2.21 17.08 0.23 364.77 3.91 34.66 0.00 0.00 0.00 -18.62 -0.46 2.23 0.00 0.00 0.00 6.73 12.48 -53.74 7.13 15.44 49.35 0.00 0.00 0.00 8.58 23.93 -50.96 -1.84 -8.53 24.33 -6.71 -24.12 -59.38 -5.20 -13.60 41.68 -1.09 -6.51 -10.12 -3.52 -9.59 -20.46 -2.90 -5.05 -18.47 -3.37 7.40 -6.29 14.04 9.74 2.40 4.94 5.17 0.87 0.00 0.00 0.00 54.34 -55.30 -46.61 15.84 -25.30 -3.58 -0.00 -0.00 15.72 -18.86 20.45 -6.81 -7.12 0.00 -0.00 -43.00 45.73 -0.96 0.00 0.00 0.00 9.39 -19.74 1.36 -8.80 14.84 -1.15 0.00 0.00 4.09 20.24 2.16 0.80 7.12 -0.00 -0.00 33.78 -26.46 18.43
-2.20 17.08 0.20 364.41 4.09 34.90 0.00 0.00 0.00 -18.07 -0.37 1.75 0.00 -0.00 -0.00 6.42 16.12 -54.33 6.64 15.02 47.49 0.00 0.00 0.00 8.91 23.96 -51.10 -1.76 -8.36 23.80 -6.43 -24.89 -59.04 -5.04 -13.42 40.97 -0.54 -6.42 -9.98 -3.41 -9.48 -20.52 -3.05 -5.06 -18.71 -3.70 7.32 -6.07 14.38 9.62 2.59 5.09 5.12 0.86 0.00 0.00 0.00 53.43 -54.56 -44.96 15.82 -25.27 -3.57 -0.00 -0.00 14.31 -17.77 20.63 -6.44 -7.12 0.00 -0.00 -42.29 46.02 -1.31 0.00 0.00 0.00 8.99 -18.81 -1.81 -8.65 14.61 -1.11 0.00 0.00 6.90 20.54 2.13 0.80 7.12 -0.00 -0.00 33.96 -26.45 18.58
-2.18 17.08 0.19 364.89 3.43 35.10 0.00 0.00 0.00 -18.85 -0.07 1.39 0.00 -0.00 -0.00 5.82 17.81 -53.19 6.69 15.07 47.69 0.00 0.00 0.00 7.93 24.15 -51.63 -1.80 -8.44 24.05 -6.39 -24.93 -58.94 -5.01 -13.40 40.88 -1.27 -6.29 -9.95 -3.59 -9.32 -20.45 -2.89 -4.89 -18.52 -3.28 6.91 -6.66 14.10 8.93 3.63 5.00 4.83 1.36 -0.00 -0.00 0.00 52.49 -53.73 -43.80 16.07 -25.62 -3.68 -0.00 -0.00 13.68 -17.23 21.00 -6.34 -7.12 0.00 -0.00 -42.11 46.39 -1.76 -0.00 -0.00 0.00 8.56 -18.04 -5.90 -8.41 14.22 -1.05 0.00 0.00 10.17 20.42 2.56 0.95 7.12 -0.00 -0.00 33.77 -26.09 18.79
-2.15 17.08 0.18 364.70 3.58 34.96 0.00 0.00 0.00 -18.70 0.10 1.52 0.00 0.00 0.00 5.71 18.68 -53.30 6.50 14.90 46.98 0.00 0.00 0.00 8.20 24.00 -51.45 -1.80 -8.44 24.06 -6.48 -24.65 -59.03 -5.07 -13.46 41.11 -0.72 -6.20 -9.71 -3.42 -9.18 -20.40 -2.96 -4.88 -18.64 -3.10 6.50 -5.79 13.72 8.36 3.71 4.81 4.51 1.32 0.00 0.00 0.00 50.39 -52.63 -41.77 17.07 -26.95 -4.12 -0.00 -0.00 13.27 -16.67 21.27 -6.20 -7.12 0.00 -0.00 -41.84 46.69 -2.11 0.00 0.00 0.00 8.05 -16.98 -9.24 -8.34 14.11 -1.03 0.00 0.00 13.44 19.35 2.28 0.80 7.12 -0.00 -0.00 33.21 -26.44 18.00
-2.12 17.08 0.17 364.86 3.24 35.08 0.00 0.00 0.00 -19.19 0.35 1.31 0.00 -0.00 -0.00 6.00 17.40 -53.58 6.53 14.93 47.09 0.00 0.00 0.00 7.73 24.08 -51.71 -1.81 -8.45 24.09 -6.54 -24.81 -59.31 -4.95 -13.33 40.61 -0.71 -6.30 -9.76 -3.48 -9.31 -20.16 -3.04 -4.96 -18.28 -2.55 6.00 -5.10 13.87 7.74 2.72 4.72 4.15 0.98 0.00 0.00 0.00 47.54 -50.55 -39.70 19.07 -29.50 -5.06 -0.00 -0.00 14.35 -14.31 19.91 -4.97 -7.12 0.00 -0.00 -39.14 45.93 -1.07 0.00 0.00 0.00 9.51 -15.01 -15.86 -8.14 13.78 -0.99 0.00 0.00 19.18 16.17 3.39 0.98 7.12 -0.00 -0.00 30.95 -25.74 16.92
-2.10 17.09 0.15 364.85 3.19 35.29 0.00 0.00 0.00 -19.33 0.42 0.92 0.00 -0.00 -0.00 5.43 17.65 -51.79 7.01 15.34 48.91 0.00 0.00 0.00 7.58 24.02 -51.95 -1.78 -8.40 23.92 -6.16 -25.52 -58.65 -4.87 -13.23 40.24 -0.36 -6.28 -9.81 -3.51 -9.29 -20.00 -3.27 -5.01 -18.10 -2.63 5.10 -5.18 14.83 6.50 2.76 5.02 3.55 1.08 -0.00 -0.00 0.00 42.54 -49.76 -38.98 21.05 -31.89 -6.08 -0.00 -0.00 15.73 -9.53 18.01 -2.97 -7.12 0.00 -0.00 -34.22 44.98 0.02 -0.00 -0.00 0.00 11.91 -14.42 -17.97 -8.49 14.35 -1.07 0.00 0.00 18.67 10.66 3.29 0.62 7.12 -0.00 -0.00 27.39 -26.17 14.09
-2.08 17.09 0.16 365.00 3.48 35.10 0.00 0.00 0.00 -19.32 0.31 1.20 0.00 0.00 0.00 5.32 20.24 -52.90 6.37 14.78 46.44 0.00 0.00 0.00 7.72 23.58 -51.72 -1.79 -8.41 23.95 -6.30 -24.96 -58.72 -5.12 -13.52 41.33 -0.18 -6.18 -9.49 -3.42 -9.11 -19.64 -3.26 -4.93 -17.76 -3.69 3.12 -6.67 15.24 3.66 4.45 5.36 2.26 2.06 0.00 0.00 0.00 35.62 -49.37 -36.36 22.16 -33.16 -6.67 -0.00 -0.00 16.42 4.51 15.84 1.23 -7.12 0.00 -0.00 -21.33 44.74 0.14 0.00 0.00 0.00 14.69 -16.53 -9.61 -10.31 17.22 -1.56 0.00 0.00 6.94 3.72 4.43 0.29 7.12 -0.00 -0.00 22.40 -25.38 11.49
-2.05 17.10 0.16 364.68 4.21 35.18 0.00 0.00 0.00 -18.70 -0.01 1.12 0.00 0.00 0.00 5.08 20.54 -52.31 6.51 14.91 47.01 0.00 0.00 0.00 8.38 23.04 -51.62 -1.73 -8.28 23.57 -6.20 -25.16 -58.54 -5.06 -13.45 41.10 0.95 -6.04 -9.54 -3.29 -8.87 -19.29 -3.75 -4.96 -17.39 -4.93 0.99 -7.83 16.17 0.60 6.25 5.81 0.86 3.08 0.00 0.00 0.00 26.43 -48.04 -29.93 23.74 -34.89 -7.56 -0.00 -0.00 16.38 17.01 12.98 3.93 -7.12 0.00 -0.00 -9.38 43.33 0.39 0.00 0.00 0.00 19.52 -18.04 -7.18 -12.05 19.88 -2.12 0.00 -0.00 -0.42 -5.49 9.30 -0.89 7.12 -0.00 -0.00 15.28 -20.77 9.20
-2.04 17.09 0.17 364.52 4.56 35.33 0.00 0.00 0.00 -18.42 -0.11 1.02 0.00 0.00 0.00 5.64 18.89 -53.18 6.52 14.91 47.03 0.00 0.00 0.00 8.66 22.79 -51.72 -1.72 -8.27 23.53 -6.08 -25.26 -58.28 -5.09 -13.48 41.21 1.59 -5.95 -9.84 -2.98 -8.67 -18.85 -3.82 -4.92 -16.61 -5.74 -1.60 -9.65 15.50 -3.08 8.78 5.59 -0.84 4.56 0.00 0.00 0.00 14.91 -45.46 -21.69 26.78 -37.97 -9.36 -0.00 -0.00 17.09 24.98 12.41 5.72 -7.12 0.00 -0.00 -2.08 43.61 0.07 0.00 0.00 0.00 25.54 -19.38 -6.00 -14.51 23.46 -3.03 0.00 -0.00 -8.78 -14.57 15.41 -3.95 7.12 -0.00 -0.00 8.79 -14.21 6.44
-2.02 17.09 0.18 365.00 4.60 35.43 0.00 0.00 0.00 -18.95 -0.31 0.99 0.00 -0.00 -0.00 5.37 19.99 -52.93 6.43 14.83 46.69 0.00 0.00 0.00 8.16 22.39 -52.01 -1.78 -8.38 23.89 -6.31 -24.40 -58.42 -5.14 -13.54 41.42 1.56 -6.01 -9.75 -2.75 -8.71 -18.77 -3.52 -4.90 -16.50 -7.06 -3.72 -9.94 15.21 -6.00 10.68 5.51 -2.27 5.54 -0.00 -0.00 0.00 2.22 -40.45 -10.58 31.01 -41.74 -12.08 -0.00 -0.00 16.40 28.58 12.29 6.62 -7.12 0.00 -0.00 1.24 43.91 -0.03 -0.00 -0.00 0.00 31.96 -19.98 -5.70 -16.13 25.69 -3.70 0.00 -0.00 -11.38 -22.44 20.71 -8.31 7.12 -0.00 -0.00 3.89 -7.78 3.34
-2.01 17.09 0.19 364.67 4.95 35.46 0.00 0.00 0.00 -18.49 -0.32 0.85 0.00 -0.00 -0.00 4.68 20.72 -51.06 6.82 15.18 48.18 0.00 0.00 0.00 8.70 22.24 -51.88 -1.74 -8.31 23.65 -6.17 -24.67 -58.18 -5.06 -13.46 41.10 2.54 -6.05 -9.57 -2.23 -8.71 -18.48 -3.46 -4.98 -16.28 -8.50 -5.57 -10.61 15.15 -8.53 12.48 5.50 -3.48 6.58 0.00 0.00 0.00 -8.60 -33.95 -1.79 34.28 -44.29 -14.31 -0.00 -0.00 15.60 26.90 11.27 5.66 -7.12 0.00 -0.00 -0.21 42.58 0.01 0.00 0.00 0.00 38.84 -18.78 -6.88 -16.34 25.98 -3.79 0.00 -0.00 -8.72 -26.65 22.84 -11.02 7.12 -0.00 -0.00 1.47 -4.76 1.34
-1.99 17.10 0.18 364.43 5.16 35.46 0.00 0.00 0.00 -18.35 -0.24 0.78 0.00 -0.00 -0.00 5.47 19.23 -52.83 6.62 15.00 47.42 0.00 0.00 0.00 9.06 22.11 -51.78 -1.70 -8.22 23.39 -5.98 -25.21 -57.96 -4.91 -13.28 40.44 3.57 -6.04 -9.23 -1.86 -8.66 -18.01 -3.58 -5.05 -15.96 -10.04 -7.39 -11.39 15.14 -10.97 14.13 5.46 -4.65 7.64 0.00 0.00 0.00 -17.92 -27.33 5.62 34.70 -44.59 -14.60 -0.00 -0.00 14.71 24.03 11.53 5.09 -7.12 0.00 -0.00 -2.83 42.56 0.17 0.00 0.00 0.00 46.22 -17.34 -8.09 -16.26 25.87 -3.76 0.00 -0.00 -8.57 -28.17 24.17 -12.37 7.12 -0.00 -0.00 0.72 -3.00 0.68
-2.00 17.08 0.19 364.50 4.77 35.84 0.00 0.00 0.00 -18.66 0.01 0.24 0.00 -0.00 -0.00 5.24 20.25 -52.66 6.55 14.94 47.13 0.00 0.00 0.00 8.64 22.42 -52.26 -1.72 -8.26 23.51 -6.44 -23.90 -58.49 -5.07 -13.46 41.13 3.81 -6.01 -8.88 -1.59 -8.59 -17.90 -3.38 -5.02 -15.99 -10.56 -8.71 -12.08 14.37 -12.76 15.74 5.03 -5.51 8.52 -0.00 -0.00 0.00 -26.82 -20.20 11.78 33.90 -44.01 -14.04 -0.00 -0.00 12.28 16.33 12.16 3.53 -7.12 0.00 -0.00 -9.81 42.43 0.63 -0.00 -0.00 0.00 53.22 -15.40 -9.35 -14.71 23.74 -3.11 0.00 -0.00 -7.77 -29.06 25.04 -13.24 7.12 -0.00 -0.00 0.31 -1.85 0.30
-1.99 17.08 0.21 364.57 4.48 36.17 0.00 0.00 0.00 -18.94 0.24 -0.10 0.00 0.00 0.00 5.10 21.39 -52.89 6.37 14.78 46.46 0.00 0.00 0.00 8.31 22.58 -52.56 -1.73 -8.28 23.57 -6.40 -23.96 -58.42 -4.88 -13.24 40.28 4.13 -5.91 -8.78 -1.22 -8.40 -17.56 -3.15 -4.91 -15.55 -11.46 -9.69 -12.65 13.86 -13.87 16.31 4.82 -6.09 9.00 -0.00 -0.00 0.00 -35.31 -12.96 16.62 33.25 -43.52 -13.59 -0.00 -0.00 9.94 9.27 14.63 2.36 -7.12 0.00 -0.00 -16.72 44.13 0.37 -0.00 -0.00 0.00 59.44 -13.35 -11.67 -13.14 21.50 -2.51 0.00 -0.00 -3.23 -27.15 24.90 -12.18 7.12 -0.00 -0.00 1.45 -2.44 1.38
-1.98 17.08 0.24 364.01 5.05 36.28 0.00 0.00 0.00 -18.12 0.21 -0.23 0.00 -0.00 -0.00 5.13 18.63 -51.32 7.08 15.40 49.16 0.00 0.00 0.00 9.20 22.46 -52.41 -1.68 -8.17 23.24 -6.41 -23.93 -58.44 -4.90 -13.27 40.37 5.41 -5.88 -8.11 -0.78 -8.28 -17.18 -3.30 -4.97 -15.61 -11.38 -10.56 -12.79 12.81 -14.84 16.21 4.28 -6.62 9.02 0.00 0.00 0.00 -44.02 -8.54 16.60 28.75 -39.80 -10.60 -0.00 -0.00 14.47 6.57 14.50 1.65 -7.12 0.00 -0.00 -19.05 43.71 0.63 0.00 0.00 0.00 65.42 -10.78 -16.20 -11.08 18.41 -1.80 0.00 0.00 5.17 -25.96 24.95 -11.61 7.12 -0.00 -0.00 2.17 -2.63 2.07
-1.98 17.07 0.26 364.11 4.99 36.79 0.00 0.00 0.00 -18.27 0.17 -0.76 0.00 0.00 0.00 5.39 20.76 -53.44 6.39 14.80 46.53 0.00 0.00 0.00 8.88 22.51 -53.03 -1.70 -8.22 23.39 -6.40 -23.90 -58.39 -4.91 -13.28 40.44 5.59 -5.91 -7.68 -0.43 -8.26 -16.72 -3.00 -4.93 -15.23 -11.41 -11.21 -14.39 12.21 -15.45 16.29 3.90 -6.88 9.37 0.00 0.00 0.00 -52.08 -4.54 16.12 25.44 -36.65 -8.55 -0.00 -0.00 17.52 3.72 15.96 1.02 -7.12 0.00 -0.00 -22.07 44.76 0.14 0.00 0.00 0.00 70.51 -7.90 -19.26 -9.34 15.70 -1.29 0.00 0.00 12.88 -23.51 23.06 -9.67 7.12 -0.00 -0.00 3.45 -5.12 3.13
-1.99 17.06 0.29 364.44 4.58 37.28 0.00 0.00 0.00 -18.92 0.25 -1.29 0.00 -0.00 -0.00 5.38 18.22 -51.92 6.99 15.33 48.85 0.00 0.00 0.00 8.13 22.70 -53.81 -1.77 -8.37 23.85 -6.34 -23.74 -58.11 -5.09 -13.48 41.21 5.37 -5.92 -7.04 -0.20 -8.23 -16.67 -2.56 -4.86 -15.46 -11.46 -11.53 -14.61 11.65 -15.72 16.18 3.66 -7.06 9.36 0.00 -0.00 0.00 -59.32 -0.26 16.21 22.22 -33.22 -6.70 -0.00 -0.00 19.28 2.27 17.86 0.70 -7.12 0.00 -0.00 -24.12 46.33 -0.84 0.00 -0.00 0.00 74.90 -6.04 -21.18 -8.07 13.67 -0.97 0.00 0.00 18.49 -20.75 21.03 -7.74 7.12 -0.00 -0.00 4.99 -7.70 4.29
-1.97 17.06 0.33 363.90 5.20 37.42 0.00 0.00 0.00 -18.22 0.20 -1.29 0.00 0.00 0.00 6.30 17.29 -54.50 6.60 14.99 47.35 0.00 0.00 0.00 8.97 22.53 -53.83 -1.78 -8.39 23.91 -6.21 -23.91 -57.83 -5.17 -13.57 41.54 6.66 -6.03 -6.24 0.16 -8.29 -16.14 -2.78 -5.00 -15.46 -11.51 -11.85 -15.26 12.06 -16.09 15.55 3.71 -7.18 9.34 0.00 0.00 0.00 -65.77 2.21 13.67 19.14 -29.60 -5.10 -0.00 -0.00 21.89 0.99 17.09 0.29 -7.12 0.00 -0.00 -24.90 45.47 -0.31 0.00 0.00 0.00 79.16 -3.71 -22.55 -7.36 12.51 -0.81 0.00 0.00 22.14 -16.85 19.73 -5.84 7.12 -0.00 -0.00 7.41 -9.58 6.13
-1.97 17.05 0.37 363.72 4.97 37.73 0.00 0.00 0.00 -18.29 0.53 -1.62 0.00 -0.00 -0.00 5.78 18.49 -53.43 6.75 15.12 47.93 0.00 0.00 0.00 8.92 22.85 -54.08 -1.77 -8.37 23.86 -6.05 -24.58 -57.77 -5.11 -13.51 41.29 6.79 -5.97 -5.32 0.44 -8.12 -15.83 -2.47 -4.89 -15.58 -11.38 -12.19 -15.21 12.22 -16.47 14.27 3.69 -7.36 8.95 0.00 0.00 0.00 -71.94 3.86 11.72 16.50 -26.20 -3.87 -0.00 -0.00 23.14 0.32 17.31 0.10 -7.12 0.00 -0.00 -25.58 45.59 -0.40 0.00 0.00 0.00 82.88 -1.50 -22.87 -6.90 11.76 -0.71 0.00 0.00 23.83 -13.55 18.16 -4.29 7.12 -0.00 -0.00 9.51 -11.53 7.52
-1.98 17.04 0.42 363.12 4.90 38.13 0.00 0.00 0.00 -17.80 0.98 -2.09 0.00 -0.00 -0.00 6.13 17.65 -54.12 6.80 15.16 48.12 0.00 0.00 0.00 9.37 23.38 -54.30 -1.76 -8.34 23.76 -6.10 -24.47 -57.85 -5.04 -13.43 40.98 7.29 -5.92 -4.81 0.83 -7.96 -15.38 -2.31 -4.81 -15.32 -10.95 -12.44 -15.72 12.15 -16.72 13.29 3.55 -7.46 8.69 0.00 0.00 0.00 -77.28 5.36 11.37 14.55 -23.51 -3.04 -0.00 -0.00 23.29 -0.93 17.82 -0.28 -7.12 0.00 -0.00 -26.89 45.89 -0.64 0.00 0.00 0.00 86.36 0.38 -16.25 -6.93 11.81 -0.72 0.00 0.00 19.09 -11.08 16.00 -3.09 7.12 -0.00 -0.00 11.13 -13.91 8.29
-1.98 17.02 0.47 362.51 5.03 38.60 0.00 0.00 0.00 -17.32 1.25 -2.58 0.00 -0.00 -0.00 6.42 15.49 -54.03 7.05 15.38 49.08 0.00 0.00 0.00 9.85 23.77 -54.71 -1.78 -8.39 23.91 -6.12 -24.43 -57.90 -5.03 -13.42 40.97 8.13 -5.85 -4.10 1.20 -7.74 -14.94 -2.32 -4.76 -15.26 -11.31 -12.89 -16.03 13.01 -17.19 11.63 3.80 -7.66 8.37 -0.00 -0.00 0.00 -81.90 5.80 11.29 12.82 -21.02 -2.39 -0.00 -0.00 25.06 -2.29 17.63 -0.69 -7.12 0.00 -0.00 -27.97 45.56 -0.42 -0.00 -0.00 0.00 88.97 1.27 -0.15 -8.25 13.96 -1.01 0.00 0.00 8.25 -6.77 12.52 -1.48 7.12 -0.00 -0.00 14.15 -17.59 9.51
-1.98 17.00 0.53 362.75 4.22 38.67 0.00 0.00 0.00 -18.21 1.89 -2.46 0.00 0.00 0.00 6.16 16.66 -53.74 6.53 14.92 47.06 0.00 0.00 0.00 9.10 24.27 -55.09 -1.90 -8.66 24.74 -6.21 -24.12 -57.97 -4.95 -13.33 40.62 7.55 -5.79 -2.72 1.32 -7.56 -14.50 -1.78 -4.56 -15.42 -11.65 -13.34 -16.40 13.67 -17.63 10.26 3.98 -7.84 8.13 0.00 0.00 0.00 -85.76 5.40 14.99 11.63 -19.24 -1.98 -0.00 -0.00 24.18 -3.59 18.01 -1.11 -7.12 0.00 -0.00 -29.27 45.73 -0.58 0.00 0.00 0.00 90.58 1.87 10.45 -10.30 17.21 -1.56 0.00 0.00 7.63 2.69 13.64 0.63 7.12 -0.00 -0.00 20.35 -16.79 14.56
-1.96 16.98 0.62 361.37 4.81 38.66 0.00 0.00 0.00 -16.80 2.47 -2.36 0.00 -0.00 -0.00 6.21 14.89 -53.02 7.01 15.34 48.91 0.00 0.00 0.00 10.86 24.69 -54.49 -1.86 -8.57 24.46 -6.33 -23.92 -58.20 -4.77 -13.11 39.80 9.50 -5.51 -1.63 1.74 -6.92 -13.85 -2.37 -4.43 -15.50 -11.03 -13.70 -17.52 13.54 -17.98 9.12 3.75 -7.98 7.91 0.00 0.00 0.00 -88.99 5.36 22.92 11.56 -19.14 -1.96 -0.00 -0.00 22.08 -1.94 15.88 -0.53 -7.12 0.00 -0.00 -26.89 44.04 0.69 0.00 0.00 0.00 91.30 2.47 21.17 -13.22 21.61 -2.53 0.00 0.00 3.66 9.79 15.84 2.69 7.12 -0.00 -0.00 24.51 -14.74 19.36
-1.95 16.98 0.67 361.41 5.63 39.81 0.00 0.00 0.00 -16.51 1.59 -3.40 0.00 -0.00 -0.00 6.80 11.99 -53.77 7.30 15.58 49.99 0.00 0.00 0.00 10.89 24.19 -55.63 -1.84 -8.52 24.30 -6.38 -23.72 -58.22 -4.78 -13.13 39.86 10.19 -5.67 -0.84 2.47 -6.89 -14.34 -1.77 -4.46 -16.66 -12.14 -13.84 -17.43 14.05 -17.90 8.33 4.10 -7.97 7.78 -0.00 0.00 0.00 -92.28 6.53 30.36 12.79 -20.99 -2.38 -0.00 -0.00 22.38 -7.25 15.07 -1.89 -7.12 0.00 -0.00 -30.93 42.73 1.94 -0.00 0.00 0.00 90.20 1.40 32.78 -16.95 26.79 -4.06 0.00 -0.00 -3.46 9.04 15.08 2.37 7.12 -0.00 -0.00 24.16 -15.45 18.61
-1.93 16.96 0.80 361.17 5.89 40.80 0.00 0.00 0.00 -16.30 1.43 -4.19 0.00 -0.00 -0.00 6.92 11.03 -53.80 7.45 15.70 50.55 0.00 0.00 0.00 10.94 24.25 -56.30 -1.83 -8.50 24.24 -6.60 -22.95 -58.41 -4.80 -13.16 39.96 11.18 -5.47 -0.94 2.82 -6.50 -14.50 -1.94 -4.38 -16.88 -11.95 -13.99 -17.71 13.84 -17.99 7.57 3.99 -8.03 7.55 0.00 -0.00 0.00 -93.68 6.75 43.16 14.70 -23.73 -3.11 -0.00 -0.00 18.98 -7.65 14.91 -1.98 -7.12 0.00 -0.00 -31.18 42.55 2.11 0.00 -0.00 0.00 89.22 1.20 41.28 -20.74 31.52 -5.91 0.00 -0.00 -8.02 3.51 14.30 0.87 7.12 -0.00 -0.00 20.80 -16.18 15.23
-1.93 16.96 0.96 360.67 6.46 41.62 0.00 0.00 0.00 -15.66 1.25 -4.90 0.00 0.00 0.00 7.28 11.78 -55.29 7.13 15.44 49.38 0.00 0.00 0.00 11.69 24.28 -56.30 -1.78 -8.40 23.94 -7.03 -21.49 -58.91 -4.89 -13.26 40.33 12.49 -5.17 -1.80 3.05 -6.08 -14.38 -2.55 -4.32 -16.31 -11.60 -14.17 -18.55 13.62 -18.17 7.55 3.79 -8.08 7.64 0.00 0.00 0.00 -94.38 6.16 52.28 16.94 -26.78 -4.06 -0.00 -0.00 18.46 -5.93 13.18 -1.36 -7.12 0.00 -0.00 -29.06 41.21 3.00 0.00 0.00 0.00 88.29 1.52 47.01 -24.24 35.41 -7.84 0.00 -0.00 -10.29 -1.19 13.46 -0.28 7.12 -0.00 -0.00 17.83 -16.89 12.51
-1.96 16.95 1.11 360.88 6.24 42.27 0.00 0.00 0.00 -16.15 1.26 -5.33 0.00 -0.00 -0.00 7.63 10.97 -56.15 7.44 15.69 50.52 0.00 0.00 0.00 11.41 24.47 -56.42 -1.79 -8.42 24.00 -7.22 -20.99 -59.19 -4.77 -13.12 39.83 12.22 -5.14 -2.17 3.28 -6.09 -14.63 -2.16 -4.28 -16.32 -11.47 -14.08 -18.85 13.78 -18.13 7.88 3.81 -8.02 7.81 0.00 0.00 0.00 -95.39 5.97 55.96 19.79 -30.39 -5.42 -0.00 -0.00 16.22 -5.77 12.80 -1.28 -7.12 0.00 -0.00 -28.77 40.89 3.22 0.00 0.00 0.00 87.46 1.75 49.76 -25.88 37.09 -8.82 0.00 -0.00 -9.56 -3.38 16.11 -0.94 7.12 -0.00 -0.00 16.19 -14.27 12.21
-1.97 16.97 1.25 360.85 6.15 41.85 0.00 0.00 0.00 -16.46 1.61 -4.70 0.00 0.00 0.00 7.27 11.54 -55.19 7.78 15.95 51.75 0.00 0.00 0.00 11.91 24.47 -55.34 -1.80 -8.44 24.06 -7.29 -21.42 -59.62 -4.50 -12.80 38.63 12.45 -5.19 -2.00 3.29 -6.10 -14.95 -2.21 -4.34 -16.90 -11.76 -14.08 -17.92 13.90 -18.29 8.74 3.89 -8.11 8.00 0.00 0.00 0.00 -95.60 6.11 57.80 22.19 -33.19 -6.69 -0.00 -0.00 13.74 -3.22 12.61 -0.70 -7.12 0.00 -0.00 -26.63 40.98 2.87 0.00 0.00 0.00 86.80 0.95 51.05 -27.39 38.55 -9.74 0.00 -0.00 -10.36 -4.21 16.67 -1.21 7.12 -0.00 -0.00 15.63 -13.69 11.95
-1.99 17.00 1.42 360.84 5.64 41.42 0.00 0.00 0.00 -17.33 2.19 -4.16 0.00 -0.00 -0.00 6.36 16.66 -54.39 7.65 15.85 51.27 0.00 0.00 0.00 12.22 24.73 -54.01 -1.81 -8.45 24.10 -7.26 -21.66 -59.64 -4.28 -12.52 37.61 12.52 -4.97 -3.20 3.00 -6.03 -14.55 -2.77 -4.30 -15.62 -11.11 -14.10 -18.16 13.44 -18.53 9.88 3.58 -8.19 8.33 -0.00 0.00 0.00 -94.87 4.35 58.75 24.23 -35.41 -7.84 -0.00 -0.00 10.38 -2.96 12.63 -0.65 -7.12 0.00 -0.00 -26.43 41.02 2.82 -0.00 0.00 0.00 86.98 2.51 50.85 -26.06 37.27 -8.93 0.00 -0.00 -12.23 -4.32 17.27 -1.29 7.12 -0.00 -0.00 15.52 -13.11 12.06
-2.03 16.98 1.59 361.39 3.63 40.28 0.00 0.00 0.00 -19.70 3.80 -2.93 0.00 0.00 0.00 5.72 20.13 -54.16 7.46 15.71 50.60 0.00 0.00 0.00 11.62 25.73 -51.82 -1.78 -8.38 23.88 -6.34 -24.42 -58.50 -3.78 -11.87 35.27 10.59 -4.78 -3.34 2.72 -5.89 -14.90 -2.07 -4.04 -15.66 -11.41 -13.96 -16.79 12.38 -18.45 11.90 3.34 -8.26 8.68 -0.00 0.00 0.00 -94.32 4.02 57.26 25.83 -37.04 -8.78 -0.00 -0.00 8.16 -1.93 12.33 -0.41 -7.12 0.00 -0.00 -25.47 40.85 2.82 -0.00 0.00 0.00 86.34 1.90 50.84 -24.80 36.00 -8.17 0.00 -0.00 -15.12 -4.07 15.05 -1.06 7.12 -0.00 -0.00 15.81 -15.26 11.55
-2.05 17.02 1.81 361.34 3.07 39.48 0.00 0.00 0.00 -20.67 4.69 -1.81 0.00 -0.00 -0.00 5.04 23.02 -53.74 7.43 15.68 50.49 0.00 0.00 0.00 11.98 25.99 -50.31 -1.90 -8.66 24.74 -7.46 -21.63 -60.21 -4.30 -12.55 37.69 10.80 -4.54 -4.95 2.36 -5.80 -15.00 -2.76 -4.05 -14.84 -11.47 -13.74 -15.52 11.61 -18.38 13.91 3.15 -8.30 9.06 0.00 0.00 0.00 -93.01 2.83 55.33 26.32 -37.53 -9.08 -0.00 -0.00 5.55 -1.96 12.93 -0.44 -7.12 0.00 -0.00 -25.72 41.38 2.48 0.00 0.00 0.00 86.40 1.50 48.88 -23.22 34.32 -7.26 0.00 -0.00 -15.99 -2.78 13.50 -0.65 7.12 -0.00 -0.00 16.77 -16.80 11.73
-2.07 17.03 2.03 360.88 2.50 38.30 0.00 0.00 0.00 -21.23 5.49 -2.00 0.03 1.09 2.98 2.93 28.19 -50.86 7.11 15.42 49.28 0.00 0.00 0.00 13.08 26.49 -48.13 -1.98 -8.82 25.24 -7.25 -22.87 -60.23 -3.97 -12.12 36.16 11.16 -4.21 -6.37 2.30 -5.52 -15.05 -3.19 -3.96 -14.03 -11.61 -13.50 -13.94 10.34 -18.13 15.60 2.87 -8.33 9.20 -0.00 0.00 0.00 -92.04 1.77 52.57 25.83 -37.04 -8.79 -0.00 -0.00 5.65 -0.30 12.79 -0.07 -7.12 0.00 -0.00 -24.30 41.42 2.30 -0.00 0.00 0.00 85.89 1.02 46.52 -21.26 32.13 -6.19 0.00 -0.00 -15.26 -1.93 13.12 -0.44 7.12 -0.00 -0.00 17.37 -17.19 12.03
-2.12 17.04 2.18 362.24 0.21 37.35 0.00 0.00 0.00 -24.29 5.63 -5.10 0.30 3.53 9.75 2.58 27.53 -49.11 7.12 15.43 49.32 0.00 0.00 0.00 11.40 27.30 -46.75 -2.08 -9.04 25.92 -7.23 -23.17 -60.34 -3.92 -12.05 35.91 8.58 -4.08 -7.29 1.76 -5.52 -15.11 -2.50 -3.68 -13.18 -11.71 -13.19 -12.75 9.58 -17.79 16.92 2.75 -8.28 9.34 -0.00 -0.00 0.00 -90.75 0.31 48.45 25.34 -36.55 -8.49 -0.00 -0.00 5.20 -0.22 14.51 -0.06 -7.12 0.00 -0.00 -24.88 42.99 1.32 -0.00 -0.00 0.00 85.08 0.66 44.43 -19.87 30.49 -5.47 0.00 -0.00 -14.28 -1.43 12.55 -0.31 7.12 -0.00 -0.00 17.76 -17.75 12.10
-2.15 17.03 2.39 362.00 -0.22 36.11 0.00 0.00 0.00 -24.64 6.66 -6.75 0.67 5.22 14.54 0.98 30.09 -45.97 7.01 15.34 48.93 0.00 0.00 0.00 12.64 27.38 -44.45 -2.16 -9.19 26.40 -7.52 -22.08 -60.59 -4.08 -12.26 36.66 8.91 -3.86 -8.20 1.63 -5.33 -14.96 -2.93 -3.62 -12.50 -11.62 -13.03 -11.66 8.81 -17.64 17.83 2.56 -8.30 9.35 0.00 -0.00 0.00 -89.85 -0.21 42.63 25.05 -36.26 -8.32 -0.00 -0.00 6.35 0.37 14.98 0.10 -7.12 0.00 -0.00 -24.56 43.49 0.98 0.00 -0.00 0.00 84.34 0.56 42.21 -17.52 27.53 -4.32 0.00 -0.00 -13.72 -3.00 13.11 -0.68 7.12 -0.00 -0.00 16.66 -17.17 11.50
-2.20 17.01 2.56 361.32 -0.67 35.11 0.00 0.00 0.00 -24.42 8.26 -9.48 1.23 7.04 19.82 1.82 27.27 -46.07 7.22 15.52 49.72 0.00 0.00 0.00 15.09 26.20 -42.70 -2.15 -9.17 26.34 -6.46 -23.67 -58.42 -3.41 -11.33 33.39 9.37 -3.60 -9.44 1.72 -5.12 -14.46 -3.24 -3.51 -11.18 -11.91 -13.03 -10.91 8.62 -17.65 17.92 2.58 -8.37 9.26 -0.00 0.00 0.00 -88.50 -1.14 37.62 24.87 -36.07 -8.22 -0.00 -0.00 5.58 2.09 15.94 0.57 -7.12 0.00 -0.00 -23.48 44.56 0.27 -0.00 0.00 0.00 83.17 0.25 40.20 -16.38 26.03 -3.81 0.00 -0.00 -13.55 -4.13 14.72 -1.05 7.12 -0.00 -0.00 15.79 -15.57 11.42
-2.26 16.98 2.71 361.19 -1.76 34.51 0.00 0.00 0.00 -25.03 9.90 -12.90 1.93 8.72 24.92 2.42 24.19 -45.46 7.38 15.65 50.31 0.00 0.00 0.00 16.01 25.81 -41.73 -2.22 -9.31 26.78 -5.85 -24.27 -57.00 -3.08 -10.82 31.67 8.81 -3.49 -10.12 1.77 -5.04 -14.39 -2.95 -3.39 -10.60 -11.38 -12.66 -10.65 7.73 -17.12 18.57 2.31 -8.18 9.24 -0.00 -0.00 0.00 -87.06 -0.98 32.80 25.14 -36.34 -8.37 -0.00 -0.00 3.42 5.17 16.24 1.45 -7.12 0.00 -0.00 -20.91 45.19 -0.11 -0.00 -0.00 0.00 82.17 -0.20 37.68 -14.77 23.82 -3.13 0.00 -0.00 -12.65 -4.19 17.40 -1.25 7.12 -0.00 -0.00 15.60 -12.99 12.17
-2.29 16.95 2.90 360.12 -1.37 33.79 0.00 0.00 0.00 -23.77 11.40 -16.75 2.92 10.56 30.80 1.52 25.27 -42.83 7.07 15.39 49.14 0.00 0.00 0.00 19.57 22.74 -40.60 -2.27 -9.40 27.07 -5.10 -23.26 -54.07 -2.90 -10.52 30.69 10.27 -3.24 -11.03 1.85 -4.87 -14.06 -3.74 -3.41 -9.86 -10.64 -12.46 -11.19 6.65 -16.79 19.79 1.85 -8.05 9.56 0.00 -0.00 0.00 -85.75 -0.36 28.65 25.49 -36.70 -8.58 -0.00 -0.00 0.20 6.69 16.98 1.96 -7.12 0.00 -0.00 -19.84 46.07 -0.55 0.00 -0.00 0.00 81.85 0.08 32.46 -12.39 20.38 -2.24 0.00 -0.00 -9.18 -4.52 19.61 -1.52 7.12 -0.00 -0.00 15.31 -10.83 12.63
-2.36 16.91 3.06 359.62 -2.19 32.66 0.00 0.00 0.00 -23.57 13.47 -20.58 4.08 12.27 36.69 -1.11 28.99 -34.83 6.46 14.86 46.80 0.00 0.00 0.00 21.46 21.36 -39.35 -2.38 -9.62 27.77 -4.11 -24.19 -51.53 -2.25 -9.37 26.96 10.14 -3.10 -10.60 1.99 -4.61 -14.21 -3.47 -3.28 -10.20 -11.09 -12.07 -9.76 6.50 -16.31 19.95 2.02 -7.92 9.34 0.00 0.00 0.00 -84.86 1.55 24.91 25.63 -36.84 -8.67 -0.00 0.00 -3.21 7.40 17.83 2.28 -7.12 0.00 -0.00 -19.54 46.96 -0.98 0.00 0.00 0.00 81.22 -0.63 26.04 -10.07 16.85 -1.49 0.00 -0.00 -4.28 -5.46 20.07 -1.88 7.12 -0.00 -0.00 14.70 -10.33 12.24
-2.43 16.85 3.19 359.15 -2.78 31.99 0.00 0.00 0.00 -23.20 15.10 -25.52 5.63 14.06 43.46 -2.06 28.76 -27.71 5.94 14.37 44.73 0.00 0.00 0.00 22.74 20.88 -38.33 -2.51 -9.85 28.50 -4.44 -22.36 -51.33 -2.39 -9.63 27.79 9.94 -2.93 -10.68 1.98 -4.39 -13.88 -3.41 -3.12 -9.71 -10.36 -11.85 -9.74 5.98 -16.00 19.91 1.80 -7.78 9.18 -0.00 0.00 0.00 -84.01 2.79 21.13 25.71 -36.93 -8.72 -0.00 0.00 -5.00 8.47 17.68 2.59 -7.12 0.00 -0.00 -18.51 46.96 -0.93 -0.00 0.00 0.00 81.15 0.09 14.62 -7.48 12.71 -0.83 0.00 0.00 4.89 -6.97 17.05 -2.05 7.12 -0.00 -0.00 13.82 -13.16 10.63
-2.48 16.82 3.33 358.40 -2.32 31.08 0.00 0.00 0.00 -21.83 15.55 -30.24 7.35 15.62 50.20 -3.50 31.05 -9.82 2.32 9.50 27.37 0.00 0.00 0.00 25.08 18.50 -37.27 -2.56 -9.94 28.77 -4.26 -21.06 -49.81 -2.36 -9.59 27.64 10.68 -2.87 -10.52 2.05 -4.33 -13.66 -3.75 -3.14 -9.62 -10.63 -11.47 -8.69 6.28 -15.59 19.85 2.06 -7.61 8.98 0.00 0.00 0.00 -83.27 4.50 18.40 25.46 -36.67 -8.56 -0.00 0.00 -7.54 10.15 15.22 2.69 -7.12 0.00 -0.00 -16.13 44.81 0.08 0.00 0.00 0.00 80.88 0.24 -2.98 -5.26 9.02 -0.42 0.00 0.00 19.73 -8.46 17.54 -2.57 7.12 -0.00 -0.00 12.83 -12.58 9.98
-2.55 16.78 3.46 357.81 -2.32 30.57 0.00 0.00 0.00 -20.57 14.60 -35.33 9.17 16.92 56.69 -2.10 24.93 -5.53 0.29 3.45 9.54 0.00 0.00 0.00 26.70 17.35 -37.09 -2.65 -10.11 29.34 -2.35 -25.72 -46.59 -1.01 -6.39 17.91 10.74 -2.66 -10.41 1.96 -4.06 -13.23 -3.90 -2.97 -9.15 -9.89 -11.63 -9.11 5.87 -15.79 19.71 1.77 -7.68 8.93 -0.00 -0.00 0.00 -82.90 5.66 15.68 24.79 -35.99 -8.17 -0.00 0.00 -7.92 9.10 16.53 2.61 -7.12 0.00 -0.00 -17.52 45.94 -0.42 -0.00 -0.00 0.00 80.72 1.24 -5.46 -3.09 5.34 -0.14 0.00 0.00 19.26 -11.74 16.51 -3.38 7.12 -0.00 -0.00 10.69 -13.35 8.08
-2.61 16.74 3.55 358.02 -2.20 30.23 0.00 0.00 0.00 -19.46 11.23 -40.34 10.80 17.84 62.14 -1.10 18.35 -9.32 0.00 0.28 0.78 0.00 0.00 0.00 26.94 16.92 -36.95 -2.82 -10.39 30.26 -2.67 -24.96 -47.11 -1.03 -6.44 18.07 9.77 -2.74 -10.21 1.87 -4.11 -13.06 -3.46 -2.90 -8.96 -10.14 -11.77 -8.54 6.55 -16.11 19.16 2.03 -7.81 8.75 0.00 -0.00 0.00 -83.21 7.51 12.53 24.00 -35.16 -7.71 -0.00 0.00 -6.91 8.22 17.68 2.51 -7.12 0.00 -0.00 -18.74 46.93 -0.92 0.00 -0.00 0.00 80.47 0.10 -7.80 -2.88 4.97 -0.12 0.00 0.00 19.36 -11.90 14.63 -3.05 7.12 -0.00 -0.00 10.59 -15.22 7.57
-2.65 16.68 3.66 357.87 -1.78 29.51 0.00 0.00 0.00 -17.40 6.63 -44.42 11.91 18.35 65.70 -0.12 12.29 -15.75 0.00 0.41 1.13 0.00 0.00 0.00 27.82 15.68 -36.45 -2.99 -10.68 31.22 -3.60 -22.06 -48.17 -1.44 -7.58 21.45 9.42 -2.82 -9.57 1.82 -4.16 -12.48 -3.33 -2.86 -8.62 -9.95 -12.12 -8.61 7.19 -16.69 18.42 2.13 -8.02 8.60 -0.00 0.00 0.00 -83.63 8.79 10.37 22.38 -33.40 -6.79 -0.00 0.00 -6.56 8.79 17.57 2.67 -7.12 0.00 -0.00 -18.18 46.90 -0.88 -0.00 0.00 0.00 80.29 -0.10 -10.29 -2.31 4.00 -0.08 0.00 0.00 20.76 -11.93 14.58 -3.05 7.12 -0.00 -0.00 10.57 -15.26 7.55
-2.68 16.63 3.77 357.92 -1.94 28.62 0.00 0.00 0.00 -15.35 1.62 -48.47 12.24 18.49 66.74 0.29 11.17 -19.58 0.92 -6.10 -17.07 0.00 0.00 0.00 28.33 14.58 -35.95 -3.19 -11.00 32.28 -3.22 -22.76 -47.31 -1.03 -6.47 18.15 8.42 -3.06 -9.04 1.78 -4.44 -11.38 -2.86 -2.84 -7.57 -9.50 -12.26 -9.54 8.02 -16.96 17.48 2.26 -8.02 8.51 0.00 -0.00 0.00 -84.15 9.35 7.50 20.08 -30.73 -5.57 -0.00 0.00 -4.55 9.04 16.72 2.62 -7.12 0.00 -0.00 -17.64 46.12 -0.50 0.00 -0.00 0.00 80.65 0.10 -12.22 -2.82 4.88 -0.12 0.00 0.00 22.54 -10.41 14.45 -2.62 7.12 -0.00 -0.00 11.60 -15.50 8.26
-2.69 16.56 3.89 357.69 -2.41 28.26 0.00 0.00 0.00 -12.71 -3.42 -52.74 11.85 18.33 65.50 0.64 10.53 -22.40 1.91 -8.68 -24.81 0.00 0.00 0.00 28.94 13.37 -36.11 -3.45 -11.39 33.62 -3.06 -22.39 -46.40 -0.75 -5.54 15.45 7.79 -3.11 -7.65 1.82 -4.34 -11.47 -2.38 -2.76 -8.38 -9.60 -12.27 -9.17 8.87 -17.10 16.88 2.56 -8.05 8.34 0.00 -0.00 0.00 -85.12 11.28 3.12 17.78 -27.88 -4.45 -0.00 0.00 -0.87 5.97 18.35 1.88 -7.12 0.00 -0.00 -21.04 47.27 -1.23 0.00 -0.00 0.00 80.84 -1.92 -13.87 -3.90 6.72 -0.23 0.00 0.00 24.13 -7.44 15.57 -2.01 7.12 -0.00 -0.00 13.56 -14.58 10.00
-2.70 16.55 4.06 357.51 -4.45 27.72 0.00 0.00 0.00 -10.82 -6.46 -55.71 10.41 17.63 60.84 0.77 10.01 -23.07 2.66 -10.12 -29.38 0.00 0.00 0.00 28.77 13.91 -34.78 -3.58 -11.57 34.24 -3.62 -20.76 -47.25 -0.94 -6.17 17.29 6.47 -2.86 -6.73 1.67 -3.93 -11.00 -1.79 -2.44 -8.20 -9.19 -12.23 -9.15 9.54 -17.16 16.06 2.72 -8.02 8.10 0.00 0.00 0.00 -85.96 12.07 -3.07 15.14 -24.34 -3.28 -0.00 -0.00 4.79 3.95 18.25 1.24 -7.12 0.00 -0.00 -22.81 46.90 -1.13 0.00 0.00 0.00 81.44 -2.40 -15.21 -4.60 7.90 -0.32 0.00 0.00 25.20 -5.10 17.21 -1.51 7.12 -0.00 -0.00 15.02 -13.13 11.64
-2.70 16.63 4.30 357.90 -7.22 27.36 0.00 0.00 0.00 -9.93 -8.58 -57.37 8.15 16.23 53.08 1.00 7.09 -22.74 3.45 -11.40 -33.63 0.00 0.00 0.00 28.06 13.62 -32.49 -3.24 -11.07 32.51 -2.59 -22.59 -44.69 -0.43 -4.22 11.69 4.66 -2.43 -6.60 1.13 -3.37 -10.29 -1.39 -2.01 -7.33 -8.52 -12.16 -9.75 10.51 -17.22 15.19 2.90 -7.93 7.96 -0.00 -0.00 0.00 -86.62 12.72 -8.76 13.36 -21.81 -2.59 -0.00 -0.00 8.61 2.89 19.27 0.95 -7.12 0.00 -0.00 -24.21 47.70 -1.71 -0.00 -0.00 0.00 82.57 -2.27 -10.19 -5.85 10.01 -0.51 0.00 0.00 18.65 -2.74 16.26 -0.77 7.12 -0.00 -0.00 16.60 -14.15 12.59
-2.71 16.66 4.53 357.81 -10.98 27.04 0.00 0.00 0.00 -9.63 -8.83 -58.40 6.05 14.47 45.17 0.83 5.13 -19.84 5.79 -14.23 -44.15 0.00 0.00 0.00 27.34 14.91 -29.54 -2.93 -10.59 30.91 -2.43 -22.18 -43.72 -0.40 -4.07 11.28 2.60 -1.86 -6.24 0.94 -2.57 -10.23 -0.45 -1.47 -7.30 -8.25 -11.76 -8.95 10.82 -16.76 14.60 3.08 -7.73 7.58 -0.00 0.00 0.00 -87.61 14.44 -14.80 11.99 -19.79 -2.10 -0.00 -0.00 11.88 1.35 21.83 0.50 -7.12 0.00 -0.00 -26.89 49.79 -3.39 -0.00 0.00 0.00 83.42 -2.75 -5.34 -6.92 11.79 -0.72 0.00 0.00 11.36 -2.57 14.57 -0.65 7.12 -0.00 -0.00 16.83 -15.78 12.16
-2.66 16.66 4.81 357.35 -13.69 26.51 0.00 0.00 0.00 -9.15 -9.02 -59.71 4.87 13.24 40.27 0.47 0.28 -13.09 6.80 -15.16 -48.12 0.00 0.00 0.00 27.52 13.34 -27.93 -2.81 -10.38 30.20 -1.22 -23.57 -39.71 -0.01 -0.58 1.60 2.10 -1.48 -6.13 0.57 -2.07 -9.73 -0.57 -1.20 -6.79 -7.35 -11.40 -9.67 10.85 -16.40 14.96 2.96 -7.47 7.72 0.00 -0.00 0.00 -87.98 14.89 -20.94 10.71 -17.84 -1.69 -0.00 -0.00 14.73 1.88 23.21 0.74 -7.12 0.00 -0.00 -27.18 51.10 -4.36 0.00 -0.00 0.00 84.70 -2.37 -3.01 -8.09 13.69 -0.97 0.00 0.00 5.81 -2.73 14.86 -0.70 7.12 -0.00 -0.00 16.70 -15.50 12.17
-2.61 16.52 5.13 356.87 -16.64 25.58 0.00 0.00 0.00 -9.82 -8.29 -61.24 5.19 13.59 41.62 0.20 0.68 -8.62 4.04 -12.21 -36.48 0.00 0.00 0.00 27.12 12.63 -27.04 -3.25 -11.09 32.58 -1.53 -21.74 -39.27 -0.01 0.61 -1.68 1.45 -1.15 -6.26 0.43 -1.64 -9.15 -0.37 -0.93 -6.05 -6.84 -10.88 -9.71 10.84 -15.79 15.09 2.97 -7.15 7.67 0.00 0.00 0.00 -88.87 15.62 -28.05 10.05 -16.82 -1.49 -0.00 -0.00 18.18 2.02 22.36 0.77 -7.12 0.00 -0.00 -26.57 50.36 -3.74 0.00 0.00 0.00 85.62 -1.46 -3.97 -8.71 14.69 -1.12 0.00 0.00 3.76 -3.53 16.34 -0.99 7.12 -0.00 -0.00 16.08 -14.04 12.20
-2.53 16.30 5.46 356.29 -20.34 23.37 0.00 0.00 0.00 -11.03 -6.80 -60.70 6.61 14.99 47.38 0.23 5.16 -12.45 1.61 -8.01 -22.75 0.00 0.00 0.00 26.52 11.32 -25.32 -3.96 -12.10 36.10 -2.10 -18.83 -39.28 -0.10 2.03 -5.60 1.07 -0.47 -5.61 -0.05 -0.71 -7.64 -0.66 -0.44 -4.78 -6.23 -10.64 -10.71 11.11 -15.54 14.92 2.94 -6.94 7.74 -0.00 0.00 0.00 -88.64 14.93 -31.43 9.65 -16.19 -1.38 -0.00 -0.00 17.67 2.38 21.74 0.88 -7.12 0.00 -0.00 -25.90 49.86 -3.30 -0.00 0.00 0.00 86.78 0.07 -1.29 -10.00 16.74 -1.48 0.00 -0.00 -1.46 -4.79 15.87 -1.31 7.12 -0.00 -0.00 15.29 -14.44 11.42
-2.43 16.11 5.81 354.67 -23.67 21.43 0.00 0.00 0.00 -9.37 -6.47 -58.47 7.84 16.00 51.97 0.45 7.14 -17.26 1.29 -7.20 -20.31 0.00 0.00 0.00 26.76 9.48 -22.58 -4.37 -12.63 38.02 -2.22 -16.63 -38.05 -0.52 4.60 -12.77 1.58 0.02 -3.55 0.39 -0.02 -6.86 -0.47 -0.10 -5.10 -6.29 -10.01 -10.98 11.01 -14.61 14.83 3.03 -6.50 7.66 0.00 0.00 0.00 -90.06 15.96 -29.97 10.53 -17.57 -1.63 -0.00 -0.00 14.37 2.23 23.28 0.88 -7.12 0.00 -0.00 -26.90 51.21 -4.39 0.00 0.00 0.00 87.04 0.86 -1.14 -11.21 18.61 -1.84 0.00 -0.00 -3.06 -4.49 14.13 -1.10 7.12 -0.00 -0.00 15.59 -16.13 11.07
-2.34 16.02 6.17 354.24 -26.65 19.96 0.00 0.00 0.00 -9.82 -6.30 -55.73 8.48 16.46 54.27 0.77 8.40 -21.71 0.90 -6.05 -16.93 0.00 0.00 0.00 25.38 8.03 -20.50 -4.67 -13.00 39.35 -2.52 -13.02 -36.84 -0.63 5.09 -14.16 1.33 0.55 -3.27 0.18 0.70 -5.76 -0.56 0.28 -4.09 -6.06 -9.74 -12.30 11.42 -14.37 15.22 3.10 -6.28 8.03 -0.00 0.00 0.00 -90.11 15.26 -26.81 11.25 -18.67 -1.86 -0.00 -0.00 12.07 3.69 23.23 1.46 -7.12 0.00 -0.00 -25.52 51.40 -4.26 -0.00 0.00 0.00 87.52 2.19 -1.58 -11.74 19.42 -2.02 0.00 -0.00 -4.46 -3.98 15.34 -1.06 7.12 -0.00 -0.00 15.85 -14.99 11.67
-2.30 16.05 6.54 353.60 -29.02 20.03 0.00 0.00 0.00 -10.29 -5.95 -54.18 8.66 16.59 54.92 0.99 9.54 -24.50 0.54 -4.70 -13.07 0.00 0.00 0.00 24.06 6.78 -20.43 -4.96 -13.33 40.63 -1.85 -11.67 -32.14 -1.47 7.66 -21.68 0.83 0.89 -4.21 0.38 1.14 -5.48 -0.05 0.53 -3.27 -5.96 -9.32 -12.89 11.56 -13.89 15.78 3.16 -5.99 8.27 -0.00 0.00 0.00 -90.36 15.05 -23.51 12.23 -20.14 -2.18 -0.00 -0.00 9.73 4.01 22.40 1.53 -7.12 0.00 -0.00 -24.77 50.70 -3.67 -0.00 0.00 0.00 87.52 2.86 -3.48 -11.73 19.39 -2.01 0.00 -0.00 -3.26 -2.86 16.44 -0.81 7.12 -0.00 -0.00 16.51 -13.97 12.58
-2.23 16.13 6.87 352.93 -29.78 20.51 0.00 0.00 0.00 -10.34 -6.98 -52.20 8.46 16.45 54.20 1.11 10.56 -26.32 0.43 -4.22 -11.71 0.00 0.00 0.00 22.79 3.62 -22.13 -5.38 -13.80 42.42 -1.54 -6.57 -26.62 -1.64 8.08 -22.95 0.38 0.32 -3.74 1.42 0.42 -6.87 1.26 0.20 -5.02 -6.52 -8.38 -10.95 10.83 -12.51 16.64 3.27 -5.49 8.06 0.00 -0.00 0.00 -91.68 16.76 -21.86 13.34 -21.78 -2.58 -0.00 -0.00 7.55 4.55 20.70 1.61 -7.12 0.00 -0.00 -23.40 49.23 -2.57 0.00 -0.00 0.00 86.83 0.76 -5.89 -11.76 19.44 -2.02 0.00 0.00 0.09 -1.30 17.65 -0.39 7.12 -0.00 -0.00 17.44 -12.89 13.78
-2.17 16.28 7.18 352.33 -31.60 21.17 0.00 0.00 0.00 -11.19 -6.28 -49.92 7.88 16.03 52.14 1.28 10.88 -27.79 0.31 -3.57 -9.86 0.00 0.00 0.00 21.21 1.42 -24.83 -5.90 -14.33 44.58 -0.67 -5.30 -18.32 -3.12 10.88 -31.89 0.17 0.43 -4.88 1.78 0.55 -7.07 1.75 0.28 -4.59 -6.43 -7.80 -11.23 10.14 -11.73 18.04 3.12 -5.13 8.45 -0.00 -0.00 0.00 -91.36 15.83 -19.77 14.46 -23.38 -3.01 -0.00 -0.00 5.86 3.41 19.88 1.16 -7.12 0.00 -0.00 -24.03 48.33 -2.08 -0.00 -0.00 0.00 85.22 -3.95 10.17 -15.78 25.22 -3.55 0.00 -0.00 -15.32 -3.97 12.62 -0.87 7.12 -0.00 -0.00 16.04 -17.61 10.88
