HIERARCHY
ROOT Hips
{
	OFFSET 0.00000 0.00000 0.00000
	CHANNELS 6 Xposition Yposition Zposition Zrotation Yrotation Xrotation 
	JOINT LHipJoint
	{
		OFFSET 0 0 0
		CHANNELS 3 Zrotation Yrotation Xrotation
		JOINT LeftUpLeg
		{
			OFFSET 1.65674 -1.80282 0.62477
			CHANNELS 3 Zrotation Yrotation Xrotation
			JOINT LeftLeg
			{
				OFFSET 2.59720 -7.13576 0.00000
				CHANNELS 3 Zrotation Yrotation Xrotation
				JOINT LeftFoot
				{
					OFFSET 2.49236 -6.84770 0.00000
					CHANNELS 3 Zrotation Yrotation Xrotation
					JOINT LeftToeBase
					{
						OFFSET 0.19704 -0.54136 2.14581
						CHANNELS 3 Zrotation Yrotation Xrotation
						End Site
						{
							OFFSET 0.00000 -0.00000 1.11249
						}
					}
				}
			}
		}
	}
	JOINT RHipJoint
	{
		OFFSET 0 0 0
		CHANNELS 3 Zrotation Yrotation Xrotation
		JOINT RightUpLeg
		{
			OFFSET -1.61070 -1.80282 0.62476
			CHANNELS 3 Zrotation Yrotation Xrotation
			JOINT RightLeg
			{
				OFFSET -2.59502 -7.12977 0.00000
				CHANNELS 3 Zrotation Yrotation Xrotation
				JOINT RightFoot
				{
					OFFSET -2.46780 -6.78024 0.00000
					CHANNELS 3 Zrotation Yrotation Xrotation
					JOINT RightToeBase
					{
						OFFSET -0.23024 -0.63258 2.13368
						CHANNELS 3 Zrotation Yrotation Xrotation
						End Site
						{
							OFFSET -0.00000 -0.00000 1.11569
						}
					}
				}
			}
		}
	}
	JOINT LowerBack
	{
		OFFSET 0 0 0
		CHANNELS 3 Zrotation Yrotation Xrotation
		JOINT Spine
		{
			OFFSET 0.01961 2.05450 -0.14112
			CHANNELS 3 Zrotation Yrotation Xrotation
			JOINT Spine1
			{
				OFFSET 0.01021 2.06436 -0.05921
				CHANNELS 3 Zrotation Yrotation Xrotation
				JOINT Neck
				{
					OFFSET 0 0 0
					CHANNELS 3 Zrotation Yrotation Xrotation
					JOINT Neck1
					{
						OFFSET 0.00713 1.56711 0.14968
						CHANNELS 3 Zrotation Yrotation Xrotation
						JOINT Head
						{
							OFFSET 0.03429 1.56041 -0.10006
							CHANNELS 3 Zrotation Yrotation Xrotation
							End Site
							{
								OFFSET 0.01305 1.62560 -0.05265
							}
						}
					}
				}
				JOINT LeftShoulder
				{
					OFFSET 0 0 0
					CHANNELS 3 Zrotation Yrotation Xrotation
					JOINT LeftArm
					{
						OFFSET 3.54205 0.90436 -0.17364
						CHANNELS 3 Zrotation Yrotation Xrotation
						JOINT LeftForeArm
						{
							OFFSET 4.86513 -0.00000 -0.00000
							CHANNELS 3 Zrotation Yrotation Xrotation
							JOINT LeftHand
							{
								OFFSET 3.35554 -0.00000 0.00000
								CHANNELS 3 Zrotation Yrotation Xrotation
								JOINT LeftFingerBase
								{
									OFFSET 0 0 0
									CHANNELS 3 Zrotation Yrotation Xrotation
									JOINT LeftHandIndex1
									{
										OFFSET 0.66117 -0.00000 0.00000
										CHANNELS 3 Zrotation Yrotation Xrotation
										End Site
										{
											OFFSET 0.53306 -0.00000 0.00000
										}
									}
								}
								JOINT LThumb
								{
									OFFSET 0 0 0
									CHANNELS 3 Zrotation Yrotation Xrotation
									End Site
									{
										OFFSET 0.54120 -0.00000 0.54120
									}
								}
							}
						}
					}
				}
				JOINT RightShoulder
				{
					OFFSET 0 0 0
					CHANNELS 3 Zrotation Yrotation Xrotation
					JOINT RightArm
					{
						OFFSET -3.49802 0.75994 -0.32616
						CHANNELS 3 Zrotation Yrotation Xrotation
						JOINT RightForeArm
						{
							OFFSET -5.02649 -0.00000 0.00000
							CHANNELS 3 Zrotation Yrotation Xrotation
							JOINT RightHand
							{
								OFFSET -3.36431 -0.00000 0.00000
								CHANNELS 3 Zrotation Yrotation Xrotation
								JOINT RightFingerBase
								{
									OFFSET 0 0 0
									CHANNELS 3 Zrotation Yrotation Xrotation
									JOINT RightHandIndex1
									{
										OFFSET -0.73041 -0.00000 0.00000
										CHANNELS 3 Zrotation Yrotation Xrotation
										End Site
										{
											OFFSET -0.58887 -0.00000 0.00000
										}
									}
								}
								JOINT RThumb
								{
									OFFSET 0 0 0
									CHANNELS 3 Zrotation Yrotation Xrotation
									End Site
									{
										OFFSET -0.59786 -0.00000 0.59786
									}
								}
							}
						}
					}
				}
			}
		}
	}
}
MOTION
Frames: 180
Frame Time: 0.033333
9.63 17.80 -1.04 0.00 0.00 0.00 0.00 0.00 0.00 -21.00 0.00 0.00 0.00 0.00 0.00 0.00 0.00 0.00 0.00 0.00 0.00 0.00 0.00 0.00 21.00 0.00 0.00 0.00 0.00 0.00 0.00 0.00 0.00 0.00 0.00 0.00 0.00 0.00 0.00 0.00 0.00 0.00 0.00 0.00 0.00 0.00 0.00 -16.00 0.00 0.00 21.00 0.00 0.00 11.00 0.00 0.00 0.00 -8.00 0.00 0.00 0.00 0.00 0.00 0.00 0.00 0.00 0.00 0.00 0.00 0.00 0.00 0.00 0.00 0.00 0.00 0.00 0.00 0.00 8.00 0.00 0.00 0.00 0.00 0.00 0.00 0.00 0.00 0.00 0.00 0.00 0.00 0.00 0.00 0.00 0.00 0.00
9.63 17.81 -1.06 3.65 -23.01 -6.72 0.00 0.00 0.00 -21.29 -1.28 -6.02 0.70 5.35 14.92 -0.92 17.03 -9.86 0.03 -1.06 -2.93 0.00 0.00 0.00 19.53 -5.49 4.01 -0.88 -5.97 16.69 -0.39 -13.41 -23.12 -0.00 -0.28 0.76 -0.19 1.29 5.86 0.68 1.70 2.83 0.70 0.84 -0.40 0.90 6.49 -9.54 -4.24 8.74 1.95 -1.06 4.22 2.52 -0.00 -0.00 0.00 -92.34 -0.80 15.05 20.07 -30.73 -5.57 -0.00 0.00 -26.74 25.77 16.65 7.88 -7.12 0.00 -0.00 -2.00 48.34 -0.17 -0.00 -0.00 0.00 80.33 5.05 37.71 -19.15 29.60 -5.10 0.00 -0.00 -15.96 -24.78 15.91 -7.21 7.12 -0.00 -0.00 1.96 -12.55 1.48
9.67 17.81 -1.08 3.96 -23.53 -6.97 0.00 0.00 0.00 -21.62 -1.13 -5.78 0.68 5.25 14.64 -0.98 17.43 -9.51 0.07 -1.66 -4.56 0.00 0.00 0.00 19.08 -5.40 3.82 -0.91 -6.09 17.04 -0.37 -13.14 -22.63 -0.00 -0.11 0.30 -0.12 1.27 5.74 0.46 1.67 2.95 0.44 0.83 -0.19 0.92 6.53 -9.65 -3.98 8.77 1.84 -0.98 4.24 2.49 0.00 0.00 0.00 -91.10 -2.16 17.29 23.04 -34.13 -7.16 -0.00 0.00 -28.34 25.08 19.18 8.74 -7.12 0.00 -0.00 -3.21 50.96 -0.47 0.00 0.00 0.00 78.99 6.81 39.31 -21.90 32.87 -6.53 0.00 -0.00 -17.19 -25.72 15.24 -7.22 7.12 -0.00 -0.00 1.27 -13.15 0.95
9.69 17.80 -1.09 4.37 -24.12 -7.45 0.00 0.00 0.00 -22.02 -0.54 -5.42 0.64 5.13 14.27 -1.03 17.73 -9.09 0.11 -2.12 -5.83 0.00 0.00 0.00 18.67 -4.93 3.90 -0.97 -6.28 17.60 -0.50 -12.55 -23.12 -0.02 0.87 -2.40 -0.50 1.29 5.80 0.45 1.68 3.01 0.64 0.83 -0.18 2.46 6.40 -10.34 -5.92 8.58 2.96 -1.85 4.07 3.20 -0.00 0.00 0.00 -89.93 -2.97 19.89 26.15 -37.36 -8.98 -0.00 0.00 -29.74 25.67 18.73 8.77 -7.12 0.00 -0.00 -2.52 50.58 -0.35 -0.00 0.00 0.00 76.88 8.32 41.30 -25.26 36.47 -8.45 0.00 -0.00 -19.42 -26.32 15.42 -7.49 7.12 -0.00 -0.00 0.88 -12.88 0.66
9.70 17.80 -1.10 5.09 -24.78 -7.77 0.00 0.00 0.00 -22.68 -0.15 -5.20 0.59 4.91 13.65 -1.09 18.25 -9.41 0.06 -1.51 -4.17 0.00 0.00 0.00 17.84 -4.79 3.58 -1.02 -6.43 18.04 -0.49 -12.14 -22.58 -0.00 0.17 -0.46 -0.97 1.44 5.51 0.24 1.85 3.01 0.69 0.91 -0.04 0.45 6.62 -9.61 -3.14 8.91 1.97 -0.62 4.33 2.46 -0.00 0.00 0.00 -88.35 -3.88 22.78 29.90 -40.81 -11.34 -0.00 0.00 -31.09 25.59 17.86 8.36 -7.12 0.00 -0.00 -2.41 49.63 -0.28 -0.00 0.00 0.00 75.37 9.68 42.07 -29.33 40.31 -10.97 0.00 -0.00 -19.76 -26.19 16.68 -8.04 7.12 -0.00 -0.00 1.08 -11.52 0.85
9.72 17.79 -1.11 5.09 -25.29 -8.06 0.00 0.00 0.00 -22.61 -0.13 -4.98 0.61 4.99 13.88 -1.11 18.49 -10.11 0.01 -0.74 -2.04 0.00 0.00 0.00 17.82 -4.56 3.84 -1.03 -6.45 18.08 -0.53 -11.98 -22.81 -0.00 0.34 -0.95 -1.09 1.34 5.51 0.47 1.72 2.94 1.00 0.84 -0.11 1.06 6.93 -10.04 -3.89 9.33 2.92 -0.91 4.50 2.95 -0.00 0.00 0.00 -87.38 -4.30 24.63 34.41 -44.39 -14.40 -0.00 0.00 -31.97 26.47 17.57 8.55 -7.12 0.00 -0.00 -1.49 49.45 -0.16 -0.00 0.00 0.00 73.21 10.73 43.13 -34.03 44.11 -14.14 0.00 -0.00 -20.90 -26.34 16.06 -7.80 7.12 -0.00 -0.00 0.92 -12.17 0.71
9.72 17.79 -1.11 4.73 -26.12 -8.15 0.00 0.00 0.00 -22.09 0.22 -5.09 0.66 5.20 14.49 -1.06 18.43 -11.80 0.00 0.01 0.02 0.00 0.00 0.00 18.37 -3.85 4.37 -1.00 -6.36 17.82 -0.47 -12.36 -22.68 -0.00 0.39 -1.08 -0.61 1.20 5.48 0.46 1.56 2.80 0.73 0.77 -0.23 2.53 6.85 -9.61 -5.38 9.16 3.21 -1.66 4.38 3.14 0.00 -0.00 0.00 -85.84 -3.94 25.87 40.65 -48.45 -18.93 -0.00 0.00 -32.95 26.85 17.02 8.43 -7.12 0.00 -0.00 -1.01 48.91 -0.10 0.00 -0.00 0.00 71.39 11.67 44.96 -39.78 47.94 -18.28 0.00 -0.00 -22.08 -25.86 16.16 -7.68 7.12 -0.00 -0.00 1.26 -12.13 0.97
9.73 17.78 -1.12 4.60 -27.09 -8.48 0.00 0.00 0.00 -21.81 0.83 -5.07 0.71 5.40 15.05 -1.12 18.71 -11.15 0.05 -1.43 -3.94 0.00 0.00 0.00 18.45 -3.78 4.67 -1.00 -6.35 17.81 -0.52 -11.54 -22.26 -0.00 -0.01 0.03 -0.40 1.26 5.78 0.61 1.65 2.71 0.75 0.81 -0.48 0.23 7.06 -8.66 -2.77 9.52 2.41 -0.47 4.65 2.41 0.00 0.00 0.00 -84.60 -3.85 27.54 47.17 -51.79 -23.93 -0.00 0.00 -33.60 27.64 15.24 7.84 -7.12 0.00 -0.00 0.02 47.07 0.00 0.00 0.00 0.00 70.02 12.39 45.33 -46.25 51.37 -23.21 0.00 -0.00 -22.98 -27.41 15.65 -7.96 7.12 -0.00 -0.00 0.17 -12.47 0.13
9.73 17.77 -1.14 4.41 -28.43 -8.61 0.00 0.00 0.00 -21.37 1.49 -5.19 0.75 5.52 15.39 -1.11 19.04 -13.01 0.00 0.33 0.92 0.00 0.00 0.00 18.86 -2.88 4.82 -1.03 -6.45 18.10 -0.51 -11.32 -21.96 -0.01 0.58 -1.59 -0.14 1.43 5.92 0.73 1.89 2.60 0.71 0.93 -0.67 1.13 7.24 -9.03 -3.37 9.70 2.83 -0.77 4.72 2.71 -0.00 -0.00 0.00 -83.07 -3.76 29.06 54.52 -54.66 -29.82 -0.00 0.00 -34.58 27.80 14.92 7.73 -7.12 0.00 -0.00 0.22 46.74 0.01 -0.00 -0.00 0.00 68.46 12.93 45.86 -53.91 54.46 -29.33 0.00 -0.00 -23.56 -27.48 15.23 -7.78 7.12 -0.00 -0.00 0.09 -12.92 0.07
9.72 17.78 -1.14 5.49 -29.12 -9.21 0.00 0.00 0.00 -22.29 2.01 -4.52 0.63 5.10 14.19 -1.23 19.76 -12.70 0.00 0.31 0.86 0.00 0.00 0.00 17.84 -2.45 4.38 -1.15 -6.80 19.13 -0.61 -10.60 -22.21 -0.01 0.65 -1.78 -1.08 1.45 5.58 0.55 1.87 2.57 1.06 0.92 -0.53 1.71 7.51 -9.35 -3.70 10.06 3.76 -0.92 4.88 3.15 -0.00 0.00 0.00 -82.45 -3.55 29.64 62.01 -56.82 -36.02 -0.00 0.00 -34.52 28.18 14.96 7.87 -7.12 0.00 -0.00 0.58 46.84 0.03 -0.00 0.00 0.00 67.24 13.77 45.75 -60.34 56.40 -34.63 0.00 -0.00 -22.38 -25.17 16.47 -7.59 7.12 -0.00 -0.00 1.74 -11.90 1.34
9.71 17.78 -1.14 5.74 -29.92 -9.60 0.00 0.00 0.00 -22.39 2.07 -3.76 0.58 4.87 13.54 -1.34 20.65 -13.49 0.02 0.80 2.19 0.00 0.00 0.00 17.70 -2.07 4.32 -1.22 -7.00 19.73 -0.58 -10.51 -21.82 -0.03 1.05 -2.89 -0.95 1.35 5.35 0.48 1.74 2.53 0.92 0.86 -0.44 1.43 7.71 -8.27 -3.44 10.33 3.35 -0.82 5.04 2.78 0.00 -0.00 0.00 -80.81 -3.45 30.77 69.44 -58.34 -42.29 -0.00 0.00 -35.05 30.67 11.73 6.88 -7.12 0.00 -0.00 3.20 43.53 -0.12 0.00 -0.00 0.00 65.29 13.50 47.13 -70.70 58.54 -43.37 0.00 -0.00 -23.95 -26.67 16.59 -8.16 7.12 -0.00 -0.00 0.76 -11.55 0.59
9.69 17.77 -1.13 6.81 -31.57 -10.05 0.00 0.00 0.00 -23.08 3.14 -3.62 0.52 4.62 12.83 -1.43 21.27 -13.96 0.02 0.96 2.63 0.00 0.00 0.00 16.81 -1.16 3.89 -1.32 -7.27 20.51 -0.68 -9.46 -21.73 -0.03 1.05 -2.87 -1.66 1.67 4.63 0.38 2.15 2.39 1.22 1.06 -0.21 3.49 7.40 -9.07 -5.71 9.89 4.44 -1.89 4.74 3.58 -0.00 0.00 0.00 -80.41 -2.36 31.73 79.59 -59.59 -51.00 -0.00 0.00 -34.99 32.88 8.89 5.70 -7.12 0.00 -0.00 5.27 40.47 -0.59 -0.00 0.00 0.00 64.98 13.23 47.06 -79.45 59.58 -50.88 0.00 -0.00 -23.64 -26.35 16.79 -8.14 7.12 -0.00 -0.00 0.99 -11.37 0.78
9.68 17.76 -1.13 6.35 -32.76 -10.26 0.00 0.00 0.00 -22.35 3.31 -3.54 0.60 4.95 13.77 -1.53 21.87 -13.84 0.00 -0.36 -0.98 0.00 0.00 0.00 17.50 -0.58 4.59 -1.29 -7.19 20.27 -0.71 -9.18 -21.80 -0.04 1.25 -3.43 -0.57 1.62 4.84 0.17 2.12 2.34 0.38 1.05 -0.34 1.96 7.92 -8.51 -2.93 10.55 4.12 -0.71 5.16 3.10 0.00 0.00 0.00 -79.40 -1.15 31.74 89.80 -60.00 -59.83 -0.00 0.00 -35.06 32.11 7.36 4.60 -7.12 0.00 -0.00 4.59 38.62 -0.72 0.00 0.00 0.00 65.35 11.86 47.24 -89.67 60.00 -59.71 0.00 -0.00 -23.46 -25.93 17.73 -8.43 7.12 -0.00 -0.00 1.35 -10.41 1.09
9.65 17.77 -1.11 6.03 -34.41 -10.73 0.00 0.00 0.00 -21.68 3.96 -3.10 0.66 5.19 14.44 -1.41 21.88 -16.75 0.06 1.60 4.40 0.00 0.00 0.00 18.00 -0.11 5.48 -1.24 -7.05 19.87 -0.64 -8.92 -20.94 -0.02 0.92 -2.53 -0.02 1.86 5.25 0.61 2.47 2.25 0.50 1.23 -0.66 2.17 8.12 -8.22 -3.71 10.88 4.67 -0.97 5.30 3.31 -0.00 0.00 0.00 -80.57 0.90 31.97 100.65 -59.57 -69.21 -0.00 0.00 -33.48 32.33 6.24 3.94 -7.12 0.00 -0.00 4.76 37.32 -0.90 -0.00 0.00 0.00 64.67 10.08 47.52 -99.76 59.64 -68.45 0.00 -0.00 -22.78 -26.17 18.49 -8.86 7.12 -0.00 -0.00 1.28 -9.55 1.05
9.64 17.75 -1.10 7.61 -34.96 -11.36 0.00 0.00 0.00 -22.98 4.93 -3.15 0.58 4.88 13.56 -1.48 22.09 -16.04 0.05 1.49 4.11 0.00 0.00 0.00 16.50 0.14 4.54 -1.40 -7.49 21.18 -0.81 -7.75 -21.48 -0.00 0.09 -0.25 -0.78 1.75 4.35 0.25 2.30 2.41 0.59 1.14 -0.00 1.75 8.20 -8.18 -3.53 10.99 4.02 -0.85 5.36 3.04 -0.00 0.00 0.00 -82.01 2.40 31.26 110.13 -58.41 -77.34 -0.00 0.00 -32.44 31.29 6.00 3.64 -7.12 0.00 -0.00 3.88 36.97 -0.77 -0.00 0.00 0.00 65.66 8.50 47.00 -109.41 58.53 -76.73 0.00 -0.00 -22.36 -25.08 18.67 -8.52 7.12 -0.00 -0.00 2.00 -9.53 1.64
9.62 17.75 -1.09 8.03 -35.82 -11.96 0.00 0.00 0.00 -22.96 5.45 -3.59 0.69 5.32 14.81 -1.41 21.86 -16.65 0.11 2.17 5.97 0.00 0.00 0.00 16.31 0.52 5.05 -1.40 -7.48 21.14 -0.86 -7.28 -21.61 -0.00 0.23 -0.65 -0.76 1.76 4.35 0.39 2.30 2.56 0.73 1.14 0.14 2.53 8.44 -8.40 -4.88 11.32 4.18 -1.38 5.48 3.30 -0.00 -0.00 0.00 -83.10 3.64 31.73 117.78 -56.87 -83.81 -0.00 0.00 -31.60 31.71 5.12 3.15 -7.12 0.00 -0.00 4.22 35.96 -0.94 -0.00 -0.00 0.00 66.23 5.18 46.75 -119.39 56.47 -85.15 0.00 -0.00 -22.31 -25.76 19.54 -9.17 7.12 -0.00 -0.00 1.65 -8.48 1.39
9.60 17.72 -1.10 8.95 -36.35 -12.77 0.00 0.00 0.00 -23.40 6.86 -4.60 0.87 5.94 16.61 -1.46 21.14 -12.05 0.25 -3.22 -8.90 0.00 0.00 0.00 15.57 0.70 4.94 -1.49 -7.72 21.87 -0.90 -7.07 -21.86 -0.01 0.60 -1.66 -1.21 1.66 4.67 0.26 2.15 2.73 0.85 1.05 0.13 2.76 8.78 -8.57 -5.46 11.78 3.85 -1.58 5.69 3.30 0.00 0.00 0.00 -84.46 5.08 31.29 123.68 -55.25 -88.70 -0.00 0.00 -30.38 31.42 4.49 2.74 -7.12 0.00 -0.00 3.96 35.21 -0.95 0.00 0.00 0.00 67.98 1.78 46.51 -127.33 54.02 -91.68 0.00 -0.00 -21.90 -24.26 20.88 -9.13 7.12 -0.00 -0.00 2.74 -7.30 2.38
9.60 17.72 -1.11 7.98 -37.43 -11.99 0.00 0.00 0.00 -21.99 8.44 -7.04 1.20 6.94 19.54 -1.01 18.58 -13.91 0.01 -0.76 -2.08 0.00 0.00 0.00 16.52 0.77 4.31 -1.53 -7.80 22.10 -0.90 -6.64 -21.49 -0.05 1.51 -4.15 -0.14 1.66 4.86 0.98 2.19 2.69 0.98 1.08 -0.00 2.37 9.07 -9.09 -6.17 12.27 4.08 -1.68 5.88 3.53 0.00 0.00 0.00 -86.11 5.85 31.44 127.28 -54.03 -91.64 -0.00 0.00 -29.39 31.74 4.04 2.49 -7.12 0.00 -0.00 4.23 34.70 -1.07 0.00 0.00 0.00 68.79 -2.15 46.00 -133.02 51.70 -96.22 0.00 -0.00 -20.57 -24.70 22.57 -10.01 7.12 -0.00 -0.00 2.65 -5.42 2.39
9.62 17.68 -1.11 9.17 -36.50 -13.20 0.00 0.00 0.00 -23.04 9.74 -8.14 1.40 7.50 21.19 -0.72 16.72 -14.56 0.01 0.78 2.15 0.00 0.00 0.00 15.10 -0.07 3.60 -1.81 -8.45 24.08 -1.04 -6.10 -22.39 -0.05 1.38 -3.80 -0.74 1.16 5.78 0.82 1.49 2.93 1.17 0.73 -0.27 2.57 9.32 -8.85 -7.06 12.57 2.99 -2.01 6.03 3.21 -0.00 -0.00 0.00 -86.96 6.37 31.59 129.22 -53.30 -93.20 -0.00 0.00 -28.12 32.00 3.66 2.29 -7.12 0.00 -0.00 4.43 34.27 -1.17 -0.00 -0.00 0.00 70.25 -6.48 45.38 -137.75 49.35 -99.87 0.00 -0.00 -19.71 -23.12 23.87 -9.80 7.12 -0.00 -0.00 3.78 -4.33 3.49
9.64 17.64 -1.13 8.65 -36.20 -13.06 0.00 0.00 0.00 -22.37 10.73 -9.98 1.80 8.43 24.04 -0.54 14.99 -13.69 0.00 -0.39 -1.06 0.00 0.00 0.00 15.49 -0.48 3.20 -1.93 -8.71 24.91 -1.11 -5.96 -22.89 -0.01 0.73 -2.00 0.48 0.83 6.27 0.70 1.10 3.26 0.38 0.54 -0.16 2.64 9.60 -9.63 -7.04 12.92 2.84 -1.96 6.19 3.33 -0.00 -0.00 0.00 -87.07 6.40 31.87 130.42 -52.82 -94.16 -0.00 0.00 -27.81 31.91 3.27 2.03 -7.12 0.00 -0.00 4.34 33.80 -1.20 -0.00 -0.00 0.00 71.92 -9.65 44.48 -140.48 47.78 -101.92 0.00 -0.00 -19.79 -22.90 24.15 -9.81 7.12 -0.00 -0.00 3.94 -4.08 3.66
9.67 17.60 -1.13 7.61 -37.20 -12.15 0.00 0.00 0.00 -21.07 11.82 -12.34 2.25 9.37 26.96 -0.29 13.23 -14.66 0.01 -0.59 -1.61 0.00 0.00 0.00 16.52 0.10 2.41 -2.03 -8.93 25.58 -1.09 -6.17 -22.86 -0.03 1.21 -3.31 1.33 0.62 6.49 1.37 0.88 3.37 0.60 0.43 -0.17 3.16 10.28 -9.56 -8.25 13.81 2.19 -2.39 6.60 3.29 0.00 0.00 0.00 -87.65 6.55 31.44 130.95 -52.61 -94.58 -0.00 0.00 -26.73 32.12 3.25 2.04 -7.12 0.00 -0.00 4.51 33.79 -1.24 0.00 0.00 0.00 72.10 -11.68 44.57 -141.81 46.96 -102.90 0.00 -0.00 -19.50 -23.12 24.30 -9.96 7.12 -0.00 -0.00 3.83 -3.89 3.57
9.72 17.55 -1.12 8.48 -37.39 -12.67 0.00 0.00 0.00 -21.82 12.90 -13.24 2.41 9.67 27.93 -0.26 12.34 -13.56 0.05 -1.37 -3.77 0.00 0.00 0.00 15.53 0.26 1.16 -2.37 -9.59 27.66 -1.17 -5.80 -23.33 -0.11 2.15 -5.93 0.47 0.30 7.04 1.71 0.41 3.49 1.46 0.18 -0.36 3.44 10.73 -9.25 -9.58 14.43 1.63 -2.85 6.89 3.24 -0.00 -0.00 0.00 -88.50 6.44 30.85 130.89 -52.63 -94.53 -0.00 0.00 -26.18 31.81 2.34 1.45 -7.12 0.00 -0.00 4.23 32.71 -1.28 -0.00 -0.00 0.00 71.62 -12.49 44.80 -142.54 46.49 -103.42 0.00 -0.00 -18.56 -23.33 24.19 -10.02 7.12 -0.00 -0.00 3.69 -3.96 3.43
9.77 17.54 -1.10 8.08 -37.06 -12.46 0.00 0.00 0.00 -21.63 12.80 -13.83 2.59 10.00 28.98 -0.25 12.64 -14.21 0.04 -1.37 -3.77 0.00 0.00 0.00 15.75 0.03 0.73 -2.46 -9.77 28.23 -1.12 -6.59 -23.38 -0.25 3.24 -8.94 0.82 -0.16 7.45 1.95 -0.18 3.66 1.56 -0.12 -0.40 4.63 11.03 -9.29 -11.51 14.80 1.51 -3.27 7.00 3.17 0.00 0.00 0.00 -88.53 6.46 30.62 131.25 -52.48 -94.82 -0.00 0.00 -25.94 31.83 2.58 1.60 -7.12 0.00 -0.00 4.26 32.99 -1.25 0.00 0.00 0.00 71.26 -12.30 44.97 -142.77 46.34 -103.59 0.00 -0.00 -18.06 -23.11 24.33 -9.97 7.12 -0.00 -0.00 3.84 -3.86 3.58
9.83 17.56 -1.05 7.74 -37.94 -12.20 0.00 0.00 0.00 -21.55 14.17 -15.48 2.86 10.46 30.48 -0.22 14.13 -17.37 0.04 1.27 3.49 0.00 0.00 0.00 15.73 -0.25 1.13 -2.29 -9.46 27.23 -1.10 -6.03 -22.85 -0.23 3.08 -8.50 1.22 0.12 7.85 2.46 0.22 3.72 1.83 0.08 -0.56 3.55 11.18 -9.76 -10.84 15.13 2.08 -2.85 7.15 3.31 -0.00 -0.00 0.00 -88.57 5.92 31.47 130.59 -52.76 -94.29 -0.00 0.00 -25.87 31.78 3.14 1.95 -7.12 0.00 -0.00 4.23 33.65 -1.18 -0.00 -0.00 0.00 70.13 -11.58 44.57 -143.06 46.15 -103.80 0.00 -0.00 -17.77 -24.26 23.66 -10.25 7.12 -0.00 -0.00 3.05 -4.34 2.82
9.88 17.54 -0.97 8.10 -37.29 -12.24 0.00 0.00 0.00 -22.36 13.77 -15.15 2.78 10.33 30.04 -0.34 15.29 -17.72 0.01 0.66 1.80 0.00 0.00 0.00 14.79 -1.00 0.52 -2.38 -9.61 27.72 -1.18 -5.43 -23.12 -0.17 2.63 -7.26 0.95 -0.08 7.89 2.26 -0.06 3.72 1.79 -0.06 -0.58 3.02 11.28 -9.05 -9.29 15.14 0.97 -2.65 7.27 2.95 -0.00 0.00 0.00 -88.05 5.72 31.92 130.69 -52.71 -94.37 -0.00 0.00 -25.44 32.03 2.83 1.77 -7.12 0.00 -0.00 4.42 33.29 -1.27 -0.00 0.00 0.00 70.45 -9.96 44.51 -143.00 46.19 -103.76 0.00 -0.00 -17.78 -23.59 23.06 -9.70 7.12 -0.00 -0.00 3.40 -5.10 3.09
9.92 17.55 -0.89 7.37 -36.29 -11.51 0.00 0.00 0.00 -22.05 12.73 -15.06 2.69 10.18 29.55 -0.41 15.59 -17.26 0.00 -0.22 -0.59 0.00 0.00 0.00 14.98 -1.88 0.58 -2.29 -9.45 27.20 -1.17 -5.96 -23.39 -0.23 3.11 -8.60 1.14 -0.19 7.53 2.24 -0.20 3.90 1.68 -0.13 -0.20 3.33 11.11 -10.12 -8.99 14.91 1.68 -2.55 7.12 3.38 0.00 -0.00 0.00 -87.63 4.95 32.44 130.53 -52.78 -94.25 -0.00 0.00 -24.69 31.34 2.36 1.44 -7.12 0.00 -0.00 3.85 32.72 -1.16 0.00 -0.00 0.00 70.24 -7.36 44.48 -142.93 46.23 -103.71 0.00 -0.00 -18.19 -24.85 23.15 -10.32 7.12 -0.00 -0.00 2.62 -4.77 2.40
9.98 17.52 -0.82 7.10 -35.29 -11.11 0.00 0.00 0.00 -22.37 12.33 -14.93 2.60 10.02 29.05 -0.34 14.39 -16.03 0.02 -0.96 -2.64 0.00 0.00 0.00 14.64 -2.60 -0.21 -2.43 -9.72 28.06 -1.22 -6.01 -23.83 -0.27 3.34 -9.22 0.64 -0.19 7.62 2.48 -0.24 3.97 2.22 -0.16 -0.17 3.25 11.02 -10.74 -9.60 14.84 2.02 -2.43 7.02 3.30 -0.00 0.00 0.00 -87.92 4.30 33.21 130.94 -52.61 -94.58 -0.00 0.00 -24.34 31.91 2.58 1.60 -7.12 0.00 -0.00 4.32 32.99 -1.27 -0.00 0.00 0.00 69.16 -3.76 45.06 -142.66 46.41 -103.52 0.00 -0.00 -17.56 -25.70 22.87 -10.59 7.12 -0.00 -0.00 2.06 -4.91 1.88
10.03 17.51 -0.74 5.42 -33.85 -9.88 0.00 0.00 0.00 -21.41 10.94 -15.28 2.79 10.35 30.13 -0.28 13.71 -15.69 0.14 -2.45 -6.76 0.00 0.00 0.00 15.77 -3.46 -0.09 -2.36 -9.58 27.64 -1.22 -6.60 -24.25 -0.22 3.04 -8.39 1.12 -0.25 7.75 2.67 -0.27 3.88 2.14 -0.17 -0.33 2.81 10.69 -10.95 -8.57 14.35 1.57 -2.33 6.83 3.37 -0.00 0.00 0.00 -87.82 4.04 33.70 131.50 -52.37 -95.02 -0.00 0.00 -23.78 30.95 2.02 1.21 -7.12 0.00 -0.00 3.52 32.32 -1.10 -0.00 0.00 0.00 68.68 0.95 45.85 -142.00 46.84 -103.04 0.00 -0.00 -16.97 -25.20 22.53 -10.22 7.12 -0.00 -0.00 2.33 -5.37 2.11
10.09 17.49 -0.65 3.77 -31.66 -8.86 0.00 0.00 0.00 -20.55 8.95 -15.53 3.03 10.74 31.41 -0.12 12.57 -16.25 0.06 -1.56 -4.30 0.00 0.00 0.00 16.86 -4.56 0.25 -2.28 -9.44 27.17 -1.26 -7.39 -25.04 -0.13 2.32 -6.39 2.00 -0.25 7.89 2.54 -0.21 3.98 1.51 -0.12 -0.31 2.63 10.08 -11.49 -8.26 13.51 1.27 -2.25 6.42 3.27 0.00 -0.00 0.00 -87.54 3.11 34.62 131.63 -52.32 -95.12 -0.00 0.00 -23.28 31.03 2.63 1.58 -7.12 0.00 -0.00 3.60 33.03 -1.06 0.00 -0.00 0.00 68.34 6.94 46.39 -140.85 47.56 -102.19 0.00 -0.00 -16.43 -26.63 22.70 -10.95 7.12 -0.00 -0.00 1.46 -4.91 1.33
10.12 17.48 -0.56 3.56 -29.52 -8.27 0.00 0.00 0.00 -20.96 7.78 -16.41 3.22 11.05 32.43 -0.14 11.70 -14.57 0.27 -3.37 -9.31 0.00 0.00 0.00 16.73 -5.28 0.04 -2.28 -9.42 27.11 -1.17 -8.97 -25.53 -0.12 2.28 -6.27 1.03 0.18 7.67 2.22 0.29 3.91 1.69 0.12 -0.26 3.61 9.22 -12.32 -9.78 12.33 1.83 -2.68 5.73 3.37 0.00 0.00 0.00 -87.28 2.33 35.86 131.80 -52.24 -95.25 -0.00 0.00 -23.19 31.76 2.53 1.57 -7.12 0.00 -0.00 4.20 32.93 -1.24 0.00 0.00 0.00 67.49 13.21 46.42 -139.61 48.30 -101.27 0.00 -0.00 -14.99 -26.07 22.19 -10.47 7.12 -0.00 -0.00 1.75 -5.56 1.57
10.16 17.44 -0.45 2.63 -25.90 -8.16 0.00 0.00 0.00 -20.62 5.75 -15.92 3.42 11.34 33.45 0.12 9.65 -15.61 0.08 -1.84 -5.05 0.00 0.00 0.00 17.03 -7.67 1.07 -2.14 -9.16 26.30 -1.19 -9.87 -26.36 -0.11 2.18 -6.01 0.91 0.40 8.13 1.96 0.59 3.87 1.46 0.28 -0.57 0.45 8.05 -11.67 -5.93 10.91 0.74 -1.33 5.22 2.65 0.00 0.00 0.00 -87.67 1.90 37.49 131.65 -52.31 -95.13 -0.00 0.00 -23.10 31.63 2.53 1.56 -7.12 0.00 -0.00 4.09 32.94 -1.21 0.00 0.00 0.00 66.10 20.36 45.91 -137.22 49.63 -99.47 0.00 -0.00 -14.89 -25.34 20.94 -9.60 7.12 -0.00 -0.00 2.07 -7.05 1.80
10.15 17.43 -0.34 1.68 -22.32 -7.28 0.00 0.00 0.00 -20.10 3.72 -16.22 3.64 11.67 34.57 0.26 7.20 -14.90 0.49 -4.47 -12.39 0.00 0.00 0.00 17.80 -9.44 1.09 -2.08 -9.03 25.90 -1.11 -11.34 -27.01 -0.17 2.66 -7.33 0.35 0.79 7.71 1.44 1.07 3.62 1.20 0.52 -0.61 -0.11 6.87 -12.02 -4.42 9.33 0.76 -0.85 4.48 2.54 -0.00 0.00 0.00 -87.18 1.10 39.24 131.52 -52.36 -95.04 -0.00 0.00 -24.11 31.38 2.80 1.70 -7.12 0.00 -0.00 3.89 33.24 -1.13 -0.00 0.00 0.00 64.66 27.63 45.11 -133.70 51.39 -96.75 0.00 -0.00 -14.00 -26.71 20.49 -9.99 7.12 -0.00 -0.00 1.14 -7.28 0.99
10.11 17.41 -0.19 0.45 -18.11 -6.28 0.00 0.00 0.00 -19.32 1.56 -16.52 3.83 11.92 35.46 0.40 4.65 -14.57 0.38 -3.95 -10.94 0.00 0.00 0.00 18.96 -12.00 0.97 -1.99 -8.84 25.30 -1.13 -12.65 -28.28 -0.13 2.32 -6.39 -0.22 1.13 7.04 0.53 1.48 3.38 0.56 0.73 -0.48 0.11 5.41 -11.85 -2.13 7.24 0.22 -0.30 3.53 2.19 0.00 0.00 0.00 -86.16 0.44 40.86 131.07 -52.56 -94.68 -0.00 0.00 -23.65 31.17 2.39 1.45 -7.12 0.00 -0.00 3.71 32.76 -1.12 0.00 0.00 0.00 63.18 35.74 43.39 -127.75 53.86 -92.02 0.00 -0.00 -13.41 -25.37 19.17 -8.85 7.12 -0.00 -0.00 1.86 -8.95 1.55
10.05 17.39 -0.06 -0.20 -13.51 -5.53 0.00 0.00 0.00 -19.17 -1.43 -16.26 3.88 11.99 35.71 0.46 3.19 -14.43 0.51 -4.58 -12.72 0.00 0.00 0.00 19.90 -14.08 0.76 -1.96 -8.78 25.10 -1.31 -13.89 -30.60 -0.08 1.85 -5.10 -1.65 1.53 6.56 -0.31 1.93 2.97 0.47 0.95 -0.66 -1.59 3.49 -10.62 1.28 4.79 -0.55 0.89 2.42 1.55 0.00 -0.00 0.00 -85.23 0.31 42.79 131.01 -52.58 -94.63 -0.00 0.00 -23.36 30.61 2.53 1.49 -7.12 0.00 -0.00 3.26 32.90 -0.97 0.00 -0.00 0.00 60.19 43.42 40.60 -120.16 56.27 -85.79 0.00 -0.00 -14.39 -25.46 18.22 -8.47 7.12 -0.00 -0.00 1.71 -9.96 1.39
9.95 17.39 0.05 -1.10 -9.44 -4.83 0.00 0.00 0.00 -18.38 -4.45 -16.28 4.04 12.21 36.48 0.50 1.76 -14.17 0.59 -4.91 -13.65 0.00 0.00 0.00 21.37 -16.36 0.52 -1.83 -8.50 24.25 -1.29 -14.88 -31.36 -0.07 1.68 -4.62 -3.01 2.19 6.72 -1.04 2.70 2.40 0.40 1.34 -1.37 -3.10 1.56 -8.36 4.24 2.33 -2.31 1.93 1.24 0.61 -0.00 0.00 0.00 -84.39 0.51 44.24 130.95 -52.60 -94.58 -0.00 0.00 -22.90 30.23 2.38 1.39 -7.12 0.00 -0.00 2.95 32.72 -0.89 -0.00 0.00 0.00 54.18 50.99 36.03 -109.82 58.46 -77.08 0.00 -0.00 -15.54 -24.05 15.79 -6.93 7.12 -0.00 -0.00 2.43 -12.78 1.84
9.82 17.41 0.16 -1.66 -6.39 -3.78 0.00 0.00 0.00 -17.97 -5.93 -17.42 4.25 12.48 37.46 0.48 2.00 -14.00 2.05 -8.97 -25.70 0.00 0.00 0.00 22.74 -18.08 -0.01 -1.65 -8.10 23.01 -1.18 -15.90 -31.64 -0.01 0.71 -1.95 -4.64 3.12 6.46 -2.34 3.82 2.37 -0.10 1.90 -1.31 -4.58 -0.36 -8.95 8.03 -0.06 -2.77 3.42 0.12 0.69 -0.00 0.00 0.00 -82.53 -0.07 45.07 131.02 -52.58 -94.64 -0.00 0.00 -23.04 29.47 1.99 1.12 -7.12 0.00 -0.00 2.33 32.25 -0.73 -0.00 0.00 0.00 44.74 58.96 27.27 -92.17 59.98 -61.88 0.00 -0.00 -14.53 -24.14 15.43 -6.80 7.12 -0.00 -0.00 2.34 -13.16 1.75
9.67 17.41 0.24 -3.05 -4.29 -2.74 0.00 0.00 0.00 -15.95 -7.41 -18.00 4.24 12.48 37.44 0.52 1.01 -13.99 1.36 -7.37 -20.82 0.00 0.00 0.00 25.08 -19.42 -1.34 -1.66 -8.11 23.05 -1.09 -16.13 -31.27 -0.05 1.41 -3.88 -5.01 4.09 6.24 -3.64 5.10 2.61 -1.31 2.53 -0.89 -5.63 -2.23 -8.31 11.11 -2.32 -5.12 4.65 -1.01 0.05 -0.00 0.00 0.00 -80.58 -0.75 44.92 131.68 -52.30 -95.16 -0.00 0.00 -23.16 28.71 3.98 2.18 -7.12 0.00 -0.00 1.71 34.51 -0.44 -0.00 0.00 0.00 29.25 66.89 11.83 -71.35 58.64 -43.93 0.00 -0.00 -16.33 -23.61 15.03 -6.46 7.12 -0.00 -0.00 2.68 -13.66 1.97
9.52 17.41 0.31 -4.98 -3.18 -1.31 0.00 0.00 0.00 -13.07 -7.87 -19.59 4.30 12.54 37.69 0.54 -0.27 -13.79 0.75 -5.52 -15.40 0.00 0.00 0.00 28.00 -19.70 -3.16 -1.70 -8.21 23.35 -0.86 -16.59 -30.20 -0.16 2.54 -7.00 -4.85 4.89 6.08 -4.70 6.16 2.59 -2.55 3.06 -0.70 -6.46 -3.54 -8.49 14.03 -3.78 -7.02 5.21 -1.75 -0.23 -0.00 0.00 0.00 -79.25 -0.80 43.27 132.50 -51.93 -95.81 -0.00 0.00 -23.10 28.90 2.16 1.19 -7.12 0.00 -0.00 1.87 32.45 -0.57 -0.00 0.00 0.00 1.86 72.26 -14.72 -51.45 53.56 -27.33 0.00 -0.00 -18.96 -22.96 13.42 -5.62 7.12 -0.00 -0.00 3.02 -15.46 2.11
9.41 17.41 0.40 -6.01 -1.89 -0.29 0.00 0.00 0.00 -11.54 -8.25 -21.15 4.52 12.82 38.69 0.57 -1.00 -13.91 0.37 -3.92 -10.86 0.00 0.00 0.00 29.48 -21.53 -4.03 -1.55 -7.87 22.31 -0.75 -15.69 -28.54 -0.17 2.62 -7.23 -4.70 5.34 6.09 -6.10 6.75 2.54 -4.13 3.37 -0.57 -7.18 -4.73 -7.94 15.89 -5.13 -8.60 5.89 -2.48 -0.54 -0.00 0.00 0.00 -78.09 -1.17 40.45 131.94 -52.18 -95.37 -0.00 0.00 -23.13 28.02 2.63 1.40 -7.12 0.00 -0.00 1.16 32.96 -0.34 -0.00 0.00 0.00 -29.83 72.57 -45.56 -35.27 45.01 -15.01 0.00 -0.00 -18.33 -23.83 14.10 -6.14 7.12 -0.00 -0.00 2.47 -14.64 1.77
9.31 17.43 0.49 -7.41 -0.65 0.76 0.00 0.00 0.00 -9.47 -8.83 -22.88 4.77 13.12 39.83 0.60 -1.70 -14.12 0.34 -3.73 -10.31 0.00 0.00 0.00 31.67 -22.42 -4.44 -1.33 -7.31 20.64 -0.63 -15.55 -27.52 -0.12 2.23 -6.14 -4.02 5.69 6.30 -7.18 7.22 2.51 -5.68 3.63 -0.46 -8.09 -5.79 -8.27 17.51 -6.31 -9.75 6.52 -3.06 -0.56 0.00 -0.00 0.00 -77.97 -1.00 37.78 132.12 -52.11 -95.51 -0.00 0.00 -22.63 29.20 3.42 1.91 -7.12 0.00 -0.00 2.12 33.89 -0.58 0.00 -0.00 0.00 -52.24 69.14 -68.03 -23.64 34.78 -7.50 0.00 -0.00 -17.54 -24.27 15.01 -6.66 7.12 -0.00 -0.00 2.23 -13.59 1.64
9.21 17.42 0.58 -8.05 0.67 1.60 0.00 0.00 0.00 -8.35 -8.68 -24.11 4.89 13.26 40.36 0.59 -3.06 -13.84 0.31 -3.58 -9.90 0.00 0.00 0.00 33.15 -23.07 -5.04 -1.20 -6.94 19.53 -0.38 -16.35 -26.48 -0.37 3.93 -10.87 -4.27 5.93 6.38 -8.13 7.51 2.46 -6.58 3.78 -0.44 -8.66 -6.63 -8.00 18.24 -7.24 -11.16 6.84 -3.56 -0.83 0.00 0.00 0.00 -78.66 -0.39 35.40 132.54 -51.92 -95.84 -0.00 0.00 -22.17 28.41 4.83 2.61 -7.12 0.00 -0.00 1.46 35.46 -0.34 0.00 0.00 0.00 -61.85 64.79 -76.95 -17.20 27.12 -4.18 0.00 -0.00 -16.82 -22.48 13.23 -5.41 7.12 -0.00 -0.00 3.34 -15.72 2.31
9.14 17.41 0.66 -8.91 2.56 2.45 0.00 0.00 0.00 -7.02 -9.57 -25.48 4.96 13.34 40.64 0.56 -3.99 -13.34 0.25 -3.20 -8.84 0.00 0.00 0.00 35.03 -23.55 -5.43 -1.01 -6.38 17.89 -0.31 -16.87 -26.57 -0.24 3.15 -8.71 -3.88 6.03 6.98 -8.95 7.58 2.14 -7.78 3.83 -0.93 -8.78 -7.30 -8.00 18.57 -8.05 -11.80 6.94 -3.98 -0.88 -0.00 0.00 0.00 -79.83 1.16 34.15 133.62 -51.43 -96.68 -0.00 0.00 -22.16 28.30 3.20 1.72 -7.12 0.00 -0.00 1.39 33.61 -0.39 -0.00 0.00 0.00 -64.54 62.34 -83.24 -13.86 22.53 -2.77 0.00 -0.00 -12.91 -20.50 12.55 -4.64 7.12 -0.00 -0.00 4.69 -16.64 3.16
9.09 17.42 0.71 -8.69 4.30 2.89 0.00 0.00 0.00 -7.10 -10.94 -26.03 4.98 13.36 40.75 0.54 -3.86 -13.10 0.20 -2.90 -8.01 0.00 0.00 0.00 35.39 -22.83 -4.85 -0.87 -5.94 16.62 -0.77 -15.81 -28.78 -0.00 0.08 -0.23 -4.67 5.92 7.42 -9.39 7.33 2.18 -7.86 3.70 -1.19 -8.85 -7.79 -7.75 17.77 -8.70 -12.47 6.70 -4.31 -1.08 -0.00 0.00 0.00 -82.13 2.55 32.63 133.54 -51.46 -96.63 -0.00 0.00 -22.31 27.59 3.50 1.83 -7.12 0.00 -0.00 0.80 33.92 -0.22 -0.00 0.00 0.00 -65.94 61.40 -87.69 -12.89 21.13 -2.41 0.00 -0.00 -12.26 -22.32 13.03 -5.29 7.12 -0.00 -0.00 3.44 -15.95 2.37
9.09 17.42 0.76 -9.19 5.45 2.86 0.00 0.00 0.00 -6.55 -11.89 -26.19 5.11 13.51 41.31 0.58 -4.09 -13.52 0.12 -2.22 -6.12 0.00 0.00 0.00 36.09 -23.25 -4.04 -0.70 -5.35 14.91 -0.38 -16.99 -27.25 -0.03 1.09 -3.00 -4.34 5.88 7.54 -9.34 7.32 2.44 -7.99 3.71 -0.94 -9.95 -8.02 -7.88 17.93 -8.88 -12.86 6.93 -4.36 -1.08 0.00 -0.00 0.00 -84.37 4.25 31.69 133.79 -51.35 -96.82 -0.00 0.00 -22.39 28.64 5.05 2.75 -7.12 0.00 -0.00 1.64 35.73 -0.37 0.00 -0.00 0.00 -63.21 61.24 -83.69 -14.15 22.94 -2.89 0.00 -0.00 -14.92 -24.79 13.32 -6.07 7.12 -0.00 -0.00 1.76 -15.37 1.23
9.10 17.44 0.79 -8.48 5.53 3.07 0.00 0.00 0.00 -7.46 -12.23 -26.09 5.05 13.44 41.02 0.58 -3.42 -13.63 0.12 -2.22 -6.11 0.00 0.00 0.00 35.23 -22.91 -3.84 -0.69 -5.32 14.82 -0.39 -16.88 -27.20 -0.02 1.01 -2.79 -5.21 6.04 7.17 -9.52 7.53 2.59 -7.65 3.81 -0.64 -9.69 -7.98 -7.81 16.94 -8.83 -13.40 6.60 -4.34 -1.34 -0.00 0.00 0.00 -86.12 4.88 31.49 132.28 -52.03 -95.63 -0.00 0.00 -21.76 27.91 3.86 2.04 -7.12 0.00 -0.00 1.05 34.35 -0.28 -0.00 0.00 0.00 -57.49 62.33 -77.32 -17.68 27.75 -4.40 0.00 -0.00 -17.06 -25.18 14.00 -6.49 7.12 -0.00 -0.00 1.54 -14.58 1.10
9.15 17.43 0.79 -8.75 4.77 2.93 0.00 0.00 0.00 -7.36 -11.96 -25.73 5.04 13.42 40.97 0.60 -2.67 -13.93 0.25 -3.19 -8.80 0.00 0.00 0.00 35.04 -22.45 -3.25 -0.71 -5.39 15.02 -0.71 -15.31 -27.85 -0.00 0.01 -0.02 -4.64 6.16 7.35 -9.47 7.70 2.46 -7.96 3.89 -0.80 -9.37 -7.54 -8.82 16.34 -8.27 -12.86 6.34 -4.00 -1.15 -0.00 0.00 0.00 -86.82 6.29 31.57 132.64 -51.88 -95.92 -0.00 0.00 -22.16 26.95 4.83 2.45 -7.12 0.00 -0.00 0.23 35.40 -0.05 -0.00 0.00 0.00 -49.15 64.57 -68.99 -22.95 34.03 -7.11 0.00 -0.00 -19.82 -25.47 14.15 -6.64 7.12 -0.00 -0.00 1.36 -14.38 0.98
9.21 17.45 0.79 -8.49 3.37 3.01 0.00 0.00 0.00 -7.94 -11.38 -25.14 4.92 13.29 40.46 0.61 -1.96 -14.26 0.20 -2.91 -8.04 0.00 0.00 0.00 34.14 -22.36 -3.23 -0.76 -5.55 15.49 -0.60 -15.34 -27.02 -0.01 0.51 -1.39 -4.60 6.24 6.92 -9.38 7.82 2.23 -7.85 3.95 -0.80 -8.57 -7.34 -8.78 15.15 -8.03 -13.67 5.88 -3.91 -1.54 -0.00 0.00 0.00 -87.00 7.96 31.90 133.18 -51.63 -96.34 -0.00 0.00 -22.08 26.54 5.69 2.83 -7.12 0.00 -0.00 -0.14 36.34 0.03 -0.00 0.00 0.00 -39.09 67.45 -59.80 -29.54 40.50 -11.11 0.00 -0.00 -20.33 -24.65 14.87 -6.72 7.12 -0.00 -0.00 1.96 -13.70 1.44
9.27 17.47 0.76 -7.33 2.00 2.58 0.00 0.00 0.00 -9.66 -11.04 -23.68 4.66 12.99 39.35 0.59 -0.56 -14.38 0.49 -4.48 -12.43 0.00 0.00 0.00 32.18 -22.06 -3.19 -0.92 -6.12 17.13 -0.80 -14.82 -27.98 -0.04 1.23 -3.39 -5.46 6.25 6.69 -9.04 7.85 2.69 -6.96 3.95 -0.35 -9.99 -7.15 -10.93 15.78 -7.55 -12.74 6.24 -3.51 -0.89 -0.00 0.00 0.00 -87.37 7.45 32.68 132.09 -52.12 -95.48 -0.00 0.00 -22.20 26.78 5.94 2.99 -7.12 0.00 -0.00 0.05 36.62 -0.01 -0.00 0.00 0.00 -26.93 69.02 -47.40 -38.34 47.05 -17.21 0.00 -0.00 -20.62 -25.64 12.97 -6.15 7.12 -0.00 -0.00 1.15 -15.65 0.80
9.35 17.47 0.70 -7.11 0.62 2.40 0.00 0.00 0.00 -10.18 -10.53 -23.07 4.53 12.84 38.75 0.63 -0.13 -14.97 0.21 -2.92 -8.05 0.00 0.00 0.00 31.46 -22.12 -3.61 -1.01 -6.39 17.93 -0.67 -15.73 -27.99 -0.32 3.65 -10.08 -5.21 6.00 6.10 -8.52 7.64 3.11 -6.42 3.84 0.35 -9.22 -6.85 -12.11 14.75 -7.11 -13.40 5.81 -3.28 -1.05 0.00 0.00 0.00 -86.97 7.35 33.61 132.33 -52.01 -95.67 -0.00 0.00 -22.74 27.49 5.41 2.81 -7.12 0.00 -0.00 0.67 36.07 -0.15 0.00 0.00 0.00 -13.65 70.22 -34.32 -48.38 52.32 -24.89 0.00 -0.00 -20.79 -27.86 16.85 -8.71 7.12 -0.00 -0.00 -0.01 -11.07 -0.00
9.40 17.49 0.64 -6.80 -1.31 2.25 0.00 0.00 0.00 -10.73 -9.38 -22.84 4.47 12.76 38.46 0.62 0.64 -15.14 0.08 -1.85 -5.08 0.00 0.00 0.00 30.67 -21.44 -3.42 -1.04 -6.49 18.20 -0.63 -16.51 -28.54 -0.30 3.53 -9.75 -4.82 5.99 5.92 -8.16 7.63 2.72 -6.25 3.83 0.03 -8.36 -6.30 -11.35 13.51 -6.54 -13.96 5.35 -3.05 -1.50 0.00 -0.00 0.00 -85.42 8.22 35.13 132.02 -52.15 -95.43 -0.00 0.00 -23.00 27.77 5.10 2.68 -7.12 0.00 -0.00 0.91 35.74 -0.21 0.00 -0.00 0.00 6.85 69.58 -14.80 -61.30 56.65 -35.42 0.00 -0.00 -19.82 -26.69 18.90 -9.25 7.12 -0.00 -0.00 0.98 -9.02 0.81
9.47 17.49 0.55 -6.37 -3.22 1.80 0.00 0.00 0.00 -11.46 -8.43 -22.00 4.30 12.55 37.70 0.60 1.65 -15.35 0.11 -2.18 -6.00 0.00 0.00 0.00 29.64 -20.97 -3.27 -1.10 -6.65 18.69 -0.53 -17.42 -28.85 -0.23 3.09 -8.53 -4.59 5.87 6.05 -7.61 7.43 2.37 -5.82 3.73 -0.47 -8.72 -5.68 -10.75 13.76 -5.65 -14.48 5.56 -2.63 -1.81 0.00 0.00 0.00 -83.88 8.71 36.56 131.51 -52.37 -95.02 -0.00 0.00 -23.03 27.50 4.28 2.23 -7.12 0.00 -0.00 0.71 34.81 -0.18 0.00 0.00 0.00 25.29 66.69 3.11 -75.11 59.15 -47.14 0.00 -0.00 -18.23 -28.11 18.57 -9.65 7.12 -0.00 -0.00 0.03 -9.13 0.02
9.51 17.50 0.46 -4.89 -5.27 0.79 0.00 0.00 0.00 -13.30 -7.44 -20.41 4.03 12.20 36.45 0.56 2.68 -15.35 0.03 -1.19 -3.28 0.00 0.00 0.00 27.48 -19.89 -2.52 -1.19 -6.92 19.49 -0.60 -16.70 -28.54 -0.09 1.97 -5.42 -5.46 5.74 6.24 -7.16 7.22 2.70 -4.86 3.60 -0.40 -7.92 -5.43 -10.98 12.24 -5.47 -14.73 4.96 -2.55 -1.97 0.00 -0.00 0.00 -82.66 8.00 37.72 131.08 -52.55 -94.69 -0.00 0.00 -22.85 27.32 4.74 2.44 -7.12 0.00 -0.00 0.55 35.31 -0.13 0.00 -0.00 0.00 37.65 62.20 14.99 -89.89 60.00 -59.91 0.00 -0.00 -16.69 -28.62 18.43 -9.79 7.12 -0.00 -0.00 -0.32 -9.20 -0.27
9.58 17.50 0.37 -4.63 -7.64 0.33 0.00 0.00 0.00 -13.75 -6.32 -19.59 3.91 12.03 35.85 0.56 3.72 -15.99 0.06 -1.58 -4.34 0.00 0.00 0.00 26.72 -19.05 -2.45 -1.26 -7.13 20.09 -0.57 -16.56 -28.21 -0.10 2.05 -5.63 -4.86 5.58 6.25 -6.59 7.02 2.43 -4.60 3.50 -0.71 -7.08 -4.91 -11.05 11.30 -4.96 -14.46 4.54 -2.32 -2.00 0.00 -0.00 0.00 -80.53 7.40 39.16 130.02 -52.99 -93.84 -0.00 0.00 -23.55 27.65 4.40 2.30 -7.12 0.00 -0.00 0.83 34.95 -0.20 0.00 -0.00 0.00 47.34 56.13 24.14 -102.20 59.43 -70.55 0.00 -0.00 -16.01 -29.66 18.95 -10.48 7.12 -0.00 -0.00 -0.92 -8.42 -0.78
9.61 17.50 0.28 -4.14 -10.42 -0.72 0.00 0.00 0.00 -14.33 -4.86 -18.31 3.73 11.79 35.01 0.51 5.11 -16.34 0.03 -1.19 -3.28 0.00 0.00 0.00 25.59 -18.02 -1.01 -1.23 -7.02 19.77 -0.66 -15.76 -27.96 -0.09 1.88 -5.18 -4.83 5.35 6.11 -5.73 6.74 2.48 -3.68 3.35 -0.70 -6.68 -3.85 -10.63 10.54 -3.64 -14.84 4.29 -1.69 -2.33 0.00 -0.00 0.00 -79.52 7.27 39.55 129.43 -53.22 -93.37 -0.00 0.00 -23.24 27.88 3.66 1.93 -7.12 0.00 -0.00 1.03 34.12 -0.28 0.00 -0.00 0.00 53.99 49.95 30.62 -111.19 58.23 -78.24 0.00 -0.00 -13.42 -29.17 20.05 -10.83 7.12 -0.00 -0.00 -0.47 -7.30 -0.41
9.65 17.53 0.21 -3.06 -13.34 -1.58 0.00 0.00 0.00 -15.58 -3.13 -17.58 3.66 11.69 34.65 0.36 7.01 -16.08 0.21 -2.94 -8.12 0.00 0.00 0.00 23.84 -16.35 0.50 -1.13 -6.75 18.97 -0.76 -14.67 -27.54 -0.03 1.18 -3.24 -4.91 4.99 5.71 -5.19 6.28 2.38 -3.01 3.12 -0.66 -5.90 -2.77 -11.09 9.22 -2.45 -13.45 4.11 -1.08 -2.26 0.00 0.00 0.00 -78.75 7.43 39.77 129.65 -53.13 -93.55 -0.00 0.00 -23.34 28.21 4.43 2.37 -7.12 0.00 -0.00 1.30 35.00 -0.32 0.00 0.00 0.00 58.22 43.23 35.40 -119.07 56.55 -84.88 0.00 -0.00 -13.26 -28.48 20.86 -10.94 7.12 -0.00 -0.00 0.07 -6.54 0.06
9.69 17.51 0.11 -2.46 -16.39 -2.62 0.00 0.00 0.00 -16.06 -1.50 -16.60 3.57 11.57 34.22 0.31 8.39 -16.72 0.28 -3.40 -9.41 0.00 0.00 0.00 22.79 -14.35 2.17 -1.08 -6.59 18.52 -0.69 -14.23 -26.55 -0.20 2.89 -7.97 -4.45 4.48 5.85 -4.30 5.63 2.32 -2.31 2.80 -0.86 -5.11 -1.53 -11.49 7.64 -1.02 -12.60 3.40 -0.38 -2.03 -0.00 0.00 0.00 -78.24 7.46 39.67 129.49 -53.20 -93.42 -0.00 0.00 -23.69 27.77 3.71 1.95 -7.12 0.00 -0.00 0.94 34.18 -0.25 -0.00 0.00 0.00 61.18 36.70 39.32 -123.94 55.17 -88.91 0.00 -0.00 -13.11 -28.41 21.74 -11.33 7.12 -0.00 -0.00 0.23 -5.59 0.21
9.72 17.48 0.00 -1.84 -19.92 -3.43 0.00 0.00 0.00 -16.36 0.43 -15.92 3.42 11.35 33.47 0.39 8.91 -18.26 0.02 -0.88 -2.41 0.00 0.00 0.00 21.94 -11.85 2.41 -1.26 -7.13 20.09 -0.94 -12.59 -26.79 -0.10 2.02 -5.56 -3.52 4.14 5.70 -3.87 5.24 2.31 -2.34 2.61 -0.75 -3.60 -0.31 -11.84 5.95 0.30 -11.68 2.55 0.23 -1.74 -0.00 0.00 0.00 -77.33 7.33 39.81 129.85 -53.06 -93.70 -0.00 0.00 -23.76 28.58 4.12 2.24 -7.12 0.00 -0.00 1.61 34.67 -0.41 -0.00 0.00 0.00 64.12 30.74 42.06 -127.62 53.91 -91.92 0.00 -0.00 -12.17 -27.64 23.24 -11.67 7.12 -0.00 -0.00 0.91 -4.12 0.84
9.74 17.48 -0.07 -0.09 -23.35 -5.15 0.00 0.00 0.00 -17.85 2.41 -14.55 3.24 11.08 32.54 0.30 10.49 -18.92 0.00 0.04 0.11 0.00 0.00 0.00 19.96 -9.55 2.83 -1.52 -7.78 22.05 -1.12 -11.18 -26.87 -0.10 2.04 -5.62 -3.97 3.58 5.95 -3.10 4.46 2.12 -1.29 2.21 -1.19 -3.93 1.26 -10.43 5.17 2.29 -11.05 2.38 1.22 -1.87 0.00 -0.00 0.00 -78.16 8.29 39.37 129.80 -53.08 -93.67 -0.00 0.00 -23.47 29.94 4.73 2.72 -7.12 0.00 -0.00 2.73 35.42 -0.64 0.00 -0.00 0.00 65.72 24.43 44.78 -130.61 52.75 -94.31 0.00 -0.00 -11.70 -27.31 24.23 -11.96 7.12 -0.00 -0.00 1.25 -3.12 1.19
9.77 17.47 -0.14 1.02 -26.54 -6.62 0.00 0.00 0.00 -18.53 4.65 -13.80 3.20 11.02 32.33 0.29 11.41 -19.84 0.00 -0.07 -0.20 0.00 0.00 0.00 18.78 -7.82 3.06 -1.74 -8.29 23.61 -1.09 -10.36 -26.03 -0.20 2.87 -7.92 -3.08 3.12 6.10 -2.67 3.90 2.24 -1.30 1.94 -1.13 -2.13 2.39 -11.12 3.01 3.47 -9.20 1.37 1.77 -1.13 -0.00 0.00 0.00 -78.11 7.94 39.62 129.88 -53.05 -93.73 -0.00 0.00 -23.68 29.44 4.57 2.58 -7.12 0.00 -0.00 2.31 35.22 -0.56 -0.00 0.00 0.00 67.25 18.51 45.97 -133.59 51.44 -96.66 0.00 -0.00 -12.53 -29.53 25.24 -13.58 7.12 -0.00 -0.00 0.06 -1.53 0.06
9.79 17.45 -0.20 1.49 -29.64 -7.60 0.00 0.00 0.00 -18.41 6.21 -13.65 3.33 11.21 32.99 0.33 12.06 -21.03 0.05 1.39 3.83 0.00 0.00 0.00 18.38 -6.18 3.27 -1.89 -8.64 24.69 -1.15 -9.54 -25.80 -0.25 3.25 -8.97 -2.09 2.54 5.95 -1.80 3.22 2.25 -0.90 1.60 -1.02 -0.68 3.78 -10.89 0.79 5.04 -7.84 0.48 2.51 -0.69 0.00 -0.00 0.00 -78.89 7.48 39.71 130.04 -52.98 -93.86 -0.00 0.00 -24.50 30.10 4.49 2.60 -7.12 0.00 -0.00 2.87 35.15 -0.69 0.00 -0.00 0.00 68.41 12.55 46.56 -136.48 50.02 -98.90 0.00 -0.00 -12.51 -29.20 25.46 -13.51 7.12 -0.00 -0.00 0.30 -1.38 0.29
9.80 17.41 -0.24 3.04 -32.09 -9.22 0.00 0.00 0.00 -19.51 8.03 -13.38 3.47 11.42 33.71 0.11 13.60 -20.60 0.00 -0.20 -0.55 0.00 0.00 0.00 16.93 -4.84 3.25 -2.19 -9.24 26.56 -1.35 -7.91 -26.09 -0.31 3.56 -9.84 -1.79 2.09 6.07 -1.29 2.64 2.34 -0.50 1.31 -1.01 0.21 4.89 -10.15 -0.82 6.37 -7.19 -0.13 3.15 -0.53 0.00 -0.00 0.00 -79.91 6.67 39.94 130.49 -52.80 -94.22 -0.00 0.00 -23.46 29.44 4.19 2.36 -7.12 0.00 -0.00 2.32 34.78 -0.58 0.00 -0.00 0.00 69.10 6.27 46.12 -138.50 48.94 -100.44 0.00 -0.00 -11.10 -30.65 26.53 -14.83 7.12 -0.00 -0.00 -0.39 0.15 -0.39
9.81 17.34 -0.29 3.54 -34.12 -10.37 0.00 0.00 0.00 -19.38 9.67 -13.38 3.67 11.71 34.70 0.11 13.88 -20.91 0.04 -1.37 -3.76 0.00 0.00 0.00 16.68 -3.61 3.02 -2.57 -9.97 28.87 -1.52 -6.91 -26.71 -0.29 3.45 -9.53 -0.92 1.36 6.27 -0.46 1.73 2.66 -0.07 0.85 -0.78 0.65 6.14 -10.12 -1.93 7.97 -6.13 -0.47 3.93 -0.14 0.00 -0.00 0.00 -81.74 5.79 39.34 130.99 -52.59 -94.61 -0.00 0.00 -22.87 28.69 4.14 2.27 -7.12 0.00 -0.00 1.70 34.70 -0.43 0.00 -0.00 0.00 69.50 1.06 45.75 -141.01 47.46 -102.31 0.00 -0.00 -12.18 -32.18 27.88 -16.40 7.12 -0.00 -0.00 -1.04 2.02 -1.07
9.80 17.29 -0.31 4.48 -35.88 -11.66 0.00 0.00 0.00 -19.71 10.54 -13.06 3.80 11.89 35.33 0.40 13.33 -23.06 0.02 0.81 2.22 0.00 0.00 0.00 15.98 -2.67 2.62 -2.94 -10.60 30.93 -1.61 -5.96 -26.73 -0.24 3.17 -8.75 -0.42 0.63 6.03 0.09 0.79 3.32 0.28 0.38 0.03 2.35 7.20 -10.35 -4.01 9.18 -5.64 -1.31 4.47 0.26 0.00 0.00 0.00 -82.74 4.32 38.91 131.77 -52.25 -95.23 -0.00 0.00 -23.67 28.98 3.46 1.91 -7.12 0.00 -0.00 1.94 33.93 -0.53 0.00 0.00 0.00 70.16 -3.01 44.80 -142.44 46.55 -103.36 0.00 -0.00 -12.36 -28.77 27.32 -14.14 7.12 -0.00 -0.00 0.86 0.53 0.86
9.82 17.24 -0.34 4.94 -37.55 -12.95 0.00 0.00 0.00 -19.50 11.63 -12.94 4.05 12.23 36.54 0.25 14.14 -22.70 0.00 -0.37 -1.02 0.00 0.00 0.00 15.96 -1.61 2.87 -3.21 -11.02 32.36 -1.64 -6.01 -26.97 -0.32 3.63 -10.04 -0.04 -0.02 6.68 1.11 -0.07 3.85 1.16 -0.06 0.22 3.33 8.25 -9.33 -6.12 10.46 -6.21 -2.14 5.09 0.13 0.00 -0.00 0.00 -84.13 3.44 38.58 132.51 -51.93 -95.82 -0.00 0.00 -23.59 27.60 3.15 1.65 -7.12 0.00 -0.00 0.81 33.54 -0.23 0.00 -0.00 0.00 69.86 -7.09 44.41 -143.91 45.58 -104.41 0.00 -0.00 -11.97 -29.68 27.73 -14.85 7.12 -0.00 -0.00 0.39 1.19 0.39
9.83 17.20 -0.32 7.17 -39.46 -14.97 0.00 0.00 0.00 -20.92 13.30 -12.48 4.11 12.30 36.80 0.12 14.94 -22.48 0.06 -1.59 -4.39 0.00 0.00 0.00 14.05 -0.72 2.76 -3.51 -11.48 33.92 -1.77 -4.85 -27.27 -0.31 3.60 -9.96 -0.40 -0.34 6.87 1.40 -0.52 4.04 1.70 -0.30 0.33 1.82 9.13 -8.24 -5.23 11.80 -6.25 -1.61 5.81 -0.15 -0.00 0.00 0.00 -84.60 3.21 39.05 132.85 -51.78 -96.08 -0.00 0.00 -24.24 28.10 2.77 1.48 -7.12 0.00 -0.00 1.23 33.12 -0.36 -0.00 0.00 0.00 70.06 -10.17 44.28 -144.74 45.00 -105.00 0.00 -0.00 -11.05 -29.67 26.88 -14.45 7.12 -0.00 -0.00 0.25 0.28 0.25
9.85 17.17 -0.34 7.46 -41.24 -15.42 0.00 0.00 0.00 -20.66 14.23 -12.86 4.25 12.48 37.46 0.31 14.56 -23.75 0.01 -0.67 -1.84 0.00 0.00 0.00 14.25 0.62 2.41 -3.71 -11.77 34.91 -1.77 -4.75 -27.19 -0.19 2.83 -7.81 0.04 -0.75 7.05 2.14 -1.05 4.38 2.25 -0.58 0.61 -0.24 10.22 -7.60 -3.48 13.44 -6.47 -0.77 6.68 -0.54 -0.00 0.00 0.00 -84.90 2.57 39.53 133.16 -51.64 -96.33 -0.00 0.00 -23.35 28.52 3.59 1.95 -7.12 0.00 -0.00 1.56 34.06 -0.42 -0.00 0.00 0.00 69.63 -11.33 45.33 -145.58 44.40 -105.59 0.00 -0.00 -11.50 -31.05 26.72 -15.14 7.12 -0.00 -0.00 -0.59 0.45 -0.60
9.85 17.18 -0.32 9.99 -41.94 -17.07 0.00 0.00 0.00 -22.60 14.90 -12.62 4.08 12.27 36.70 0.30 14.76 -23.88 0.00 -0.42 -1.16 0.00 0.00 0.00 12.11 1.13 1.73 -3.92 -12.06 35.94 -1.82 -4.42 -27.37 -0.28 3.41 -9.41 -1.19 -0.62 7.25 2.25 -0.95 4.17 3.05 -0.55 0.30 -2.55 10.60 -6.74 -1.70 14.12 -6.58 0.02 7.08 -1.00 -0.00 -0.00 0.00 -85.17 2.75 41.23 132.90 -51.75 -96.13 -0.00 0.00 -22.83 28.08 3.50 1.87 -7.12 0.00 -0.00 1.20 33.95 -0.33 -0.00 -0.00 0.00 69.84 -12.04 44.45 -145.40 44.53 -105.47 0.00 -0.00 -10.79 -29.52 26.94 -14.39 7.12 -0.00 -0.00 0.35 0.30 0.35
9.89 17.19 -0.32 9.26 -43.13 -16.11 0.00 0.00 0.00 -21.95 15.43 -13.57 4.16 12.36 37.03 0.38 14.38 -24.14 0.02 0.92 2.53 0.00 0.00 0.00 12.90 1.94 1.01 -3.96 -12.11 36.12 -1.84 -4.15 -27.37 -0.35 3.79 -10.49 0.02 -0.71 6.87 2.70 -1.01 4.31 2.83 -0.57 0.64 -3.75 10.82 -6.88 -0.83 14.52 -6.74 0.45 7.30 -1.19 -0.00 0.00 0.00 -85.59 2.45 41.84 132.77 -51.82 -96.02 -0.00 0.00 -22.65 27.00 2.63 1.34 -7.12 0.00 -0.00 0.33 32.93 -0.10 -0.00 0.00 0.00 70.07 -9.88 44.83 -144.60 45.10 -104.90 0.00 -0.00 -10.13 -29.76 26.76 -14.44 7.12 -0.00 -0.00 0.17 0.17 0.17
9.92 17.20 -0.30 9.79 -43.07 -16.21 0.00 0.00 0.00 -22.59 15.18 -13.75 4.15 12.36 37.03 0.19 14.78 -22.87 0.04 -1.37 -3.76 0.00 0.00 0.00 12.21 1.72 0.74 -3.91 -12.03 35.85 -1.79 -4.01 -26.99 -0.40 4.05 -11.21 -0.36 -0.86 7.18 2.75 -1.22 4.16 3.11 -0.68 0.34 -3.57 11.11 -7.05 -0.89 14.90 -6.36 0.43 7.48 -1.03 -0.00 0.00 0.00 -85.97 2.46 42.42 132.78 -51.81 -96.03 -0.00 0.00 -22.20 26.86 3.21 1.62 -7.12 0.00 -0.00 0.21 33.57 -0.06 -0.00 0.00 0.00 69.81 -8.17 45.37 -144.74 44.99 -105.01 0.00 -0.00 -9.44 -29.29 26.71 -14.16 7.12 -0.00 -0.00 0.44 0.01 0.44
9.94 17.23 -0.29 8.78 -42.44 -15.22 0.00 0.00 0.00 -22.10 14.68 -14.04 4.15 12.36 37.00 0.26 14.15 -22.74 0.02 -0.88 -2.42 0.00 0.00 0.00 12.99 1.59 0.94 -3.75 -11.82 35.08 -1.73 -5.05 -27.08 -0.35 3.80 -10.52 -0.05 -0.79 7.34 2.91 -1.12 4.25 3.10 -0.62 0.33 -2.59 10.67 -7.44 -1.85 14.23 -6.36 0.03 7.13 -0.81 -0.00 0.00 0.00 -86.37 2.09 43.31 132.80 -51.80 -96.05 -0.00 0.00 -22.24 26.27 3.10 1.53 -7.12 0.00 -0.00 -0.27 33.43 0.08 -0.00 0.00 0.00 69.59 -5.46 45.08 -144.95 44.85 -105.15 0.00 -0.00 -9.20 -29.56 25.77 -13.85 7.12 -0.00 -0.00 0.13 -0.95 0.13
9.97 17.23 -0.26 8.43 -41.57 -14.82 0.00 0.00 0.00 -22.22 14.59 -14.05 4.07 12.25 36.62 0.50 12.84 -23.50 0.02 0.84 2.30 0.00 0.00 0.00 12.86 0.90 0.84 -3.72 -11.78 34.95 -1.78 -4.62 -27.22 -0.39 4.01 -11.10 -0.01 -0.52 7.59 2.72 -0.75 4.41 2.86 -0.44 0.34 -1.36 10.03 -8.36 -3.21 13.29 -5.86 -0.47 6.62 -0.33 -0.00 0.00 0.00 -86.86 1.65 44.35 132.63 -51.88 -95.91 -0.00 0.00 -22.36 27.09 2.99 1.53 -7.12 0.00 -0.00 0.39 33.33 -0.11 -0.00 0.00 0.00 69.48 -1.55 44.94 -144.70 45.03 -104.97 0.00 -0.00 -8.91 -29.50 25.78 -13.82 7.12 -0.00 -0.00 0.17 -0.95 0.17
10.00 17.24 -0.24 7.04 -39.85 -13.08 0.00 0.00 0.00 -21.75 13.47 -14.86 4.07 12.25 36.62 0.57 11.65 -22.81 0.03 1.11 3.06 0.00 0.00 0.00 13.62 -0.02 0.35 -3.59 -11.59 34.29 -1.68 -5.92 -27.22 -0.42 4.18 -11.57 0.36 -0.45 7.40 2.65 -0.62 4.22 2.57 -0.36 0.24 0.63 9.23 -8.78 -5.30 12.04 -5.83 -1.39 5.95 0.00 -0.00 0.00 0.00 -87.23 1.43 44.99 132.70 -51.85 -95.97 -0.00 0.00 -22.35 27.01 3.35 1.71 -7.12 0.00 -0.00 0.32 33.74 -0.09 -0.00 0.00 0.00 68.94 3.77 45.26 -143.64 45.76 -104.22 0.00 -0.00 -8.15 -29.76 24.89 -13.53 7.12 -0.00 -0.00 -0.13 -1.86 -0.13
10.01 17.26 -0.19 6.96 -37.14 -12.46 0.00 0.00 0.00 -22.42 11.87 -14.97 4.05 12.23 36.54 0.28 11.97 -20.40 0.00 -0.43 -1.18 0.00 0.00 0.00 13.09 -1.63 0.37 -3.42 -11.34 33.45 -1.68 -6.29 -27.43 -0.38 3.95 -10.94 -0.74 -0.29 6.97 2.27 -0.48 4.41 2.79 -0.31 0.67 2.20 8.47 -10.28 -6.74 10.90 -5.18 -2.06 5.30 0.62 0.00 -0.00 0.00 -87.70 0.79 45.66 132.49 -51.94 -95.80 -0.00 0.00 -22.97 28.28 3.03 1.63 -7.12 0.00 -0.00 1.37 33.42 -0.39 0.00 -0.00 0.00 67.48 10.09 44.85 -142.67 46.40 -103.52 0.00 -0.00 -7.02 -29.89 24.01 -13.16 7.12 -0.00 -0.00 -0.35 -2.79 -0.33
10.02 17.27 -0.16 4.38 -34.45 -10.53 0.00 0.00 0.00 -20.70 10.39 -15.73 4.23 12.46 37.38 0.36 10.77 -19.86 0.03 -1.09 -3.01 0.00 0.00 0.00 15.14 -3.23 0.94 -3.12 -10.89 31.92 -1.54 -7.75 -27.36 -0.29 3.49 -9.64 0.39 -0.07 7.53 2.17 -0.10 4.19 2.02 -0.09 0.11 -1.04 7.40 -10.41 -2.49 9.83 -5.51 -0.29 4.87 0.06 0.00 0.00 0.00 -88.03 0.94 46.42 132.08 -52.12 -95.48 -0.00 0.00 -22.71 26.64 3.05 1.53 -7.12 0.00 -0.00 0.03 33.39 -0.01 0.00 0.00 0.00 66.21 17.16 44.15 -140.61 47.71 -102.01 0.00 -0.00 -5.59 -29.67 22.31 -12.20 7.12 -0.00 -0.00 -0.47 -4.70 -0.43
10.01 17.27 -0.11 3.76 -30.94 -9.59 0.00 0.00 0.00 -20.88 8.72 -16.14 4.22 12.45 37.34 0.26 10.18 -18.07 0.36 -3.84 -10.63 0.00 0.00 0.00 15.28 -5.47 0.81 -2.97 -10.64 31.09 -1.49 -8.66 -27.66 -0.25 3.22 -8.89 -0.29 0.19 7.33 1.39 0.20 4.24 1.57 0.06 0.25 0.13 5.79 -11.34 -3.43 7.56 -5.41 -0.80 3.70 0.32 0.00 0.00 0.00 -87.53 0.72 47.08 131.66 -52.30 -95.15 -0.00 0.00 -22.89 26.80 1.89 0.95 -7.12 0.00 -0.00 0.18 32.10 -0.06 0.00 0.00 0.00 64.51 24.71 41.97 -137.79 49.32 -99.90 0.00 -0.00 -5.79 -27.70 21.30 -10.80 7.12 -0.00 -0.00 0.62 -6.21 0.55
10.01 17.30 -0.04 3.43 -26.89 -8.88 0.00 0.00 0.00 -21.28 6.60 -15.88 4.12 12.32 36.88 0.31 8.53 -16.88 0.38 -3.98 -11.03 0.00 0.00 0.00 15.15 -8.07 0.86 -2.79 -10.34 30.09 -1.46 -9.72 -28.21 -0.35 3.79 -10.47 -1.14 0.60 7.65 0.61 0.69 4.05 1.22 0.31 -0.12 -2.84 4.20 -10.20 -0.05 5.79 -6.72 0.59 2.93 -0.49 -0.00 0.00 0.00 -87.70 1.11 48.00 131.65 -52.31 -95.14 -0.00 0.00 -23.07 25.78 2.85 1.38 -7.12 0.00 -0.00 -0.67 33.15 0.19 -0.00 0.00 0.00 61.25 31.30 38.83 -133.75 51.36 -96.79 0.00 -0.00 -5.97 -26.18 19.81 -9.46 7.12 -0.00 -0.00 1.41 -8.12 1.19
9.97 17.32 0.00 1.96 -23.32 -7.05 0.00 0.00 0.00 -19.92 3.42 -15.80 4.02 12.19 36.41 0.56 5.08 -16.95 0.00 0.23 0.63 0.00 0.00 0.00 16.85 -9.63 0.29 -2.58 -9.98 28.90 -1.26 -11.94 -28.58 -0.40 4.04 -11.20 -1.49 0.96 7.43 -0.08 1.16 3.81 0.66 0.55 -0.26 -3.99 2.71 -10.77 2.30 4.02 -6.35 1.50 2.08 -0.32 -0.00 -0.00 0.00 -86.77 1.19 48.03 131.34 -52.44 -94.89 -0.00 0.00 -22.76 25.46 2.40 1.14 -7.12 0.00 -0.00 -0.91 32.63 0.28 -0.00 -0.00 0.00 57.03 38.84 35.21 -128.69 53.51 -92.78 0.00 -0.00 -6.65 -25.56 17.33 -8.11 7.12 -0.00 -0.00 1.56 -10.90 1.24
9.90 17.38 0.05 0.74 -20.00 -5.88 0.00 0.00 0.00 -19.05 2.21 -16.22 3.88 12.00 35.74 0.48 4.38 -15.41 0.01 -0.53 -1.47 0.00 0.00 0.00 18.51 -11.11 0.41 -2.31 -9.48 27.31 -1.10 -13.82 -29.08 -0.42 4.16 -11.51 -2.04 1.74 7.87 -0.92 2.13 3.71 0.02 1.04 -0.61 -3.82 0.61 -11.58 3.07 1.27 -5.87 1.65 0.72 0.05 0.00 -0.00 0.00 -85.88 1.51 48.40 131.35 -52.44 -94.90 -0.00 0.00 -21.66 26.13 2.59 1.27 -7.12 0.00 -0.00 -0.38 32.87 0.11 0.00 -0.00 0.00 51.18 45.34 29.38 -119.02 56.57 -84.84 0.00 -0.00 -7.83 -26.10 16.59 -7.96 7.12 -0.00 -0.00 1.13 -11.63 0.88
9.83 17.45 0.11 -0.37 -16.77 -4.75 0.00 0.00 0.00 -18.16 0.59 -16.45 3.78 11.86 35.25 0.48 3.33 -14.73 0.02 -0.81 -2.21 0.00 0.00 0.00 20.01 -13.07 0.67 -1.95 -8.75 25.02 -0.96 -14.69 -28.96 -0.23 3.08 -8.51 -2.78 2.43 8.09 -1.87 2.98 3.81 -0.63 1.47 -0.63 -3.36 -1.26 -12.92 3.92 -1.23 -4.95 1.76 -0.51 0.67 0.00 0.00 0.00 -84.68 1.28 48.20 131.25 -52.48 -94.82 -0.00 0.00 -21.19 27.06 2.92 1.49 -7.12 0.00 -0.00 0.37 33.26 -0.11 0.00 0.00 0.00 42.64 51.66 20.70 -105.78 59.04 -73.62 0.00 -0.00 -7.82 -24.52 15.53 -6.96 7.12 -0.00 -0.00 2.10 -13.00 1.57
9.73 17.50 0.16 -1.92 -13.93 -3.53 0.00 0.00 0.00 -16.62 -1.40 -16.95 3.80 11.89 35.35 0.44 3.08 -14.06 0.01 -0.68 -1.88 0.00 0.00 0.00 22.03 -14.89 0.57 -1.67 -8.15 23.16 -0.73 -15.04 -27.68 -0.21 2.95 -8.14 -3.28 2.67 8.31 -2.45 3.25 3.78 -0.98 1.60 -0.78 -4.50 -2.85 -13.13 5.72 -3.18 -4.87 2.47 -1.43 0.88 -0.00 0.00 0.00 -84.48 1.86 45.98 131.82 -52.24 -95.27 -0.00 0.00 -22.21 26.99 2.44 1.24 -7.12 0.00 -0.00 0.32 32.72 -0.10 -0.00 0.00 0.00 30.89 58.11 10.80 -87.30 59.97 -57.66 0.00 -0.00 -8.48 -23.52 13.93 -5.98 7.12 -0.00 -0.00 2.67 -14.86 1.90
9.64 17.53 0.21 -3.95 -12.17 -1.76 0.00 0.00 0.00 -14.29 -3.35 -17.84 3.80 11.88 35.32 0.42 3.13 -13.79 0.08 -1.78 -4.91 0.00 0.00 0.00 24.60 -16.14 -0.36 -1.48 -7.68 21.75 -0.62 -14.45 -26.25 -0.24 3.14 -8.66 -2.91 3.39 7.88 -3.13 4.24 3.77 -1.94 2.10 -0.48 -5.22 -4.29 -12.96 7.56 -4.99 -5.31 3.13 -2.29 0.90 -0.00 0.00 0.00 -83.90 1.72 44.20 131.86 -52.22 -95.30 -0.00 0.00 -21.81 26.18 2.51 1.24 -7.12 0.00 -0.00 -0.33 32.78 0.10 -0.00 0.00 0.00 14.57 62.41 -4.64 -65.58 57.62 -39.02 0.00 -0.00 -8.06 -23.87 14.26 -6.22 7.12 -0.00 -0.00 2.45 -14.46 1.76
9.55 17.61 0.26 -4.76 -11.07 -0.18 0.00 0.00 0.00 -13.29 -4.58 -18.86 3.73 11.79 34.99 0.36 4.03 -13.49 0.57 -4.83 -13.42 0.00 0.00 0.00 25.94 -16.32 -1.19 -1.32 -7.26 20.50 -0.36 -14.81 -24.50 -0.43 4.22 -11.71 -3.51 4.13 7.35 -4.26 5.19 3.80 -2.81 2.58 -0.09 -7.17 -5.78 -12.18 11.45 -6.63 -6.97 4.34 -3.06 0.55 -0.00 0.00 0.00 -83.17 1.48 42.48 132.12 -52.10 -95.51 -0.00 0.00 -21.55 26.59 2.32 1.16 -7.12 0.00 -0.00 0.00 32.58 -0.00 -0.00 0.00 0.00 -5.22 64.25 -23.75 -45.51 51.02 -22.63 0.00 -0.00 -6.75 -23.49 14.33 -6.14 7.12 -0.00 -0.00 2.71 -14.43 1.95
9.47 17.64 0.29 -6.54 -10.56 0.78 0.00 0.00 0.00 -10.91 -4.89 -19.62 3.77 11.85 35.21 0.41 3.31 -13.80 0.25 -3.25 -8.97 0.00 0.00 0.00 28.19 -16.78 -0.91 -1.08 -6.62 18.59 -0.13 -15.31 -23.04 -0.32 3.62 -10.02 -2.98 4.56 7.82 -5.04 5.77 3.92 -3.99 2.88 -0.06 -6.97 -6.72 -13.29 12.05 -7.87 -6.91 4.38 -3.64 0.87 -0.00 0.00 0.00 -82.46 1.29 39.75 132.47 -51.95 -95.78 -0.00 0.00 -21.68 26.96 3.12 1.59 -7.12 0.00 -0.00 0.29 33.48 -0.08 -0.00 0.00 0.00 -24.84 64.30 -42.58 -30.56 41.37 -11.78 0.00 -0.00 -5.45 -22.90 14.18 -5.91 7.12 -0.00 -0.00 3.10 -14.66 2.22
9.39 17.64 0.32 -7.07 -9.56 2.05 0.00 0.00 0.00 -10.02 -5.07 -21.31 3.89 12.01 35.77 0.40 2.88 -13.36 0.52 -4.61 -12.81 0.00 0.00 0.00 29.42 -17.37 -1.87 -0.94 -6.19 17.34 -0.05 -15.62 -22.61 -0.42 4.14 -11.48 -3.20 4.88 7.86 -6.23 6.15 3.81 -5.15 3.08 -0.07 -8.24 -7.56 -12.31 14.44 -8.72 -8.70 5.32 -4.08 0.48 0.00 -0.00 0.00 -81.64 1.63 37.93 133.54 -51.46 -96.62 -0.00 0.00 -21.79 26.72 3.10 1.56 -7.12 0.00 -0.00 0.09 33.45 -0.03 0.00 -0.00 0.00 -36.62 61.34 -53.16 -21.43 32.32 -6.28 0.00 -0.00 -6.65 -21.02 13.20 -5.02 7.12 -0.00 -0.00 4.34 -15.90 3.00
9.33 17.61 0.37 -7.62 -8.20 3.09 0.00 0.00 0.00 -9.08 -5.09 -23.13 4.08 12.26 36.67 0.49 1.10 -13.68 0.42 -4.17 -11.55 0.00 0.00 0.00 30.65 -19.11 -2.50 -0.75 -5.53 15.43 0.05 -16.01 -22.25 -0.29 3.48 -9.62 -3.20 4.94 7.80 -7.16 6.22 3.62 -6.14 3.13 -0.13 -9.54 -8.24 -11.24 16.33 -9.42 -9.93 6.12 -4.46 0.23 -0.00 -0.00 0.00 -81.65 2.34 36.12 133.67 -51.41 -96.72 -0.00 0.00 -21.40 25.83 3.13 1.52 -7.12 0.00 -0.00 -0.63 33.46 0.18 -0.00 -0.00 0.00 -45.69 59.65 -65.14 -14.71 23.74 -3.11 0.00 -0.00 -2.45 -16.68 13.50 -4.00 7.12 -0.00 -0.00 7.34 -15.99 5.08
9.26 17.58 0.41 -8.27 -7.02 3.51 0.00 0.00 0.00 -8.09 -5.08 -24.22 4.27 12.51 37.56 0.51 0.15 -13.56 0.67 -5.23 -14.57 0.00 0.00 0.00 32.08 -19.31 -1.95 -0.57 -4.85 13.49 0.21 -17.21 -22.40 -0.30 3.51 -9.70 -3.17 5.26 8.19 -7.74 6.62 3.70 -6.85 3.34 -0.13 -10.58 -9.24 -10.65 17.35 -10.60 -10.90 6.56 -5.07 0.14 0.00 0.00 0.00 -82.00 3.15 35.49 133.51 -51.48 -96.60 -0.00 0.00 -21.30 24.96 3.63 1.69 -7.12 0.00 -0.00 -1.37 33.98 0.37 0.00 0.00 0.00 -47.96 57.59 -72.44 -11.84 19.56 -2.05 0.00 0.00 2.61 -15.73 13.42 -3.74 7.12 -0.00 -0.00 7.99 -16.14 5.51
9.24 17.56 0.47 -8.60 -6.25 3.83 0.00 0.00 0.00 -7.63 -5.45 -24.78 4.39 12.66 38.12 0.57 -0.69 -14.00 0.24 -3.16 -8.72 0.00 0.00 0.00 32.64 -20.00 -1.98 -0.51 -4.56 12.67 0.27 -17.37 -21.99 -0.36 3.85 -10.67 -3.37 5.22 8.22 -7.92 6.52 3.45 -6.94 3.29 -0.42 -10.81 -9.50 -11.10 16.34 -10.98 -10.20 6.21 -5.20 0.39 -0.00 -0.00 0.00 -83.71 5.09 34.37 133.02 -51.70 -96.22 -0.00 0.00 -21.22 25.69 3.95 1.90 -7.12 0.00 -0.00 -0.78 34.37 0.20 -0.00 -0.00 0.00 -47.76 57.73 -74.29 -11.65 19.28 -1.99 0.00 0.00 1.93 -20.08 14.46 -5.21 7.12 -0.00 -0.00 5.04 -14.67 3.61
9.23 17.54 0.51 -8.72 -5.97 3.93 0.00 0.00 0.00 -7.50 -5.65 -25.09 4.52 12.82 38.70 0.55 -0.36 -13.94 0.78 -5.64 -15.74 0.00 0.00 0.00 32.85 -19.88 -2.30 -0.57 -4.82 13.41 0.17 -17.22 -22.78 -0.28 3.43 -9.47 -3.65 5.18 7.99 -8.09 6.48 3.58 -6.92 3.27 -0.17 -10.33 -9.58 -11.70 15.16 -11.11 -10.28 5.75 -5.25 0.35 0.00 0.00 0.00 -85.00 6.26 33.38 132.56 -51.91 -95.85 -0.00 0.00 -20.80 25.64 3.96 1.90 -7.12 0.00 -0.00 -0.82 34.37 0.21 0.00 0.00 0.00 -44.14 57.61 -68.48 -13.76 22.40 -2.74 0.00 -0.00 -2.99 -23.79 15.72 -6.81 7.12 -0.00 -0.00 2.61 -12.90 1.96
9.23 17.53 0.53 -8.13 -6.49 3.57 0.00 0.00 0.00 -8.20 -5.42 -24.63 4.55 12.86 38.83 0.59 -0.25 -14.38 0.65 -5.17 -14.38 0.00 0.00 0.00 31.99 -19.37 -2.06 -0.65 -5.17 14.40 -0.14 -16.35 -24.48 -0.10 2.06 -5.68 -4.47 5.17 8.09 -8.33 6.38 3.62 -6.73 3.21 -0.26 -10.31 -9.39 -12.01 14.78 -10.82 -10.37 5.65 -5.10 0.30 0.00 -0.00 0.00 -85.84 7.22 32.82 131.93 -52.19 -95.36 -0.00 0.00 -20.93 25.93 4.29 2.08 -7.12 0.00 -0.00 -0.59 34.74 0.15 0.00 -0.00 0.00 -37.87 58.46 -59.94 -18.02 28.18 -4.56 0.00 -0.00 -7.65 -24.97 15.87 -7.25 7.12 -0.00 -0.00 1.83 -12.58 1.38
9.25 17.51 0.54 -8.00 -7.55 3.35 0.00 0.00 0.00 -8.43 -4.91 -24.22 4.55 12.85 38.82 0.60 0.15 -14.67 0.65 -5.17 -14.39 0.00 0.00 0.00 31.54 -19.38 -1.85 -0.66 -5.21 14.51 -0.02 -16.60 -23.75 -0.22 3.03 -8.37 -4.50 5.22 8.05 -8.28 6.43 3.45 -6.68 3.23 -0.41 -9.91 -9.10 -12.07 13.52 -10.46 -10.81 5.25 -4.93 0.02 0.00 -0.00 0.00 -86.50 8.17 33.01 131.56 -52.35 -95.06 -0.00 0.00 -20.90 25.62 3.84 1.84 -7.12 0.00 -0.00 -0.83 34.24 0.22 0.00 -0.00 0.00 -30.56 59.45 -51.52 -22.95 34.04 -7.11 0.00 -0.00 -10.61 -25.19 16.58 -7.65 7.12 -0.00 -0.00 1.74 -11.77 1.35
9.28 17.49 0.54 -7.37 -8.28 2.98 0.00 0.00 0.00 -9.21 -4.88 -23.35 4.40 12.67 38.16 0.63 0.31 -15.12 0.25 -3.23 -8.93 0.00 0.00 0.00 30.63 -19.18 -1.98 -0.77 -5.61 15.65 -0.20 -16.18 -24.74 -0.28 3.39 -9.36 -4.87 5.05 7.94 -8.33 6.18 3.41 -6.50 3.09 -0.46 -9.85 -8.70 -13.26 13.48 -9.87 -10.11 5.21 -4.58 0.34 0.00 0.00 0.00 -86.10 8.65 33.51 131.22 -52.49 -94.79 -0.00 0.00 -20.81 25.37 4.16 1.97 -7.12 0.00 -0.00 -1.05 34.58 0.27 0.00 0.00 0.00 -21.16 60.61 -42.55 -30.22 41.08 -11.56 0.00 -0.00 -11.39 -25.07 17.20 -7.87 7.12 -0.00 -0.00 1.87 -11.12 1.48
9.31 17.53 0.52 -7.07 -9.29 2.45 0.00 0.00 0.00 -9.76 -4.20 -22.56 4.33 12.59 37.84 0.58 1.28 -14.91 0.65 -5.17 -14.38 0.00 0.00 0.00 30.05 -18.31 -1.45 -0.81 -5.76 16.08 -0.29 -16.33 -25.71 -0.22 3.02 -8.32 -4.79 4.94 8.00 -7.91 6.03 3.39 -6.08 3.02 -0.56 -9.46 -8.33 -13.67 12.17 -9.40 -10.22 4.77 -4.36 0.20 -0.00 0.00 0.00 -85.70 8.69 34.97 130.59 -52.76 -94.29 -0.00 0.00 -20.97 25.75 4.02 1.94 -7.12 0.00 -0.00 -0.73 34.44 0.19 -0.00 0.00 0.00 -10.28 60.35 -30.59 -39.81 47.95 -18.30 0.00 -0.00 -13.08 -26.57 17.35 -8.48 7.12 -0.00 -0.00 0.90 -10.72 0.72
9.35 17.53 0.49 -5.77 -10.28 1.69 0.00 0.00 0.00 -11.39 -3.68 -21.59 4.19 12.40 37.18 0.56 1.67 -14.87 0.45 -4.30 -11.92 0.00 0.00 0.00 28.29 -17.84 -1.11 -0.90 -6.04 16.90 -0.32 -16.02 -25.60 -0.14 2.37 -6.54 -5.30 4.71 8.27 -7.81 5.67 3.39 -5.69 2.82 -0.79 -9.00 -8.19 -14.74 11.40 -9.24 -9.77 4.44 -4.26 0.40 -0.00 0.00 0.00 -84.65 8.37 36.65 130.01 -52.99 -93.84 -0.00 0.00 -21.22 26.10 3.72 1.82 -7.12 0.00 -0.00 -0.43 34.12 0.12 -0.00 0.00 0.00 0.55 60.03 -19.82 -51.02 53.40 -26.99 0.00 -0.00 -13.38 -28.08 17.99 -9.36 7.12 -0.00 -0.00 -0.02 -9.77 -0.02
9.39 17.55 0.45 -4.48 -11.70 1.23 0.00 0.00 0.00 -12.93 -3.56 -20.62 3.97 12.13 36.18 0.54 2.87 -15.22 0.39 -3.99 -11.05 0.00 0.00 0.00 26.64 -16.67 -0.62 -0.93 -6.16 17.25 -0.47 -15.46 -26.19 -0.11 2.18 -6.02 -5.78 4.55 7.90 -7.52 5.47 3.46 -5.07 2.71 -0.60 -8.46 -7.67 -14.94 10.29 -8.59 -10.54 4.08 -3.96 0.05 -0.00 0.00 0.00 -83.61 7.59 38.43 129.71 -53.11 -93.59 -0.00 0.00 -21.32 26.47 2.98 1.48 -7.12 0.00 -0.00 -0.11 33.31 0.03 -0.00 0.00 0.00 11.90 58.72 -9.15 -64.88 57.48 -38.43 0.00 -0.00 -12.96 -28.96 18.96 -10.19 7.12 -0.00 -0.00 -0.47 -8.54 -0.40
9.42 17.56 0.41 -4.68 -13.31 0.57 0.00 0.00 0.00 -12.80 -2.42 -19.89 3.95 12.10 36.08 0.55 3.33 -15.64 0.26 -3.29 -9.09 0.00 0.00 0.00 26.48 -15.96 0.29 -0.94 -6.18 17.31 -0.56 -14.97 -26.28 -0.05 1.43 -3.93 -4.53 4.48 7.89 -6.88 5.47 3.37 -5.08 2.72 -0.65 -7.55 -7.39 -15.36 8.41 -8.43 -9.78 3.64 -3.91 0.20 -0.00 0.00 0.00 -82.37 6.88 40.21 129.53 -53.18 -93.45 -0.00 0.00 -21.25 26.11 3.51 1.72 -7.12 0.00 -0.00 -0.42 33.89 0.11 -0.00 0.00 0.00 23.62 55.61 1.40 -81.12 59.70 -52.32 0.00 -0.00 -12.36 -29.10 19.60 -10.58 7.12 -0.00 -0.00 -0.48 -7.80 -0.41
9.47 17.53 0.35 -3.57 -15.39 -0.17 0.00 0.00 0.00 -14.03 -1.84 -19.03 3.86 11.97 35.62 0.58 4.27 -16.53 0.12 -2.21 -6.10 0.00 0.00 0.00 24.87 -15.03 0.15 -1.09 -6.65 18.68 -0.45 -15.02 -25.50 -0.26 3.31 -9.13 -4.78 4.28 7.90 -6.26 5.18 3.32 -4.27 2.57 -0.80 -7.90 -6.32 -14.71 8.46 -6.97 -10.70 3.87 -3.19 -0.32 -0.00 0.00 0.00 -81.82 5.83 41.30 128.94 -53.41 -92.98 -0.00 0.00 -21.20 26.59 3.69 1.84 -7.12 0.00 -0.00 -0.03 34.10 0.01 -0.00 0.00 0.00 33.60 53.05 10.91 -94.60 59.92 -63.98 0.00 -0.00 -11.44 -30.34 20.42 -11.54 7.12 -0.00 -0.00 -1.16 -6.65 -1.02
9.50 17.55 0.28 -3.30 -18.14 -0.71 0.00 0.00 0.00 -14.40 -0.65 -18.34 3.77 11.85 35.19 0.40 6.62 -16.22 0.49 -4.48 -12.44 0.00 0.00 0.00 24.25 -13.07 0.58 -1.21 -6.97 19.62 -0.68 -13.97 -26.19 -0.08 1.85 -5.10 -4.12 4.28 8.04 -5.40 5.22 3.15 -3.75 2.59 -1.07 -7.99 -5.56 -15.38 7.84 -5.94 -10.19 3.71 -2.66 -0.15 0.00 0.00 0.00 -81.13 5.12 42.33 129.07 -53.36 -93.08 -0.00 0.00 -21.79 26.46 3.81 1.89 -7.12 0.00 -0.00 -0.14 34.23 0.04 0.00 0.00 0.00 40.04 47.62 18.45 -108.06 58.73 -75.57 0.00 -0.00 -10.13 -29.98 21.20 -11.78 7.12 -0.00 -0.00 -0.83 -5.86 -0.74
9.54 17.54 0.22 -2.79 -20.97 -1.17 0.00 0.00 0.00 -14.91 0.72 -17.80 3.64 11.66 34.54 0.36 7.92 -16.88 0.37 -3.89 -10.77 0.00 0.00 0.00 23.42 -11.45 0.74 -1.30 -7.21 20.35 -0.71 -13.43 -25.90 -0.14 2.37 -6.53 -3.55 4.06 7.71 -4.59 5.02 3.10 -3.18 2.49 -0.99 -6.95 -4.41 -16.14 5.96 -4.60 -9.76 2.92 -2.04 -0.08 0.00 -0.00 0.00 -80.79 4.16 42.99 128.70 -53.50 -92.79 -0.00 0.00 -21.80 27.31 3.69 1.90 -7.12 0.00 -0.00 0.56 34.13 -0.15 0.00 -0.00 0.00 46.08 42.57 24.70 -117.80 56.87 -83.83 0.00 -0.00 -8.67 -31.13 23.02 -13.29 7.12 -0.00 -0.00 -1.26 -3.59 -1.18
9.58 17.53 0.16 -1.56 -24.01 -2.40 0.00 0.00 0.00 -16.06 2.23 -16.74 3.51 11.48 33.91 0.29 9.43 -17.62 0.29 -3.47 -9.59 0.00 0.00 0.00 21.87 -9.61 1.36 -1.42 -7.55 21.34 -0.77 -12.48 -25.38 -0.13 2.35 -6.48 -3.63 4.01 8.04 -4.08 4.93 3.27 -2.62 2.44 -1.05 -5.86 -3.26 -17.21 4.77 -3.25 -9.27 2.38 -1.41 0.11 0.00 -0.00 0.00 -80.14 2.97 43.50 128.35 -53.64 -92.50 -0.00 0.00 -21.43 28.61 4.00 2.18 -7.12 0.00 -0.00 1.63 34.53 -0.42 0.00 -0.00 0.00 50.52 36.69 29.71 -125.08 54.80 -89.85 0.00 -0.00 -8.79 -30.47 23.44 -13.17 7.12 -0.00 -0.00 -0.79 -3.28 -0.75
9.59 17.53 0.11 -1.19 -26.88 -3.39 0.00 0.00 0.00 -16.16 3.80 -15.73 3.46 11.40 33.65 0.21 10.58 -17.97 0.46 -4.34 -12.04 0.00 0.00 0.00 21.39 -7.75 2.22 -1.51 -7.77 22.01 -0.86 -11.51 -25.22 -0.14 2.45 -6.75 -2.57 3.73 8.30 -3.38 4.65 3.22 -2.48 2.30 -1.23 -5.36 -2.02 -16.70 3.86 -1.77 -8.96 2.07 -0.71 0.03 0.00 -0.00 0.00 -79.75 2.87 43.76 128.39 -53.62 -92.53 -0.00 0.00 -20.93 27.46 3.55 1.84 -7.12 0.00 -0.00 0.69 33.98 -0.19 0.00 -0.00 0.00 55.12 30.18 33.65 -129.75 53.10 -93.63 0.00 -0.00 -8.44 -29.58 25.25 -13.61 7.12 -0.00 -0.00 0.03 -1.51 0.03
9.61 17.51 0.06 0.78 -29.73 -4.68 0.00 0.00 0.00 -17.85 5.40 -15.06 3.28 11.14 32.76 0.17 11.64 -18.78 0.26 -3.29 -9.09 0.00 0.00 0.00 19.48 -5.43 1.99 -1.78 -8.39 23.89 -1.00 -10.44 -25.32 -0.15 2.49 -6.87 -2.93 3.25 8.16 -2.96 3.99 3.17 -1.78 1.97 -1.27 -4.76 -0.49 -16.05 2.51 0.07 -9.30 1.61 0.16 -0.29 -0.00 -0.00 0.00 -79.87 2.91 43.43 128.95 -53.41 -92.98 -0.00 0.00 -21.42 28.37 3.18 1.71 -7.12 0.00 -0.00 1.44 33.59 -0.40 -0.00 -0.00 0.00 58.69 24.05 37.56 -133.15 51.64 -96.32 0.00 -0.00 -8.33 -31.57 25.38 -14.75 7.12 -0.00 -0.00 -1.14 -0.88 -1.12
9.62 17.50 -0.00 2.34 -32.52 -6.14 0.00 0.00 0.00 -18.91 7.32 -14.42 3.17 10.97 32.17 0.12 12.43 -19.19 0.16 -2.55 -7.02 0.00 0.00 0.00 18.12 -3.53 1.87 -2.04 -8.94 25.62 -1.11 -9.46 -25.44 -0.32 3.64 -10.07 -2.72 2.88 8.29 -2.65 3.53 3.41 -1.53 1.74 -1.10 -2.88 0.85 -16.86 0.17 1.49 -8.29 0.61 0.77 0.13 -0.00 -0.00 0.00 -79.51 2.02 43.60 128.82 -53.46 -92.88 -0.00 0.00 -21.36 28.37 3.67 1.98 -7.12 0.00 -0.00 1.43 34.15 -0.38 -0.00 -0.00 0.00 61.93 18.25 39.81 -135.31 50.62 -98.00 0.00 -0.00 -8.37 -31.77 25.69 -15.03 7.12 -0.00 -0.00 -1.20 -0.48 -1.19
9.61 17.47 -0.04 4.38 -35.56 -7.93 0.00 0.00 0.00 -20.33 9.26 -13.58 3.03 10.74 31.41 0.04 13.78 -20.07 0.14 -2.44 -6.72 0.00 0.00 0.00 16.43 -1.55 1.64 -2.37 -9.59 27.66 -1.24 -8.39 -25.59 -0.32 3.64 -10.07 -3.17 2.44 8.29 -2.10 2.92 3.43 -0.66 1.43 -1.14 -2.26 2.22 -16.05 -1.36 3.11 -8.21 0.09 1.53 0.03 0.00 -0.00 0.00 -80.44 2.22 43.03 128.91 -53.42 -92.96 -0.00 0.00 -21.29 28.39 3.39 1.83 -7.12 0.00 -0.00 1.46 33.83 -0.40 0.00 -0.00 0.00 64.81 12.06 41.75 -137.29 49.60 -99.52 0.00 -0.00 -7.49 -30.72 27.10 -15.15 7.12 -0.00 -0.00 -0.33 0.78 -0.34
9.58 17.46 -0.09 5.72 -37.83 -8.90 0.00 0.00 0.00 -21.01 10.28 -13.62 3.02 10.73 31.37 -0.03 14.91 -20.81 0.07 -1.65 -4.54 0.00 0.00 0.00 15.63 0.16 0.96 -2.67 -10.13 29.41 -1.39 -7.04 -25.81 -0.29 3.48 -9.61 -3.13 1.74 7.73 -1.43 2.03 3.47 0.11 0.98 -0.80 -2.71 3.56 -14.44 -1.60 4.87 -8.89 0.13 2.43 -0.45 0.00 -0.00 0.00 -81.39 2.35 43.02 129.35 -53.25 -93.31 -0.00 0.00 -21.02 28.99 3.09 1.71 -7.12 0.00 -0.00 1.95 33.51 -0.55 0.00 -0.00 0.00 67.24 6.18 43.10 -138.63 48.86 -100.53 0.00 -0.00 -7.49 -28.22 27.62 -13.97 7.12 -0.00 -0.00 1.23 0.72 1.24
9.57 17.40 -0.12 6.34 -40.07 -10.22 0.00 0.00 0.00 -20.89 11.99 -13.42 3.24 11.07 32.50 0.09 14.88 -22.10 0.11 -2.18 -6.01 0.00 0.00 0.00 15.48 1.49 1.29 -2.91 -10.54 30.76 -1.49 -6.25 -26.02 -0.31 3.57 -9.86 -1.99 1.25 8.48 -0.73 1.45 3.37 0.23 0.70 -1.29 -1.19 4.74 -13.47 -3.93 6.17 -8.16 -0.79 3.01 -0.26 -0.00 0.00 0.00 -82.47 2.89 43.73 130.09 -52.96 -93.90 -0.00 0.00 -21.55 28.86 3.90 2.14 -7.12 0.00 -0.00 1.84 34.42 -0.48 -0.00 0.00 0.00 69.31 -0.44 43.67 -140.11 48.00 -101.64 0.00 -0.00 -7.16 -31.22 28.23 -16.00 7.12 -0.00 -0.00 -0.42 2.15 -0.43
9.54 17.36 -0.14 7.68 -41.86 -11.59 0.00 0.00 0.00 -21.34 12.37 -13.28 3.43 11.36 33.52 0.26 14.58 -23.28 0.00 -0.37 -1.02 0.00 0.00 0.00 14.65 2.28 0.80 -3.20 -11.02 32.33 -1.54 -5.47 -25.99 -0.41 4.11 -11.39 -2.01 0.45 8.31 0.04 0.40 3.63 1.14 0.16 -0.92 -0.78 6.05 -13.35 -5.23 7.83 -7.53 -1.19 3.81 0.02 0.00 0.00 0.00 -84.11 2.52 43.73 130.09 -52.96 -93.90 -0.00 0.00 -21.07 29.54 3.78 2.14 -7.12 0.00 -0.00 2.40 34.32 -0.63 0.00 0.00 0.00 70.69 -5.54 43.97 -141.66 47.06 -102.79 0.00 -0.00 -6.61 -32.17 28.02 -16.46 7.12 -0.00 -0.00 -1.00 2.17 -1.04
9.53 17.26 -0.16 8.92 -43.69 -13.23 0.00 0.00 0.00 -21.66 13.83 -13.00 3.60 11.60 34.34 0.81 12.66 -25.86 0.15 2.46 6.78 0.00 0.00 0.00 14.14 3.85 0.45 -3.72 -11.78 34.97 -1.79 -4.27 -27.13 -0.26 3.28 -9.07 -1.96 -0.23 8.70 1.00 -0.50 3.82 2.18 -0.30 -0.89 -0.02 7.16 -12.06 -7.33 9.15 -7.57 -1.95 4.45 -0.02 0.00 -0.00 0.00 -86.18 2.46 43.77 130.23 -52.90 -94.01 -0.00 0.00 -20.24 29.38 2.60 1.46 -7.12 0.00 -0.00 2.27 32.95 -0.67 0.00 -0.00 0.00 71.66 -10.02 43.71 -142.78 46.33 -103.60 0.00 -0.00 -5.61 -32.69 29.25 -17.41 7.12 -0.00 -0.00 -1.06 3.66 -1.13
9.51 17.18 -0.17 10.44 -46.12 -14.65 0.00 0.00 0.00 -22.08 16.83 -13.87 3.80 11.88 35.32 0.90 12.19 -26.17 0.06 1.59 4.38 0.00 0.00 0.00 13.49 5.55 -0.33 -4.23 -12.46 37.37 -2.01 -2.98 -28.01 -0.30 3.53 -9.75 -1.94 -0.72 8.27 1.47 -1.15 4.18 2.71 -0.64 -0.24 0.63 8.29 -11.48 -8.25 10.59 -7.37 -2.30 5.14 0.10 0.00 -0.00 0.00 -87.09 2.25 43.55 130.69 -52.71 -94.37 -0.00 0.00 -20.49 28.54 2.96 1.61 -7.12 0.00 -0.00 1.58 33.35 -0.45 0.00 -0.00 0.00 72.33 -13.08 43.85 -143.99 45.52 -104.47 0.00 -0.00 -5.32 -32.57 30.09 -17.76 7.12 -0.00 -0.00 -0.82 4.53 -0.88
9.51 17.14 -0.15 12.21 -47.22 -16.77 0.00 0.00 0.00 -22.99 18.28 -13.87 3.94 12.08 36.00 0.71 12.88 -25.26 0.00 -0.45 -1.23 0.00 0.00 0.00 12.37 6.01 -0.14 -4.48 -12.78 38.53 -2.01 -2.97 -27.97 -0.53 4.67 -12.96 -1.89 -1.31 8.82 1.77 -1.94 4.21 3.07 -1.05 -0.46 0.78 9.11 -10.60 -8.53 11.73 -6.56 -2.37 5.72 0.29 -0.00 -0.00 0.00 -87.75 2.63 44.31 130.82 -52.66 -94.48 -0.00 0.00 -20.76 28.91 2.09 1.16 -7.12 0.00 -0.00 1.88 32.37 -0.58 -0.00 -0.00 0.00 73.16 -15.80 43.37 -144.66 45.05 -104.95 0.00 -0.00 -4.13 -32.93 29.89 -17.89 7.12 -0.00 -0.00 -1.07 4.42 -1.14
9.50 17.07 -0.14 15.03 -48.03 -20.25 0.00 0.00 0.00 -24.23 19.82 -12.68 3.95 12.10 36.08 0.81 12.44 -25.68 0.00 0.31 0.84 0.00 0.00 0.00 10.58 6.32 0.46 -4.83 -13.19 40.07 -2.08 -2.98 -28.48 -0.82 5.79 -16.18 -2.91 -1.77 9.74 1.72 -2.67 4.62 3.68 -1.44 -0.44 2.36 9.84 -10.20 -10.22 12.59 -5.99 -3.14 6.09 0.70 0.00 -0.00 0.00 -88.06 2.24 44.93 130.89 -52.63 -94.53 -0.00 0.00 -20.62 28.93 2.73 1.51 -7.12 0.00 -0.00 1.90 33.10 -0.55 0.00 -0.00 0.00 73.48 -16.73 43.42 -144.99 44.82 -105.18 0.00 -0.00 -3.07 -33.86 30.07 -18.58 7.12 -0.00 -0.00 -1.55 4.89 -1.68
9.50 17.06 -0.10 14.93 -49.77 -19.75 0.00 0.00 0.00 -23.85 20.51 -13.68 4.08 12.27 36.70 0.74 13.02 -25.67 0.02 0.84 2.31 0.00 0.00 0.00 11.10 7.72 -0.13 -4.93 -13.31 40.53 -2.11 -2.66 -28.53 -0.71 5.39 -15.04 -2.08 -1.99 8.80 2.47 -2.88 4.58 3.97 -1.55 0.05 2.49 10.25 -10.04 -10.56 13.23 -5.12 -3.22 6.39 1.03 0.00 -0.00 0.00 -88.75 1.79 45.69 130.45 -52.81 -94.18 -0.00 0.00 -21.14 28.03 2.13 1.13 -7.12 0.00 -0.00 1.17 32.39 -0.36 0.00 -0.00 0.00 73.11 -16.25 42.80 -145.00 44.81 -105.19 0.00 -0.00 -2.75 -33.85 30.14 -18.61 7.12 -0.00 -0.00 -1.53 4.96 -1.66
9.51 17.03 -0.07 15.75 -50.73 -20.25 0.00 0.00 0.00 -24.22 20.94 -13.81 4.11 12.31 36.83 1.13 11.37 -27.16 0.26 3.28 9.06 0.00 0.00 0.00 10.76 8.66 -0.55 -5.09 -13.48 41.20 -2.25 -1.65 -29.01 -0.65 5.17 -14.39 -1.97 -2.08 8.18 2.44 -2.99 4.78 3.84 -1.62 0.60 3.36 10.53 -9.53 -10.91 13.50 -5.55 -3.50 6.53 0.92 -0.00 -0.00 0.00 -88.70 1.10 46.83 129.98 -53.01 -93.81 -0.00 0.00 -20.05 28.64 1.96 1.07 -7.12 0.00 -0.00 1.66 32.21 -0.52 -0.00 -0.00 0.00 73.59 -14.47 42.40 -144.82 44.94 -105.06 0.00 -0.00 -2.34 -34.69 29.75 -18.96 7.12 -0.00 -0.00 -2.09 4.81 -2.25
9.50 17.06 -0.02 15.17 -51.62 -20.08 0.00 0.00 0.00 -23.64 21.49 -13.73 4.14 12.35 36.97 0.97 12.56 -27.02 0.17 2.66 7.33 0.00 0.00 0.00 11.44 9.11 0.17 -4.96 -13.34 40.67 -2.19 -1.97 -28.74 -0.58 4.86 -13.51 -1.24 -1.94 8.03 2.67 -2.76 4.90 3.65 -1.49 0.76 3.48 10.39 -9.98 -10.56 13.38 -4.56 -3.37 6.44 1.30 -0.00 0.00 0.00 -88.66 0.78 48.22 130.22 -52.91 -94.00 -0.00 0.00 -20.43 28.70 2.87 1.57 -7.12 0.00 -0.00 1.71 33.25 -0.49 -0.00 0.00 0.00 74.02 -12.03 41.27 -144.51 45.16 -104.84 0.00 -0.00 -1.36 -33.99 29.01 -18.10 7.12 -0.00 -0.00 -1.85 3.78 -1.97
9.52 17.07 0.03 15.73 -51.27 -20.50 0.00 0.00 0.00 -24.33 21.18 -13.48 4.13 12.33 36.92 1.02 12.46 -27.30 0.14 2.45 6.76 0.00 0.00 0.00 10.73 8.81 0.40 -4.84 -13.20 40.13 -2.14 -2.16 -28.52 -0.58 4.89 -13.59 -1.93 -2.11 8.10 2.66 -3.04 4.84 4.05 -1.65 0.72 3.64 10.29 -10.13 -10.75 13.23 -4.46 -3.46 6.35 1.38 0.00 0.00 0.00 -89.09 0.77 48.05 130.08 -52.96 -93.89 -0.00 0.00 -20.12 28.03 2.18 1.16 -7.12 0.00 -0.00 1.17 32.45 -0.36 0.00 0.00 0.00 72.76 -8.68 41.92 -144.06 45.47 -104.52 0.00 -0.00 -1.26 -33.87 28.07 -17.53 7.12 -0.00 -0.00 -1.98 2.72 -2.07
9.55 17.08 0.07 14.62 -50.25 -19.24 0.00 0.00 0.00 -24.20 20.01 -13.24 4.00 12.16 36.29 1.07 12.01 -27.29 0.25 3.22 8.89 0.00 0.00 0.00 10.82 7.84 0.09 -4.77 -13.12 39.80 -2.15 -2.23 -28.58 -0.48 4.43 -12.30 -1.59 -1.95 8.10 2.69 -2.78 4.57 3.87 -1.50 0.41 2.66 9.34 -11.30 -9.48 12.10 -3.57 -2.88 5.77 1.62 0.00 0.00 0.00 -89.55 0.71 49.11 130.39 -52.84 -94.13 -0.00 0.00 -20.22 27.24 2.55 1.31 -7.12 0.00 -0.00 0.53 32.85 -0.16 0.00 0.00 0.00 72.16 -4.74 40.66 -143.28 46.00 -103.96 0.00 -0.00 -1.27 -32.46 27.64 -16.44 7.12 -0.00 -0.00 -1.24 1.84 -1.28
9.56 17.12 0.12 14.15 -48.76 -18.53 0.00 0.00 0.00 -24.64 19.28 -13.54 3.95 12.09 36.05 0.69 13.59 -25.87 0.02 0.97 2.68 0.00 0.00 0.00 10.40 6.51 0.30 -4.55 -12.86 38.85 -2.16 -1.90 -28.52 -0.54 4.73 -13.14 -2.42 -1.80 8.07 2.54 -2.62 4.36 4.19 -1.42 0.23 2.22 8.57 -11.42 -8.95 11.10 -3.67 -2.69 5.29 1.47 0.00 -0.00 0.00 -89.80 1.28 49.55 130.44 -52.82 -94.17 -0.00 0.00 -20.03 27.42 1.35 0.70 -7.12 0.00 -0.00 0.68 31.50 -0.22 0.00 -0.00 0.00 70.91 0.21 40.87 -141.96 46.87 -103.00 0.00 -0.00 -1.51 -32.75 25.71 -15.59 7.12 -0.00 -0.00 -1.78 -0.20 -1.77
9.59 17.14 0.17 12.22 -47.08 -16.28 0.00 0.00 0.00 -23.98 17.51 -13.80 4.00 12.15 36.28 0.86 12.23 -25.85 0.10 2.01 5.53 0.00 0.00 0.00 11.23 5.58 0.35 -4.30 -12.54 37.69 -2.04 -3.23 -28.28 -0.58 4.89 -13.60 -2.12 -1.52 7.65 2.32 -2.21 4.09 3.75 -1.20 0.11 1.48 7.34 -12.40 -7.83 9.57 -3.02 -2.25 4.52 1.65 -0.00 0.00 0.00 -89.55 1.68 50.15 130.97 -52.60 -94.60 -0.00 0.00 -20.58 27.07 2.25 1.15 -7.12 0.00 -0.00 0.39 32.51 -0.12 -0.00 0.00 0.00 69.13 5.42 39.55 -140.71 47.64 -102.09 0.00 -0.00 -1.04 -30.17 24.69 -13.65 7.12 -0.00 -0.00 -0.41 -1.98 -0.40
9.61 17.18 0.20 10.00 -45.32 -14.18 0.00 0.00 0.00 -22.90 16.51 -14.24 4.05 12.23 36.54 0.76 11.74 -24.59 0.12 2.19 6.03 0.00 0.00 0.00 12.41 4.26 0.44 -4.05 -12.22 36.53 -1.90 -4.15 -27.80 -0.61 5.01 -13.93 -1.76 -1.09 7.42 2.11 -1.62 4.22 3.27 -0.89 0.32 -0.18 5.92 -12.72 -5.90 7.83 -3.44 -1.44 3.72 1.30 -0.00 0.00 0.00 -89.11 1.25 50.57 130.64 -52.73 -94.34 -0.00 0.00 -20.59 27.69 1.26 0.66 -7.12 0.00 -0.00 0.90 31.41 -0.30 -0.00 0.00 0.00 67.06 12.27 37.75 -138.22 49.09 -100.23 0.00 -0.00 -0.38 -27.57 23.20 -11.63 7.12 -0.00 -0.00 0.95 -4.18 0.88
9.63 17.22 0.23 7.49 -42.45 -12.01 0.00 0.00 0.00 -21.57 14.60 -14.27 4.11 12.31 36.84 0.88 9.86 -23.92 0.11 2.16 5.94 0.00 0.00 0.00 13.89 2.46 0.82 -3.76 -11.83 35.14 -1.79 -5.61 -27.79 -0.72 5.41 -15.09 -1.53 -1.00 7.38 1.97 -1.48 4.17 2.99 -0.81 0.26 -1.31 4.35 -13.02 -4.63 5.89 -3.52 -0.95 2.80 1.18 -0.00 -0.00 0.00 -88.95 1.19 50.32 130.62 -52.74 -94.32 -0.00 0.00 -20.52 27.34 1.99 1.03 -7.12 0.00 -0.00 0.61 32.22 -0.19 -0.00 -0.00 0.00 63.64 18.97 35.71 -134.84 50.85 -97.64 0.00 -0.00 -1.42 -26.71 21.89 -10.63 7.12 -0.00 -0.00 1.32 -5.76 1.18
9.65 17.28 0.26 7.09 -39.10 -11.26 0.00 0.00 0.00 -21.96 12.70 -14.06 3.99 12.15 36.27 0.67 9.64 -21.79 0.09 1.97 5.42 0.00 0.00 0.00 13.63 0.42 1.04 -3.51 -11.48 33.92 -1.66 -6.50 -27.44 -0.40 4.08 -11.31 -2.53 -0.43 7.70 0.99 -0.77 3.91 2.51 -0.45 -0.23 -1.92 2.45 -13.83 -3.27 3.53 -2.22 -0.52 1.64 1.67 0.00 -0.00 0.00 -87.97 1.38 50.89 130.44 -52.82 -94.18 -0.00 0.00 -20.56 25.98 2.86 1.39 -7.12 0.00 -0.00 -0.50 33.16 0.15 0.00 -0.00 0.00 59.80 25.12 31.72 -130.13 52.94 -93.93 0.00 -0.00 -1.61 -25.95 19.20 -9.09 7.12 -0.00 -0.00 1.49 -8.82 1.24
9.66 17.30 0.28 4.15 -36.47 -8.65 0.00 0.00 0.00 -19.86 10.63 -14.65 4.04 12.22 36.50 0.60 8.70 -20.27 0.00 0.26 0.70 0.00 0.00 0.00 16.00 -1.19 1.13 -3.15 -10.94 32.06 -1.38 -8.45 -26.71 -0.57 4.85 -13.48 -1.58 0.13 7.70 0.60 0.03 3.86 1.50 -0.03 -0.34 -2.64 0.42 -14.41 -1.76 0.96 -1.94 -0.05 0.40 1.84 -0.00 0.00 0.00 -87.01 1.31 51.05 130.39 -52.84 -94.13 -0.00 0.00 -20.67 27.54 2.90 1.51 -7.12 0.00 -0.00 0.77 33.24 -0.22 -0.00 0.00 0.00 54.66 31.11 27.11 -123.64 55.26 -88.67 0.00 -0.00 -3.19 -24.06 17.49 -7.64 7.12 -0.00 -0.00 2.56 -10.96 2.03
9.68 17.41 0.30 4.33 -33.37 -7.92 0.00 0.00 0.00 -20.72 8.88 -15.29 3.94 12.08 36.01 0.40 9.06 -18.45 0.08 -1.80 -4.96 0.00 0.00 0.00 15.44 -3.04 1.19 -2.77 -10.31 29.99 -1.23 -9.03 -26.03 -0.27 3.37 -9.31 -3.03 0.67 7.77 -0.63 0.64 3.78 1.00 0.27 -0.48 -4.23 -1.26 -13.40 0.97 -1.13 -2.84 0.97 -0.54 1.41 0.00 -0.00 0.00 -86.16 1.77 50.43 130.66 -52.73 -94.35 -0.00 0.00 -20.99 27.01 2.09 1.07 -7.12 0.00 -0.00 0.34 32.33 -0.11 0.00 -0.00 0.00 48.16 37.09 21.65 -113.55 57.80 -80.25 0.00 -0.00 -5.19 -22.91 15.87 -6.59 7.12 -0.00 -0.00 3.20 -12.85 2.41
9.68 17.45 0.32 1.27 -31.29 -5.84 0.00 0.00 0.00 -18.18 7.49 -15.19 3.81 11.90 35.39 0.46 7.98 -18.13 0.02 -1.00 -2.74 0.00 0.00 0.00 18.23 -4.24 1.67 -2.46 -9.76 28.21 -1.17 -9.32 -25.74 -0.21 2.97 -8.20 -2.02 1.24 8.34 -0.78 1.45 3.78 0.21 0.69 -0.79 -5.49 -3.11 -13.64 2.64 -3.40 -2.45 1.61 -1.62 1.71 -0.00 0.00 0.00 -85.89 1.87 50.03 130.47 -52.80 -94.20 -0.00 0.00 -20.61 26.54 2.26 1.13 -7.12 0.00 -0.00 -0.03 32.51 0.01 -0.00 0.00 0.00 39.79 42.39 15.16 -100.09 59.61 -68.72 0.00 -0.00 -7.01 -23.29 14.61 -6.20 7.12 -0.00 -0.00 2.87 -14.15 2.08
9.68 17.53 0.33 0.17 -29.02 -4.40 0.00 0.00 0.00 -17.57 5.84 -15.53 3.62 11.64 34.48 0.37 8.04 -17.11 0.07 -1.77 -4.86 0.00 0.00 0.00 19.26 -5.35 1.62 -2.15 -9.16 26.31 -0.92 -10.45 -24.70 -0.27 3.36 -9.29 -2.41 1.63 8.30 -1.87 1.93 3.94 -0.74 0.93 -0.59 -6.44 -4.45 -13.37 5.46 -5.11 -3.04 2.62 -2.38 1.69 0.00 -0.00 0.00 -84.95 1.98 48.61 130.97 -52.60 -94.60 -0.00 0.00 -21.08 26.25 2.34 1.15 -7.12 0.00 -0.00 -0.28 32.59 0.08 0.00 -0.00 0.00 30.93 47.68 7.24 -82.19 59.77 -53.24 0.00 -0.00 -8.47 -23.12 14.21 -5.98 7.12 -0.00 -0.00 2.95 -14.60 2.12
9.68 17.54 0.33 -0.84 -27.28 -2.77 0.00 0.00 0.00 -16.73 3.88 -16.25 3.62 11.63 34.45 0.47 7.00 -17.39 0.01 -0.67 -1.85 0.00 0.00 0.00 20.29 -6.07 1.00 -1.91 -8.69 24.82 -0.76 -11.08 -23.96 -0.32 3.62 -10.02 -2.84 2.23 8.47 -2.88 2.66 3.95 -1.61 1.30 -0.64 -6.91 -5.85 -13.33 7.45 -6.93 -3.65 3.27 -3.25 1.71 0.00 -0.00 0.00 -84.70 2.55 47.17 131.54 -52.35 -95.05 -0.00 0.00 -20.66 25.43 1.62 0.77 -7.12 0.00 -0.00 -0.92 31.77 0.30 0.00 -0.00 0.00 19.47 52.11 -3.30 -64.42 57.38 -38.04 0.00 -0.00 -9.45 -22.18 12.19 -4.92 7.12 -0.00 -0.00 3.50 -16.86 2.34
9.66 17.61 0.34 -2.27 -25.18 -0.99 0.00 0.00 0.00 -15.45 2.38 -17.95 3.79 11.88 35.30 0.49 6.41 -17.06 0.05 -1.46 -4.02 0.00 0.00 0.00 21.82 -7.26 0.60 -1.62 -8.02 22.77 -0.70 -11.14 -23.48 -0.33 3.67 -10.16 -2.71 2.56 8.26 -3.62 3.11 4.10 -2.48 1.53 -0.32 -8.14 -7.31 -12.56 9.96 -8.72 -4.90 3.86 -4.10 1.36 0.00 -0.00 0.00 -84.11 2.63 46.37 131.85 -52.22 -95.30 -0.00 0.00 -21.00 25.95 1.92 0.94 -7.12 0.00 -0.00 -0.51 32.12 0.16 0.00 -0.00 0.00 6.61 53.53 -14.10 -47.54 51.95 -24.22 0.00 -0.00 -10.10 -23.24 13.06 -5.54 7.12 -0.00 -0.00 2.81 -15.82 1.94
9.67 17.57 0.33 -2.86 -23.62 0.04 0.00 0.00 0.00 -15.22 2.50 -19.68 3.83 11.93 35.50 0.38 6.54 -15.85 0.42 -4.18 -11.58 0.00 0.00 0.00 22.51 -7.79 -0.07 -1.55 -7.85 22.25 -0.75 -11.21 -24.01 -0.16 2.57 -7.10 -2.81 2.96 8.67 -4.45 3.60 4.38 -3.34 1.78 -0.19 -9.64 -8.78 -13.08 11.51 -10.46 -4.98 4.40 -4.90 1.74 0.00 -0.00 0.00 -84.13 2.80 45.54 132.48 -51.95 -95.79 -0.00 0.00 -21.12 26.84 3.07 1.55 -7.12 0.00 -0.00 0.19 33.42 -0.05 0.00 -0.00 0.00 -7.46 54.03 -26.30 -33.41 43.64 -13.71 0.00 -0.00 -8.57 -24.31 13.84 -6.17 7.12 -0.00 -0.00 2.12 -14.86 1.51
9.66 17.57 0.31 -3.83 -22.20 1.03 0.00 0.00 0.00 -14.09 1.58 -21.08 4.11 12.30 36.81 0.51 5.00 -16.19 0.19 -2.82 -7.79 0.00 0.00 0.00 23.71 -8.38 -0.17 -1.35 -7.35 20.76 -0.75 -11.75 -24.54 -0.43 4.21 -11.68 -2.45 3.05 9.25 -5.15 3.72 4.68 -4.31 1.86 -0.11 -11.51 -9.44 -10.73 14.26 -11.15 -8.14 5.63 -5.29 0.82 0.00 -0.00 0.00 -83.79 2.54 44.22 132.51 -51.93 -95.82 -0.00 0.00 -21.76 27.89 2.31 1.22 -7.12 0.00 -0.00 1.05 32.59 -0.32 0.00 -0.00 0.00 -19.92 53.67 -37.21 -23.43 34.56 -7.38 0.00 -0.00 -8.67 -24.94 14.58 -6.68 7.12 -0.00 -0.00 1.74 -13.98 1.27
9.65 17.52 0.29 -5.01 -20.86 2.24 0.00 0.00 0.00 -12.73 1.24 -23.07 4.40 12.67 38.15 0.57 3.77 -16.17 0.37 -3.90 -10.78 0.00 0.00 0.00 25.35 -8.58 -0.35 -1.17 -6.87 19.32 -0.63 -12.77 -24.52 -0.34 3.74 -10.34 -1.88 3.13 9.74 -5.70 3.84 4.76 -5.25 1.93 -0.22 -10.34 -10.47 -13.41 12.46 -12.56 -5.98 4.62 -5.92 1.81 0.00 -0.00 0.00 -83.48 2.36 42.55 131.75 -52.27 -95.22 -0.00 0.00 -21.49 26.84 3.35 1.69 -7.12 0.00 -0.00 0.18 33.73 -0.05 0.00 -0.00 0.00 -29.02 52.43 -47.48 -16.49 26.18 -3.86 0.00 -0.00 -6.35 -23.66 14.92 -6.44 7.12 -0.00 -0.00 2.63 -13.77 1.93
9.61 17.54 0.29 -4.84 -19.21 2.78 0.00 0.00 0.00 -12.65 0.38 -24.20 4.56 12.87 38.88 0.66 1.92 -16.19 0.17 -2.66 -7.33 0.00 0.00 0.00 25.65 -9.39 -0.44 -0.98 -6.31 17.70 -0.55 -13.51 -24.61 -0.21 2.97 -8.20 -2.80 3.34 9.88 -6.27 4.03 5.00 -5.36 2.02 -0.04 -12.88 -10.89 -9.38 15.90 -12.94 -10.29 6.31 -6.23 0.43 -0.00 -0.00 0.00 -83.29 2.54 41.97 131.45 -52.39 -94.98 -0.00 0.00 -20.99 26.44 2.66 1.32 -7.12 0.00 -0.00 -0.13 32.95 0.04 -0.00 -0.00 0.00 -34.20 50.94 -57.60 -12.03 19.85 -2.11 0.00 -0.00 -1.39 -22.23 14.77 -5.95 7.12 -0.00 -0.00 3.60 -14.11 2.62
9.61 17.51 0.28 -5.21 -17.36 3.39 0.00 0.00 0.00 -12.50 -0.06 -25.16 4.54 12.85 38.79 0.60 1.86 -15.37 0.29 -3.46 -9.57 0.00 0.00 0.00 26.35 -10.53 -1.43 -0.98 -6.31 17.68 -0.63 -13.27 -25.06 -0.16 2.56 -7.05 -2.78 3.32 10.31 -6.64 3.98 5.15 -5.79 2.00 -0.09 -12.17 -11.68 -11.22 14.74 -13.98 -9.07 5.62 -6.68 1.04 -0.00 0.00 0.00 -83.64 2.98 41.72 131.02 -52.58 -94.64 -0.00 0.00 -20.65 26.14 2.14 1.05 -7.12 0.00 -0.00 -0.36 32.36 0.11 -0.00 0.00 0.00 -36.10 49.49 -65.49 -9.75 16.35 -1.40 0.00 0.00 3.67 -22.56 14.01 -5.74 7.12 -0.00 -0.00 3.33 -14.88 2.37
9.59 17.51 0.28 -6.12 -15.74 3.80 0.00 0.00 0.00 -11.60 -0.54 -25.84 4.63 12.95 39.20 0.55 1.77 -14.77 1.18 -6.88 -19.37 0.00 0.00 0.00 27.57 -11.63 -1.30 -0.84 -5.86 16.38 -0.56 -13.48 -24.69 -0.14 2.40 -6.61 -2.41 3.11 10.31 -6.69 3.75 5.41 -6.02 1.90 0.19 -12.40 -11.81 -10.27 15.44 -14.13 -10.43 5.94 -6.80 0.60 -0.00 0.00 0.00 -84.33 3.77 40.91 131.30 -52.46 -94.86 -0.00 0.00 -20.38 26.59 2.44 1.22 -7.12 0.00 -0.00 0.00 32.71 -0.00 -0.00 0.00 0.00 -35.37 48.86 -67.40 -9.55 16.04 -1.35 0.00 0.00 4.68 -22.49 13.67 -5.59 7.12 -0.00 -0.00 3.36 -15.25 2.36
9.59 17.58 0.29 -6.27 -15.20 3.85 0.00 0.00 0.00 -10.27 -3.21 -24.23 4.85 13.21 40.16 0.86 -2.93 -16.74 0.66 5.21 14.50 0.00 0.00 0.00 27.69 -12.48 -0.67 -0.67 -5.24 14.59 -0.38 -13.86 -23.54 -0.19 2.81 -7.74 -2.40 3.22 10.10 -6.90 3.93 5.67 -6.24 2.00 0.61 -11.65 -12.07 -11.69 14.15 -14.50 -9.26 5.30 -6.94 1.03 -0.00 0.00 0.00 -84.60 4.22 40.88 131.00 -52.58 -94.63 -0.00 0.00 -20.61 26.28 2.29 1.13 -7.12 0.00 -0.00 -0.25 32.53 0.08 -0.00 0.00 0.00 -32.38 47.88 -61.81 -11.06 18.37 -1.79 0.00 0.00 1.17 -22.56 13.96 -5.72 7.12 -0.00 -0.00 3.32 -14.94 2.36
9.59 17.52 0.29 -6.19 -15.13 3.56 0.00 0.00 0.00 -11.43 -1.54 -25.14 4.57 12.89 38.95 0.55 1.85 -14.74 0.66 -5.20 -14.48 0.00 0.00 0.00 27.50 -12.14 -1.53 -0.92 -6.10 17.07 -0.60 -13.05 -24.57 -0.12 2.26 -6.23 -2.80 3.26 10.17 -6.98 3.95 5.56 -6.11 2.00 0.43 -11.80 -11.99 -11.33 14.22 -14.41 -9.25 5.37 -6.90 0.98 -0.00 0.00 0.00 -84.54 5.48 40.95 130.92 -52.62 -94.56 -0.00 0.00 -21.25 26.51 2.23 1.11 -7.12 0.00 -0.00 -0.07 32.47 0.02 -0.00 0.00 0.00 -27.91 48.17 -55.04 -13.50 22.01 -2.64 0.00 -0.00 -1.92 -24.47 15.27 -6.84 7.12 -0.00 -0.00 2.11 -13.29 1.57
9.60 17.55 0.29 -6.26 -15.40 3.33 0.00 0.00 0.00 -11.46 -1.46 -24.57 4.48 12.78 38.53 0.52 2.34 -14.68 1.00 -6.35 -17.80 0.00 0.00 0.00 27.37 -11.98 -1.51 -0.96 -6.24 17.49 -0.46 -13.46 -23.78 -0.18 2.71 -7.48 -3.10 3.19 10.29 -6.68 3.79 5.19 -5.62 1.90 -0.08 -10.66 -11.69 -12.82 11.92 -14.09 -7.60 4.43 -6.71 1.36 0.00 0.00 0.00 -84.90 6.79 40.93 130.91 -52.62 -94.55 -0.00 0.00 -21.30 27.05 2.20 1.12 -7.12 0.00 -0.00 0.37 32.45 -0.11 0.00 0.00 0.00 -22.43 48.88 -46.65 -17.32 27.28 -4.23 0.00 -0.00 -6.45 -26.87 15.11 -7.52 7.12 -0.00 -0.00 0.49 -13.14 0.36
9.62 17.60 0.29 -6.07 -16.24 3.07 0.00 0.00 0.00 -10.63 -3.57 -22.75 4.38 12.65 38.06 0.78 -0.90 -16.45 0.73 5.44 15.18 0.00 0.00 0.00 26.96 -11.51 -0.02 -0.76 -5.55 15.49 -0.29 -13.87 -22.74 -0.20 2.87 -7.92 -3.12 3.29 9.71 -6.66 3.97 5.14 -5.57 1.99 0.20 -12.69 -10.90 -9.05 15.06 -12.93 -11.42 6.09 -6.24 -0.04 -0.00 0.00 0.00 -83.97 6.53 41.56 129.97 -53.01 -93.80 -0.00 0.00 -21.00 29.28 1.19 0.67 -7.12 0.00 -0.00 2.17 31.34 -0.72 -0.00 0.00 0.00 -15.65 48.90 -39.07 -22.42 33.45 -6.82 0.00 -0.00 -9.26 -26.19 16.51 -7.96 7.12 -0.00 -0.00 1.07 -11.70 0.83
9.65 17.61 0.34 -4.10 -18.43 1.09 0.00 0.00 0.00 -13.09 -1.84 -20.28 4.12 12.32 36.87 0.82 0.10 -17.13 0.52 4.63 12.86 0.00 0.00 0.00 24.27 -10.46 1.90 -0.80 -5.71 15.93 -0.33 -13.62 -22.83 -0.19 2.79 -7.69 -4.64 3.79 9.79 -7.05 4.47 5.11 -5.19 2.21 0.09 -10.48 -10.53 -11.89 11.95 -12.59 -8.45 4.62 -6.00 0.82 -0.00 0.00 0.00 -83.13 7.22 41.91 130.29 -52.88 -94.05 -0.00 0.00 -21.00 26.38 2.73 1.36 -7.12 0.00 -0.00 -0.17 33.03 0.05 -0.00 0.00 0.00 -7.07 48.88 -31.00 -29.62 40.57 -11.16 0.00 -0.00 -10.79 -26.26 17.36 -8.37 7.12 -0.00 -0.00 1.10 -10.77 0.88
9.66 17.61 0.28 -4.16 -18.00 1.06 0.00 0.00 0.00 -13.02 -2.46 -20.12 4.14 12.35 36.97 0.88 -0.11 -17.69 0.44 4.25 11.79 0.00 0.00 0.00 24.49 -10.61 1.73 -0.81 -5.74 16.04 -0.48 -13.37 -23.91 -0.10 2.01 -5.53 -3.83 3.31 9.65 -6.63 3.91 4.90 -5.14 1.94 -0.07 -9.70 -10.14 -13.55 10.44 -12.07 -7.28 4.00 -5.72 1.19 0.00 0.00 0.00 -81.92 6.75 43.21 129.80 -53.08 -93.67 -0.00 0.00 -21.63 26.01 3.42 1.67 -7.12 0.00 -0.00 -0.50 33.78 0.14 0.00 0.00 0.00 0.93 47.90 -22.89 -38.20 46.97 -17.11 0.00 -0.00 -11.75 -27.86 18.74 -9.64 7.12 -0.00 -0.00 0.20 -8.98 0.17
9.67 17.60 0.20 -4.10 -18.48 0.90 0.00 0.00 0.00 -12.99 -2.48 -20.05 4.01 12.17 36.34 0.78 0.72 -16.95 0.48 4.44 12.32 0.00 0.00 0.00 24.76 -9.67 1.59 -0.85 -5.89 16.47 -0.34 -14.64 -24.12 -0.21 2.97 -8.21 -3.45 2.94 9.78 -6.10 3.44 4.59 -4.76 1.71 -0.52 -9.79 -9.06 -13.59 10.36 -10.60 -7.67 4.12 -4.98 0.95 -0.00 0.00 0.00 -81.61 6.30 43.48 129.37 -53.25 -93.32 -0.00 0.00 -21.33 26.72 2.40 1.21 -7.12 0.00 -0.00 0.11 32.66 -0.03 -0.00 0.00 0.00 9.16 47.03 -15.05 -48.98 52.57 -25.36 0.00 -0.00 -12.38 -29.22 19.59 -10.62 7.12 -0.00 -0.00 -0.56 -7.80 -0.48
9.69 17.61 0.16 -2.22 -20.07 -0.06 0.00 0.00 0.00 -15.60 -0.29 -19.72 3.71 11.76 34.88 0.54 3.91 -15.83 0.06 -1.57 -4.32 0.00 0.00 0.00 22.64 -8.48 1.19 -1.04 -6.50 18.23 -0.44 -14.15 -24.40 -0.24 3.16 -8.72 -4.21 3.06 8.97 -6.11 3.60 4.59 -4.31 1.77 -0.11 -8.97 -8.20 -14.37 9.01 -9.51 -7.24 3.64 -4.45 0.97 -0.00 0.00 0.00 -80.94 5.64 44.13 129.29 -53.28 -93.26 -0.00 0.00 -21.50 27.65 2.74 1.43 -7.12 0.00 -0.00 0.86 33.07 -0.25 -0.00 0.00 0.00 17.56 45.46 -7.40 -61.44 56.68 -35.54 0.00 -0.00 -12.79 -31.10 20.14 -11.73 7.12 -0.00 -0.00 -1.68 -6.80 -1.47
9.71 17.59 0.09 -2.03 -21.58 -0.77 0.00 0.00 0.00 -15.93 1.18 -19.21 3.58 11.58 34.26 0.38 5.52 -15.05 0.40 -4.05 -11.22 0.00 0.00 0.00 22.29 -7.62 1.58 -1.14 -6.77 19.05 -0.65 -13.09 -25.02 -0.22 2.99 -8.26 -3.19 2.96 9.08 -5.59 3.52 4.29 -4.34 1.75 -0.46 -8.27 -7.09 -15.13 7.44 -8.14 -6.20 3.41 -3.80 1.32 -0.00 -0.00 0.00 -80.60 5.08 44.41 128.78 -53.48 -92.85 -0.00 0.00 -21.46 27.32 3.08 1.59 -7.12 0.00 -0.00 0.58 33.44 -0.16 -0.00 -0.00 0.00 26.58 43.12 1.05 -75.15 59.15 -47.17 0.00 -0.00 -12.84 -31.30 21.13 -12.36 7.12 -0.00 -0.00 -1.66 -5.65 -1.49
9.71 17.58 0.02 -2.24 -23.53 -1.36 0.00 0.00 0.00 -15.67 2.64 -18.72 3.49 11.45 33.82 0.21 7.36 -14.24 1.04 -6.50 -18.23 0.00 0.00 0.00 22.59 -6.14 2.37 -1.17 -6.87 19.32 -0.64 -13.01 -24.87 -0.27 3.36 -9.29 -2.40 2.82 8.80 -4.53 3.44 4.08 -3.65 1.71 -0.55 -8.06 -5.66 -14.82 6.44 -6.30 -5.94 3.17 -2.91 1.15 -0.00 0.00 0.00 -81.12 4.74 44.17 128.69 -53.51 -92.78 -0.00 0.00 -21.52 27.69 2.20 1.15 -7.12 0.00 -0.00 0.89 32.46 -0.27 -0.00 0.00 0.00 34.69 40.58 9.15 -87.75 59.98 -58.05 0.00 -0.00 -11.40 -30.48 22.41 -12.65 7.12 -0.00 -0.00 -0.96 -4.41 -0.88
9.72 17.57 -0.03 -0.09 -25.12 -2.89 0.00 0.00 0.00 -17.73 3.19 -17.40 3.27 11.13 32.71 0.10 8.77 -14.24 0.97 -6.27 -17.56 0.00 0.00 0.00 20.22 -5.62 2.46 -1.30 -7.22 20.36 -0.76 -11.87 -24.71 -0.26 3.28 -9.07 -3.05 2.92 8.67 -4.41 3.52 4.07 -3.17 1.74 -0.54 -5.92 -4.32 -16.42 3.93 -4.77 -4.28 2.00 -2.22 1.71 0.00 0.00 0.00 -80.91 3.86 45.13 128.41 -53.62 -92.55 -0.00 0.00 -21.95 28.53 4.55 2.47 -7.12 0.00 -0.00 1.56 35.15 -0.38 0.00 0.00 0.00 42.40 36.09 16.28 -100.04 59.62 -68.69 0.00 -0.00 -10.25 -31.96 23.81 -14.13 7.12 -0.00 -0.00 -1.64 -2.52 -1.57
9.73 17.58 -0.09 0.64 -26.44 -3.92 0.00 0.00 0.00 -18.18 3.78 -16.15 3.13 10.90 31.95 0.14 9.06 -15.13 0.55 -4.75 -13.21 0.00 0.00 0.00 19.37 -5.18 2.82 -1.37 -7.41 20.94 -0.86 -10.73 -24.49 -0.23 3.09 -8.53 -2.44 2.52 8.82 -3.61 3.04 3.80 -2.65 1.50 -0.93 -5.01 -2.72 -16.57 1.97 -2.78 -3.09 1.33 -1.31 1.96 0.00 0.00 0.00 -81.85 4.04 44.48 128.29 -53.66 -92.46 -0.00 0.00 -21.41 28.29 4.03 2.17 -7.12 0.00 -0.00 1.37 34.55 -0.35 0.00 0.00 0.00 49.27 31.51 23.50 -109.10 58.58 -76.46 0.00 -0.00 -8.80 -31.32 25.11 -14.48 7.12 -0.00 -0.00 -1.03 -1.23 -1.01
9.73 17.58 -0.16 1.27 -28.07 -5.08 0.00 0.00 0.00 -18.52 5.39 -15.56 3.07 10.81 31.65 0.06 9.79 -14.94 0.83 -5.82 -16.26 0.00 0.00 0.00 18.78 -4.46 3.11 -1.51 -7.75 21.95 -0.93 -9.67 -24.18 -0.20 2.88 -7.95 -1.64 2.28 8.96 -2.72 2.81 3.83 -2.16 1.39 -0.99 -3.36 -0.78 -16.52 -1.07 -0.43 -2.30 0.21 -0.26 2.10 0.00 -0.00 0.00 -82.59 4.10 44.40 128.34 -53.64 -92.49 -0.00 0.00 -20.98 28.14 3.22 1.72 -7.12 0.00 -0.00 1.25 33.63 -0.35 0.00 -0.00 0.00 54.99 25.39 28.93 -117.82 56.86 -83.84 0.00 -0.00 -8.59 -32.02 26.63 -15.66 7.12 -0.00 -0.00 -1.18 0.61 -1.19
9.72 17.55 -0.20 1.76 -29.82 -5.84 0.00 0.00 0.00 -18.48 6.63 -15.32 3.15 10.93 32.03 0.21 9.29 -16.39 0.25 -3.25 -8.96 0.00 0.00 0.00 18.35 -3.77 2.87 -1.68 -8.16 23.19 -1.02 -8.79 -24.18 -0.31 3.58 -9.90 -0.67 2.07 8.58 -1.76 2.62 3.86 -1.68 1.30 -0.76 -2.70 1.07 -15.60 -3.08 1.91 -2.34 -0.40 0.83 1.92 0.00 -0.00 0.00 -83.48 4.30 44.64 128.25 -53.68 -92.42 -0.00 0.00 -21.41 28.69 2.83 1.55 -7.12 0.00 -0.00 1.70 33.21 -0.49 0.00 -0.00 0.00 59.70 18.55 34.01 -123.56 55.28 -88.60 0.00 -0.00 -8.14 -31.70 26.48 -15.40 7.12 -0.00 -0.00 -1.02 0.37 -1.03
9.70 17.50 -0.24 2.86 -31.00 -6.95 0.00 0.00 0.00 -19.16 8.28 -15.41 3.21 11.03 32.37 0.21 9.63 -16.76 0.28 -3.41 -9.42 0.00 0.00 0.00 17.36 -3.25 2.25 -2.00 -8.86 25.37 -1.18 -8.00 -24.82 -0.36 3.84 -10.64 -0.20 1.78 8.48 -0.94 2.29 3.80 -1.06 1.14 -0.79 -1.78 2.86 -15.14 -5.29 4.21 -1.55 -1.13 1.89 2.20 -0.00 0.00 0.00 -84.87 5.14 44.37 128.63 -53.53 -92.73 -0.00 0.00 -21.23 27.95 2.92 1.55 -7.12 0.00 -0.00 1.10 33.28 -0.32 -0.00 0.00 0.00 63.49 11.29 37.22 -127.67 53.89 -91.96 0.00 -0.00 -7.77 -31.77 27.94 -16.18 7.12 -0.00 -0.00 -0.79 1.97 -0.82
9.69 17.45 -0.30 3.67 -31.90 -8.08 0.00 0.00 0.00 -19.54 10.30 -15.85 3.29 11.15 32.79 0.30 9.72 -18.07 0.06 -1.59 -4.38 0.00 0.00 0.00 16.82 -2.36 1.53 -2.47 -9.79 28.31 -1.38 -7.47 -26.01 -0.40 4.04 -11.19 -0.35 1.10 9.24 0.12 1.39 3.73 0.18 0.68 -1.32 0.53 5.16 -15.16 -8.49 7.09 -0.50 -2.39 3.16 2.88 -0.00 -0.00 0.00 -86.79 6.16 43.36 129.29 -53.28 -93.26 -0.00 0.00 -21.39 28.14 3.10 1.66 -7.12 0.00 -0.00 1.25 33.50 -0.35 -0.00 -0.00 0.00 66.33 3.93 40.02 -130.87 52.64 -94.52 0.00 -0.00 -5.56 -31.50 29.27 -16.68 7.12 -0.00 -0.00 -0.38 3.33 -0.40
9.68 17.34 -0.34 5.48 -32.41 -9.44 0.00 0.00 0.00 -21.08 11.99 -16.26 3.43 11.36 33.50 0.47 9.33 -19.54 0.05 -1.46 -4.02 0.00 0.00 0.00 15.16 -1.82 0.10 -3.10 -10.86 31.80 -1.62 -6.63 -27.24 -0.40 4.06 -11.25 -0.94 0.61 9.27 0.65 0.70 3.98 1.13 0.32 -1.09 1.83 6.95 -14.96 -10.48 9.39 -0.01 -2.81 4.20 3.00 -0.00 -0.00 0.00 -88.09 6.67 42.83 129.54 -53.18 -93.46 -0.00 0.00 -21.30 28.13 2.72 1.45 -7.12 0.00 -0.00 1.24 33.06 -0.36 -0.00 -0.00 0.00 68.30 -2.69 41.33 -133.17 51.63 -96.34 0.00 -0.00 -5.24 -31.45 29.35 -16.68 7.12 -0.00 -0.00 -0.33 3.41 -0.35
9.67 17.27 -0.35 6.13 -33.05 -10.40 0.00 0.00 0.00 -21.31 13.27 -16.53 3.67 11.70 34.68 0.46 10.06 -20.14 0.20 -2.87 -7.91 0.00 0.00 0.00 14.65 -1.30 -0.23 -3.51 -11.47 33.89 -1.81 -5.50 -27.91 -0.31 3.60 -9.95 -0.42 0.09 9.16 1.38 0.06 4.28 1.65 -0.01 -0.70 2.79 8.31 -13.67 -12.31 11.10 -0.66 -3.42 5.04 2.88 -0.00 -0.00 0.00 -89.05 6.94 42.34 129.98 -53.00 -93.81 -0.00 0.00 -22.63 28.49 2.61 1.42 -7.12 0.00 -0.00 1.54 32.94 -0.46 -0.00 -0.00 0.00 69.54 -8.55 42.48 -134.80 50.87 -97.61 0.00 -0.00 -5.08 -31.60 30.19 -17.19 7.12 -0.00 -0.00 -0.25 4.35 -0.27
9.68 17.20 -0.38 7.22 -33.92 -11.43 0.00 0.00 0.00 -21.95 15.15 -17.22 3.86 11.98 35.65 0.58 10.08 -21.37 0.05 -1.46 -4.02 0.00 0.00 0.00 13.79 -0.63 -0.91 -3.90 -12.02 35.81 -1.84 -6.39 -28.60 -0.63 5.07 -14.10 -0.39 -0.37 9.36 1.68 -0.56 4.53 2.00 -0.33 -0.53 3.72 9.88 -12.26 -12.91 13.08 -1.11 -3.62 6.07 2.78 0.00 -0.00 0.00 -89.59 6.69 41.79 129.46 -53.21 -93.40 -0.00 0.00 -21.85 29.13 2.58 1.44 -7.12 0.00 -0.00 2.06 32.93 -0.61 0.00 -0.00 0.00 70.23 -12.86 43.76 -135.47 50.54 -98.12 0.00 -0.00 -3.33 -31.86 30.43 -17.47 7.12 -0.00 -0.00 -0.35 4.69 -0.37
9.68 17.17 -0.37 7.85 -33.44 -12.20 0.00 0.00 0.00 -22.40 15.81 -17.47 4.04 12.22 36.51 0.48 9.80 -20.12 0.17 -2.67 -7.37 0.00 0.00 0.00 13.05 -1.08 -0.74 -4.04 -12.22 36.50 -1.99 -5.68 -29.15 -0.45 4.30 -11.92 -0.12 -1.09 9.19 1.96 -1.50 4.74 2.23 -0.80 -0.18 3.39 10.89 -10.81 -12.97 14.46 -1.61 -3.55 6.83 2.48 0.00 -0.00 0.00 -89.83 6.30 41.34 129.00 -53.39 -93.02 -0.00 0.00 -21.30 28.05 2.69 1.43 -7.12 0.00 -0.00 1.19 33.02 -0.35 0.00 -0.00 0.00 69.95 -15.62 44.73 -136.32 50.11 -98.78 0.00 -0.00 -2.38 -32.16 30.39 -17.65 7.12 -0.00 -0.00 -0.53 4.74 -0.57
9.69 17.13 -0.38 8.47 -33.87 -13.07 0.00 0.00 0.00 -22.62 16.33 -17.54 4.16 12.37 37.06 0.58 9.11 -20.42 0.05 -1.49 -4.10 0.00 0.00 0.00 12.51 -0.87 -0.67 -4.19 -12.41 37.20 -1.99 -5.88 -29.30 -0.54 4.72 -13.12 -0.06 -1.03 9.68 2.10 -1.42 4.89 2.35 -0.77 -0.30 3.61 11.31 -10.62 -12.93 15.12 -0.69 -3.50 7.13 2.79 0.00 -0.00 0.00 -90.10 5.75 41.97 128.26 -53.67 -92.43 -0.00 0.00 -21.09 27.90 2.69 1.42 -7.12 0.00 -0.00 1.06 33.02 -0.31 0.00 -0.00 0.00 69.93 -16.91 45.05 -136.81 49.85 -99.16 0.00 -0.00 -2.59 -32.11 31.07 -17.94 7.12 -0.00 -0.00 -0.36 5.44 -0.39
9.71 17.12 -0.36 8.69 -33.35 -13.06 0.00 0.00 0.00 -23.03 16.05 -17.55 4.15 12.36 37.01 0.39 9.57 -18.89 0.27 -3.36 -9.29 0.00 0.00 0.00 12.09 -1.24 -1.11 -4.31 -12.56 37.74 -2.13 -5.48 -29.98 -0.57 4.85 -13.48 -0.20 -1.51 9.39 2.31 -2.07 4.84 2.69 -1.10 -0.15 3.25 11.89 -10.17 -12.32 15.99 -0.06 -3.20 7.58 2.90 0.00 -0.00 0.00 -90.34 5.85 42.12 128.74 -53.49 -92.82 -0.00 0.00 -20.75 27.49 2.45 1.27 -7.12 0.00 -0.00 0.73 32.74 -0.22 0.00 -0.00 0.00 68.45 -15.90 46.49 -137.01 49.75 -99.31 0.00 -0.00 -3.18 -31.33 31.08 -17.45 7.12 -0.00 -0.00 0.08 5.23 0.09
9.71 17.13 -0.34 8.74 -33.44 -12.87 0.00 0.00 0.00 -23.21 15.84 -17.58 4.11 12.30 36.81 0.39 9.58 -18.86 0.08 -1.82 -5.01 0.00 0.00 0.00 11.95 -1.21 -1.22 -4.29 -12.54 37.68 -2.01 -5.50 -29.23 -0.43 4.22 -11.69 -0.08 -1.15 8.87 2.27 -1.59 4.97 2.52 -0.85 0.24 3.53 11.89 -10.49 -12.16 16.06 0.98 -3.14 7.57 3.27 0.00 -0.00 0.00 -90.47 5.27 43.11 128.50 -53.58 -92.62 -0.00 0.00 -20.42 26.81 2.37 1.20 -7.12 0.00 -0.00 0.17 32.64 -0.05 0.00 -0.00 0.00 68.20 -13.67 46.46 -136.07 50.23 -98.59 0.00 -0.00 -0.99 -30.76 30.57 -16.84 7.12 -0.00 -0.00 0.30 4.53 0.32
9.73 17.14 -0.33 8.31 -32.94 -12.45 0.00 0.00 0.00 -23.02 15.18 -17.79 4.20 12.42 37.22 0.41 9.22 -18.79 0.07 -1.71 -4.71 0.00 0.00 0.00 12.27 -1.47 -1.24 -4.20 -12.43 37.26 -2.03 -6.09 -29.68 -0.52 4.62 -12.84 -0.18 -1.05 8.86 2.16 -1.46 5.05 2.46 -0.80 0.33 4.36 11.95 -11.13 -12.23 16.16 2.00 -3.20 7.55 3.76 0.00 0.00 0.00 -90.13 4.72 43.55 128.33 -53.65 -92.48 -0.00 0.00 -20.01 26.57 1.44 0.72 -7.12 0.00 -0.00 -0.01 31.59 0.00 0.00 0.00 0.00 67.84 -9.91 47.57 -134.55 50.99 -97.41 0.00 -0.00 -1.03 -30.04 29.98 -16.12 7.12 -0.00 -0.00 0.60 3.70 0.63
9.75 17.14 -0.33 7.04 -32.11 -11.81 0.00 0.00 0.00 -22.03 13.81 -17.75 4.34 12.60 37.91 0.54 8.79 -19.74 0.00 -0.39 -1.07 0.00 0.00 0.00 13.34 -2.10 -0.84 -4.06 -12.24 36.57 -1.98 -6.55 -29.59 -0.41 4.12 -11.41 0.48 -0.78 9.38 2.18 -1.05 5.16 2.08 -0.58 0.12 3.97 11.74 -11.03 -11.81 15.87 1.91 -3.06 7.44 3.63 0.00 -0.00 0.00 -90.24 4.51 44.24 128.62 -53.54 -92.72 -0.00 0.00 -19.82 27.09 1.24 0.64 -7.12 0.00 -0.00 0.41 31.38 -0.14 0.00 -0.00 0.00 67.46 -5.74 48.23 -133.47 51.50 -96.57 0.00 -0.00 -0.78 -28.92 28.44 -14.74 7.12 -0.00 -0.00 0.96 1.76 0.99
9.77 17.13 -0.32 6.32 -30.35 -11.12 0.00 0.00 0.00 -21.84 12.71 -18.03 4.44 12.73 38.36 0.46 8.62 -18.76 0.07 -1.76 -4.84 0.00 0.00 0.00 13.68 -3.44 -1.08 -4.02 -12.19 36.40 -1.99 -6.95 -29.90 -0.51 4.56 -12.65 0.47 -0.67 9.74 1.96 -0.90 5.16 1.85 -0.49 -0.07 6.01 11.22 -12.43 -13.86 15.14 2.92 -3.92 6.91 4.44 0.00 -0.00 0.00 -90.43 4.65 44.18 129.20 -53.31 -93.18 -0.00 0.00 -20.35 27.16 1.24 0.63 -7.12 0.00 -0.00 0.47 31.37 -0.16 0.00 -0.00 0.00 67.05 -0.77 49.41 -132.11 52.11 -95.50 0.00 -0.00 -0.17 -27.29 26.78 -13.09 7.12 -0.00 -0.00 1.64 -0.39 1.63
9.79 17.13 -0.31 4.67 -28.15 -9.84 0.00 0.00 0.00 -20.77 11.04 -18.59 4.57 12.88 38.93 0.48 7.75 -18.14 0.07 -1.66 -4.57 0.00 0.00 0.00 15.10 -4.68 -1.31 -3.92 -12.06 35.94 -1.88 -8.27 -29.95 -0.56 4.80 -13.35 0.99 -0.52 9.93 1.86 -0.66 5.38 1.43 -0.36 0.03 2.60 10.50 -12.48 -10.37 14.24 1.77 -2.53 6.64 3.48 -0.00 -0.00 0.00 -90.06 3.73 44.36 129.16 -53.33 -93.15 -0.00 0.00 -20.77 27.10 1.34 0.69 -7.12 0.00 -0.00 0.42 31.49 -0.14 -0.00 -0.00 0.00 66.78 4.92 50.51 -130.80 52.67 -94.46 0.00 -0.00 -0.49 -26.71 23.83 -11.49 7.12 -0.00 -0.00 1.57 -3.68 1.46
9.80 17.12 -0.31 2.79 -25.08 -8.35 0.00 0.00 0.00 -19.51 8.66 -19.49 4.82 13.18 40.03 0.56 6.56 -18.03 0.02 -0.94 -2.58 0.00 0.00 0.00 16.90 -6.27 -1.61 -3.77 -11.85 35.21 -1.77 -9.61 -30.19 -0.52 4.62 -12.84 1.37 -0.47 9.98 1.92 -0.55 5.47 1.26 -0.30 0.09 2.58 9.63 -13.02 -10.69 13.05 1.35 -2.72 6.04 3.39 0.00 -0.00 0.00 -90.30 3.29 43.83 129.14 -53.34 -93.14 -0.00 0.00 -19.81 26.58 1.98 0.99 -7.12 0.00 -0.00 -0.01 32.20 0.00 0.00 -0.00 0.00 66.09 10.58 51.38 -129.34 53.26 -93.30 0.00 -0.00 -1.19 -25.40 22.09 -10.13 7.12 -0.00 -0.00 2.16 -5.80 1.93
9.79 17.13 -0.28 1.44 -20.89 -7.93 0.00 0.00 0.00 -18.58 6.37 -19.41 4.99 13.37 40.76 0.55 4.90 -16.60 0.09 -1.95 -5.36 0.00 0.00 0.00 18.10 -8.93 -0.95 -3.53 -11.50 34.00 -1.79 -10.43 -30.88 -0.30 3.52 -9.72 1.33 -0.32 10.61 1.78 -0.35 5.79 1.13 -0.19 0.07 1.18 8.58 -13.73 -9.10 11.73 0.97 -2.35 5.45 3.45 -0.00 -0.00 0.00 -90.64 2.67 44.06 129.02 -53.38 -93.04 -0.00 0.00 -19.74 26.27 1.89 0.93 -7.12 0.00 -0.00 -0.25 32.08 0.08 -0.00 -0.00 0.00 65.36 16.55 51.42 -126.93 54.16 -91.36 0.00 -0.00 -1.57 -25.52 19.38 -9.00 7.12 -0.00 -0.00 1.78 -8.69 1.49
9.76 17.12 -0.25 0.13 -16.80 -6.73 0.00 0.00 0.00 -17.71 3.76 -20.04 5.06 13.45 41.07 0.57 3.09 -15.71 0.11 -2.12 -5.84 0.00 0.00 0.00 19.73 -10.90 -1.22 -3.27 -11.12 32.68 -1.73 -12.35 -31.93 -0.28 3.43 -9.46 1.12 -0.10 10.66 1.38 -0.05 5.72 0.81 -0.04 -0.03 0.44 7.37 -13.54 -7.93 10.11 0.42 -1.98 4.71 3.00 -0.00 0.00 0.00 -90.25 2.51 43.61 129.06 -53.37 -93.07 -0.00 0.00 -19.40 26.67 1.81 0.91 -7.12 0.00 -0.00 0.07 32.00 -0.02 -0.00 0.00 0.00 65.16 22.46 51.47 -123.73 55.23 -88.75 0.00 -0.00 -1.56 -24.26 17.44 -7.69 7.12 -0.00 -0.00 2.43 -10.98 1.92
9.72 17.15 -0.18 0.49 -12.12 -6.23 0.00 0.00 0.00 -18.72 1.11 -19.90 4.94 13.32 40.57 0.54 1.72 -14.66 0.14 -2.38 -6.56 0.00 0.00 0.00 19.43 -13.47 -1.55 -3.09 -10.84 31.74 -1.73 -13.62 -32.93 -0.31 3.61 -9.97 -0.48 0.40 10.79 0.49 0.46 5.81 0.73 0.20 -0.01 -0.30 5.95 -13.76 -6.55 8.26 0.25 -1.53 3.85 2.78 -0.00 -0.00 0.00 -89.91 2.34 43.67 129.31 -53.27 -93.28 -0.00 0.00 -20.28 27.43 1.58 0.82 -7.12 0.00 -0.00 0.69 31.76 -0.22 -0.00 -0.00 0.00 64.58 28.44 50.66 -119.33 56.49 -85.10 0.00 -0.00 -0.89 -24.79 16.66 -7.54 7.12 -0.00 -0.00 2.01 -11.74 1.56
9.66 17.18 -0.11 -0.79 -7.43 -5.05 0.00 0.00 0.00 -17.65 -2.34 -20.14 4.83 13.19 40.09 0.49 0.12 -13.26 0.09 -1.93 -5.30 0.00 0.00 0.00 21.44 -15.96 -2.03 -2.79 -10.35 30.10 -1.82 -14.57 -34.25 -0.22 3.04 -8.40 -0.74 0.81 10.75 -0.04 0.98 5.79 0.28 0.47 -0.01 -1.72 4.18 -13.62 -4.11 5.99 -0.21 -0.66 2.83 2.37 0.00 -0.00 0.00 -89.18 2.34 43.09 129.68 -53.12 -93.57 -0.00 0.00 -19.54 25.83 1.79 0.87 -7.12 0.00 -0.00 -0.60 31.97 0.19 0.00 -0.00 0.00 64.18 34.69 49.69 -113.56 57.80 -80.25 0.00 -0.00 -1.54 -25.24 16.11 -7.45 7.12 -0.00 -0.00 1.66 -12.27 1.27
9.58 17.20 -0.05 -0.65 -2.58 -3.87 0.00 0.00 0.00 -18.15 -6.10 -20.27 4.66 12.99 39.34 0.41 -0.61 -11.90 0.19 -2.79 -7.70 0.00 0.00 0.00 22.24 -17.83 -3.69 -2.80 -10.36 30.16 -1.76 -16.38 -35.44 -0.18 2.71 -7.47 -2.09 1.54 10.81 -1.12 1.83 5.88 -0.18 0.89 0.04 -3.38 2.22 -14.36 -1.14 3.58 0.30 0.45 1.72 2.55 0.00 -0.00 0.00 -87.69 0.83 43.50 128.41 -53.62 -92.55 -0.00 0.00 -20.03 26.49 1.31 0.65 -7.12 0.00 -0.00 -0.07 31.44 0.02 0.00 -0.00 0.00 62.82 40.72 47.16 -107.14 58.86 -74.79 0.00 -0.00 -2.97 -25.20 15.50 -7.17 7.12 -0.00 -0.00 1.64 -12.95 1.23
9.49 17.20 -0.00 -0.44 2.42 -1.97 0.00 0.00 0.00 -18.43 -10.04 -21.48 4.57 12.89 38.95 0.35 -1.69 -10.75 0.30 -3.54 -9.78 0.00 0.00 0.00 23.27 -20.12 -6.35 -2.77 -10.32 30.00 -1.87 -17.06 -36.62 -0.12 2.25 -6.21 -3.38 2.27 10.98 -2.14 2.67 5.97 -0.60 1.29 0.03 -4.62 0.06 -14.59 1.30 0.82 -0.49 1.29 0.45 2.36 -0.00 0.00 0.00 -86.79 0.43 44.23 130.24 -52.90 -94.02 -0.00 0.00 -20.42 28.71 3.13 1.71 -7.12 0.00 -0.00 1.72 33.55 -0.48 -0.00 0.00 0.00 59.49 47.85 42.70 -97.31 59.80 -66.32 0.00 -0.00 -4.23 -24.88 14.73 -6.73 7.12 -0.00 -0.00 1.80 -13.82 1.32
9.38 17.20 0.05 -1.99 6.30 -0.80 0.00 0.00 0.00 -16.36 -12.56 -23.02 4.69 13.03 39.47 0.31 -3.34 -9.83 0.71 -5.39 -15.02 0.00 0.00 0.00 26.39 -22.02 -7.79 -2.52 -9.87 28.56 -1.80 -18.32 -37.35 -0.08 1.85 -5.10 -2.90 2.99 11.65 -2.84 3.66 6.43 -1.73 1.82 0.22 -5.95 -1.82 -14.97 4.64 -1.54 -1.55 2.50 -0.58 2.23 0.00 -0.00 0.00 -85.45 -1.19 43.55 129.57 -53.17 -93.49 -0.00 0.00 -20.08 25.89 1.07 0.52 -7.12 0.00 -0.00 -0.55 31.16 0.18 0.00 -0.00 0.00 54.32 55.51 36.72 -84.12 59.87 -54.91 0.00 -0.00 -3.88 -24.98 13.28 -6.11 7.12 -0.00 -0.00 1.63 -15.39 1.14
9.26 17.21 0.09 -2.58 9.44 0.72 0.00 0.00 0.00 -15.12 -14.12 -25.35 4.85 13.21 40.16 0.26 -5.12 -9.27 0.16 -2.58 -7.10 0.00 0.00 0.00 28.58 -23.46 -10.15 -2.39 -9.63 27.79 -1.73 -18.96 -37.59 -0.08 1.81 -4.97 -3.23 3.85 12.65 -3.73 4.71 6.68 -2.66 2.36 0.01 -7.01 -3.77 -14.86 8.15 -3.99 -2.95 3.38 -1.68 1.80 -0.00 0.00 0.00 -84.93 -0.96 43.00 130.98 -52.59 -94.61 -0.00 0.00 -20.01 25.26 2.07 0.98 -7.12 0.00 -0.00 -1.07 32.27 0.33 -0.00 0.00 0.00 44.47 63.55 26.62 -67.17 57.94 -40.37 0.00 -0.00 -4.38 -25.34 14.42 -6.73 7.12 -0.00 -0.00 1.46 -14.10 1.06
9.17 17.19 0.16 -3.73 11.29 1.82 0.00 0.00 0.00 -13.29 -14.65 -27.59 5.12 13.52 41.34 0.24 -6.53 -9.28 0.13 -2.34 -6.44 0.00 0.00 0.00 30.91 -25.35 -11.97 -2.25 -9.36 26.93 -1.94 -17.75 -37.59 -0.00 0.38 -1.06 -3.04 4.72 13.37 -4.43 5.86 7.12 -3.68 2.95 0.21 -7.23 -5.46 -14.97 10.59 -6.14 -4.54 4.03 -2.69 1.61 0.00 0.00 0.00 -84.44 -1.60 41.87 130.93 -52.61 -94.57 -0.00 0.00 -20.00 26.31 1.31 0.65 -7.12 0.00 -0.00 -0.21 31.44 0.07 0.00 0.00 0.00 24.87 70.99 7.37 -50.30 53.12 -26.42 0.00 -0.00 -6.61 -24.97 17.23 -7.85 7.12 -0.00 -0.00 1.94 -11.10 1.53
9.09 17.16 0.20 -5.15 12.83 3.10 0.00 0.00 0.00 -11.03 -15.43 -30.44 5.50 13.93 42.94 0.26 -7.26 -9.70 0.18 -2.73 -7.52 0.00 0.00 0.00 33.69 -26.48 -14.10 -2.14 -9.16 26.30 -1.85 -17.27 -36.70 -0.05 1.46 -4.01 -2.13 5.70 14.10 -4.68 7.24 7.52 -4.66 3.69 0.47 -11.13 -6.55 -17.42 15.38 -6.88 -3.96 6.06 -2.76 2.61 0.00 -0.00 0.00 -84.71 -2.59 41.65 130.26 -52.89 -94.03 -0.00 0.00 -19.91 25.82 2.40 1.16 -7.12 0.00 -0.00 -0.62 32.64 0.19 0.00 -0.00 0.00 -8.90 73.03 -24.09 -36.31 45.72 -15.74 0.00 -0.00 -7.02 -25.80 12.78 -6.10 7.12 -0.00 -0.00 1.03 -15.84 0.71
9.01 17.12 0.22 -5.76 14.07 4.66 0.00 0.00 0.00 -9.53 -16.44 -33.13 5.71 14.14 43.81 0.23 -7.75 -9.37 0.16 -2.61 -7.19 0.00 0.00 0.00 35.66 -27.06 -17.19 -2.28 -9.43 27.15 -1.82 -17.10 -36.40 -0.10 2.04 -5.61 -1.63 6.50 14.88 -5.22 8.32 7.76 -5.73 4.27 0.55 -7.61 -8.32 -13.94 12.85 -9.57 -9.48 4.64 -4.44 0.45 0.00 -0.00 0.00 -85.02 -2.97 41.03 129.28 -53.28 -93.25 -0.00 0.00 -19.73 25.45 2.00 0.95 -7.12 0.00 -0.00 -0.91 32.20 0.29 0.00 -0.00 0.00 -36.48 69.89 -49.67 -25.05 36.25 -8.32 0.00 -0.00 -6.87 -26.81 16.25 -8.05 7.12 -0.00 -0.00 0.63 -11.90 0.49
8.94 17.10 0.26 -6.00 15.74 6.24 0.00 0.00 0.00 -8.43 -17.69 -35.59 5.91 14.34 44.61 0.19 -8.25 -9.10 0.08 -1.83 -5.04 0.00 0.00 0.00 37.62 -28.16 -20.10 -2.30 -9.46 27.23 -1.93 -16.67 -36.56 -0.10 2.01 -5.53 -1.85 6.95 15.52 -5.55 8.84 7.79 -6.11 4.54 0.33 -8.83 -9.23 -13.98 14.78 -10.47 -10.56 5.38 -4.85 0.43 -0.00 -0.00 0.00 -85.61 -2.59 40.60 129.29 -53.28 -93.26 -0.00 0.00 -19.85 25.65 3.31 1.59 -7.12 0.00 -0.00 -0.79 33.65 0.22 -0.00 -0.00 0.00 -50.63 66.02 -63.31 -17.30 27.26 -4.23 0.00 -0.00 -4.38 -26.70 16.47 -8.12 7.12 -0.00 -0.00 0.73 -11.67 0.57
8.91 17.09 0.33 -5.57 16.92 7.29 0.00 0.00 0.00 -8.47 -18.49 -36.52 5.92 14.35 44.65 0.16 -8.53 -8.75 0.06 -1.52 -4.18 0.00 0.00 0.00 38.06 -28.37 -21.59 -2.35 -9.56 27.57 -2.00 -16.61 -36.88 -0.12 2.19 -6.03 -2.60 7.13 15.80 -6.01 8.99 8.31 -6.21 4.62 0.73 -9.27 -9.57 -13.73 15.87 -10.70 -12.13 5.81 -4.98 0.07 -0.00 0.00 0.00 -86.42 -1.26 39.34 129.75 -53.10 -93.62 -0.00 0.00 -19.43 24.36 3.09 1.40 -7.12 0.00 -0.00 -1.83 33.36 0.52 -0.00 0.00 0.00 -59.32 63.74 -76.90 -13.30 21.72 -2.56 0.00 0.00 0.25 -24.29 16.34 -7.24 7.12 -0.00 -0.00 2.31 -12.16 1.78
8.87 17.08 0.39 -6.06 18.23 7.35 0.00 0.00 0.00 -7.69 -19.17 -36.93 5.99 14.42 44.95 0.15 -9.13 -8.81 0.10 -1.99 -5.47 0.00 0.00 0.00 39.16 -28.36 -21.73 -2.28 -9.43 27.15 -1.91 -17.82 -37.49 -0.13 2.33 -6.41 -2.48 7.00 16.48 -6.14 8.83 8.64 -6.46 4.55 0.77 -9.34 -9.56 -13.63 16.45 -10.61 -12.58 6.03 -4.95 -0.04 -0.00 0.00 0.00 -86.91 0.07 38.27 130.06 -52.97 -93.87 -0.00 0.00 -20.21 24.73 3.32 1.53 -7.12 0.00 -0.00 -1.54 33.63 0.43 -0.00 0.00 0.00 -60.72 62.82 -80.99 -12.47 20.50 -2.26 0.00 0.00 1.88 -27.86 18.26 -9.40 7.12 -0.00 -0.00 0.15 -9.52 0.13
8.87 17.08 0.43 -6.38 18.93 7.36 0.00 0.00 0.00 -7.28 -19.47 -37.23 6.04 14.47 45.16 0.12 -9.50 -8.66 0.07 -1.76 -4.84 0.00 0.00 0.00 39.68 -28.40 -21.66 -2.21 -9.30 26.73 -1.82 -18.17 -37.35 -0.09 1.97 -5.42 -2.54 6.69 16.70 -6.19 8.41 8.88 -6.44 4.35 0.87 -8.86 -9.24 -13.13 15.86 -10.26 -12.97 5.83 -4.82 -0.34 -0.00 0.00 0.00 -87.61 1.29 37.24 129.75 -53.09 -93.63 -0.00 0.00 -19.65 25.36 3.27 1.55 -7.12 0.00 -0.00 -1.03 33.59 0.29 -0.00 0.00 0.00 -59.19 63.15 -78.27 -13.58 22.13 -2.67 0.00 0.00 0.10 -30.30 19.63 -11.11 7.12 -0.00 -0.00 -1.25 -7.54 -1.07
8.89 17.07 0.46 -6.12 18.55 7.39 0.00 0.00 0.00 -7.74 -19.02 -36.81 6.02 14.45 45.05 0.14 -9.52 -8.82 0.14 -2.39 -6.57 0.00 0.00 0.00 38.93 -27.44 -21.24 -2.35 -9.57 27.59 -2.07 -17.65 -38.13 -0.03 1.15 -3.17 -3.01 6.66 16.57 -6.62 8.33 8.94 -6.61 4.31 1.00 -8.84 -9.03 -12.74 15.81 -10.04 -12.75 5.84 -4.73 -0.37 -0.00 -0.00 0.00 -87.64 1.96 36.65 129.31 -53.27 -93.28 -0.00 0.00 -19.40 24.09 3.00 1.34 -7.12 0.00 -0.00 -2.05 33.26 0.59 -0.00 -0.00 0.00 -54.04 64.45 -73.15 -15.85 25.32 -3.58 0.00 -0.00 -2.67 -30.26 19.94 -11.25 7.12 -0.00 -0.00 -1.18 -7.20 -1.02
8.93 17.09 0.49 -6.53 17.80 6.68 0.00 0.00 0.00 -7.68 -18.51 -35.97 6.05 14.48 45.19 0.18 -9.40 -9.41 0.13 -2.35 -6.47 0.00 0.00 0.00 38.46 -27.30 -19.56 -2.24 -9.35 26.91 -2.05 -17.05 -37.51 -0.03 1.12 -3.07 -2.56 6.57 16.80 -6.79 8.23 8.81 -7.06 4.28 0.82 -8.06 -8.60 -12.74 15.14 -9.66 -12.02 5.51 -4.55 -0.28 -0.00 -0.00 0.00 -87.01 2.78 36.47 129.80 -53.08 -93.67 -0.00 0.00 -19.95 22.85 2.42 1.02 -7.12 0.00 -0.00 -3.03 32.59 0.92 -0.00 -0.00 0.00 -46.71 67.35 -67.12 -19.07 29.51 -5.07 0.00 -0.00 -5.06 -31.05 21.15 -12.26 7.12 -0.00 -0.00 -1.50 -5.69 -1.35
8.98 17.11 0.49 -6.21 16.59 6.40 0.00 0.00 0.00 -8.32 -18.46 -35.02 6.01 14.44 45.02 0.26 -8.14 -10.04 0.21 -2.98 -8.23 0.00 0.00 0.00 37.30 -26.82 -18.47 -2.24 -9.35 26.90 -1.98 -16.70 -36.85 -0.04 1.24 -3.41 -2.87 6.61 17.24 -6.92 8.13 8.13 -7.12 4.19 -0.17 -8.15 -8.35 -12.71 14.53 -9.44 -10.99 5.33 -4.42 -0.05 0.00 -0.00 0.00 -86.73 3.58 37.10 128.88 -53.44 -92.93 -0.00 0.00 -19.57 25.91 2.71 1.32 -7.12 0.00 -0.00 -0.56 33.00 0.16 0.00 -0.00 0.00 -31.48 69.82 -51.57 -24.64 35.83 -8.08 0.00 -0.00 -7.90 -31.85 20.17 -12.09 7.12 -0.00 -0.00 -2.15 -6.61 -1.89
9.05 17.12 0.46 -6.40 15.18 5.97 0.00 0.00 0.00 -8.50 -18.28 -33.98 5.94 14.37 44.74 0.33 -6.76 -10.57 0.33 -3.70 -10.24 0.00 0.00 0.00 36.58 -26.41 -17.68 -2.30 -9.47 27.28 -1.95 -16.14 -36.25 -0.06 1.54 -4.25 -2.85 6.49 16.54 -6.41 8.04 8.18 -6.48 4.13 0.15 -7.20 -7.93 -12.30 12.81 -8.97 -12.10 4.73 -4.25 -0.65 0.00 0.00 0.00 -87.25 3.09 37.54 128.16 -53.71 -92.35 -0.00 0.00 -19.75 24.13 1.89 0.85 -7.12 0.00 -0.00 -1.97 32.04 0.62 0.00 0.00 0.00 -16.74 71.13 -36.57 -31.28 41.97 -12.26 0.00 -0.00 -10.51 -32.09 20.48 -12.38 7.12 -0.00 -0.00 -2.25 -6.20 -2.00
9.12 17.15 0.43 -5.62 13.20 5.52 0.00 0.00 0.00 -9.80 -17.43 -32.77 5.79 14.22 44.12 0.34 -5.73 -10.52 0.12 -2.21 -6.09 0.00 0.00 0.00 34.80 -25.84 -16.56 -2.33 -9.53 27.46 -1.86 -16.42 -36.00 -0.10 2.09 -5.74 -3.52 6.50 16.02 -6.33 7.99 8.32 -5.94 4.08 0.46 -7.12 -7.77 -12.70 12.91 -8.71 -12.46 4.76 -4.12 -0.72 0.00 -0.00 0.00 -87.17 2.25 38.14 128.32 -53.65 -92.48 -0.00 0.00 -20.22 24.31 3.13 1.41 -7.12 0.00 -0.00 -1.88 33.41 0.53 0.00 -0.00 0.00 1.66 71.19 -18.76 -39.02 47.48 -17.72 0.00 -0.00 -10.40 -32.88 22.61 -13.96 7.12 -0.00 -0.00 -2.40 -3.62 -2.25
